venue,state,date,fy,type,servings_sales,servings_lower_90,servings_upper_90,multiplier,atp,transactions,retail_sales,pos_discounts,weather_temp_max,weather_precip_mm,weather_gusts_kmh,weather_extreme_event,public_holiday,cluster,cluster_type,model
Yo-Chi Albert St,QLD,2025-07-01,FY 2026,actual,17959.13,,,,13.8467,1297.0,0.0,-587.52,18.2,0.3,44.6,0,,BRIS,CORE Cluster,
Yo-Chi Albert St,QLD,2025-07-02,FY 2026,actual,16033.85,,,,12.6951,1263.0,110.55,-521.92,16.9,0.0,67.7,0,,BRIS,CORE Cluster,
Yo-Chi Albert St,QLD,2025-07-03,FY 2026,actual,16504.28,,,,12.6373,1306.0,29.36,-622.78,18.5,0.0,66.2,0,,BRIS,CORE Cluster,
Yo-Chi Albert St,QLD,2025-07-04,FY 2026,actual,20148.44,,,,13.7064,1470.0,57.0,-432.93,19.3,0.0,43.6,0,,BRIS,CORE Cluster,
Yo-Chi Albert St,QLD,2025-07-05,FY 2026,actual,20157.82,,,,15.0882,1336.0,38.0,-306.83,21.0,0.0,25.9,0,,BRIS,CORE Cluster,
Yo-Chi Albert St,QLD,2025-07-06,FY 2026,actual,18335.49,,,,14.0072,1309.0,57.0,-396.59,22.9,3.2,27.7,0,,BRIS,CORE Cluster,
Yo-Chi Albert St,QLD,2025-07-07,FY 2026,actual,17699.74,,,,13.0529,1356.0,8.64,-476.85,20.2,4.1,32.4,0,,BRIS,CORE Cluster,
Yo-Chi Albert St,QLD,2025-07-08,FY 2026,actual,18330.33,,,,13.3409,1374.0,69.09,-570.65,20.8,0.0,25.2,0,,BRIS,CORE Cluster,
Yo-Chi Albert St,QLD,2025-07-09,FY 2026,actual,18224.8,,,,13.1303,1388.0,43.18,-456.73,23.9,0.0,20.5,0,,BRIS,CORE Cluster,
Yo-Chi Albert St,QLD,2025-07-10,FY 2026,actual,18411.05,,,,13.3996,1374.0,43.18,-584.99,22.0,0.2,42.1,0,,BRIS,CORE Cluster,
Yo-Chi Albert St,QLD,2025-07-11,FY 2026,actual,19965.45,,,,13.2134,1511.0,82.91,-554.56,19.3,0.0,43.2,0,,BRIS,CORE Cluster,
Yo-Chi Albert St,QLD,2025-07-12,FY 2026,actual,20716.69,,,,14.5892,1420.0,44.91,-471.21,19.5,0.0,29.5,0,,BRIS,CORE Cluster,
Yo-Chi Albert St,QLD,2025-07-13,FY 2026,actual,17974.98,,,,14.1424,1271.0,101.91,-374.27,20.5,0.0,20.5,0,,BRIS,CORE Cluster,
Yo-Chi Albert St,QLD,2025-07-14,FY 2026,actual,13670.54,,,,13.1448,1040.0,65.64,-337.87,21.6,0.0,29.5,0,,BRIS,CORE Cluster,
Yo-Chi Albert St,QLD,2025-07-15,FY 2026,actual,11873.35,,,,11.6634,1018.0,140.27,-499.49,21.9,0.0,22.3,0,,BRIS,CORE Cluster,
Yo-Chi Albert St,QLD,2025-07-16,FY 2026,actual,13430.95,,,,11.7301,1145.0,208.59,-414.84,21.5,0.0,19.1,0,,BRIS,CORE Cluster,
Yo-Chi Albert St,QLD,2025-07-17,FY 2026,actual,14385.71,,,,12.306,1169.0,206.09,-408.32,21.5,0.8,22.0,0,,BRIS,CORE Cluster,
Yo-Chi Albert St,QLD,2025-07-18,FY 2026,actual,16210.68,,,,13.4083,1209.0,168.27,-482.83,19.5,15.1,34.6,0,,BRIS,CORE Cluster,
Yo-Chi Albert St,QLD,2025-07-19,FY 2026,actual,19606.38,,,,13.7685,1424.0,117.82,-529.75,20.0,0.0,29.5,0,,BRIS,CORE Cluster,
Yo-Chi Albert St,QLD,2025-07-20,FY 2026,actual,17428.62,,,,13.284,1312.0,144.18,-641.78,20.7,0.1,28.1,0,,BRIS,CORE Cluster,
Yo-Chi Albert St,QLD,2025-07-21,FY 2026,actual,11669.51,,,,11.5884,1007.0,116.09,-401.99,20.4,0.1,31.7,0,,BRIS,CORE Cluster,
Yo-Chi Albert St,QLD,2025-07-22,FY 2026,actual,14201.87,,,,11.4531,1240.0,70.59,-575.98,21.2,0.0,22.3,0,,BRIS,CORE Cluster,
Yo-Chi Albert St,QLD,2025-07-23,FY 2026,actual,10985.55,,,,11.6868,940.0,200.91,-335.55,21.6,8.7,32.0,0,,BRIS,CORE Cluster,
Yo-Chi Albert St,QLD,2025-07-24,FY 2026,actual,12489.1,,,,11.607,1076.0,227.18,-430.14,18.4,0.0,41.4,0,,BRIS,CORE Cluster,
Yo-Chi Albert St,QLD,2025-07-25,FY 2026,actual,17495.24,,,,12.2003,1434.0,252.41,-506.65,19.1,0.0,24.8,0,,BRIS,CORE Cluster,
Yo-Chi Albert St,QLD,2025-07-26,FY 2026,actual,15256.88,,,,12.9077,1182.0,237.41,-442.49,20.4,18.3,29.5,0,,BRIS,CORE Cluster,
Yo-Chi Albert St,QLD,2025-07-27,FY 2026,actual,19222.39,,,,13.2935,1446.0,294.14,-476.95,19.8,1.4,41.8,0,,BRIS,CORE Cluster,
Yo-Chi Albert St,QLD,2025-07-28,FY 2026,actual,12729.62,,,,11.7867,1080.0,108.41,-437.78,18.5,0.0,50.0,0,,BRIS,CORE Cluster,
Yo-Chi Albert St,QLD,2025-07-29,FY 2026,actual,15000.55,,,,11.7467,1277.0,95.18,-627.44,19.4,0.0,23.8,0,,BRIS,CORE Cluster,
Yo-Chi Albert St,QLD,2025-07-30,FY 2026,actual,14732.43,,,,12.464,1182.0,193.05,-378.52,23.6,2.6,45.7,0,,BRIS,CORE Cluster,
Yo-Chi Albert St,QLD,2025-07-31,FY 2026,actual,15739.98,,,,13.7467,1145.0,173.86,-512.65,18.5,0.0,43.9,0,,BRIS,CORE Cluster,
Yo-Chi Albert St,QLD,2025-08-01,FY 2026,actual,17604.16,,,,13.1669,1337.0,153.14,-534.65,18.5,1.5,25.6,0,,BRIS,CORE Cluster,
Yo-Chi Albert St,QLD,2025-08-02,FY 2026,actual,18590.89,,,,13.7101,1356.0,53.05,-455.05,16.9,0.9,47.5,0,,BRIS,CORE Cluster,
Yo-Chi Albert St,QLD,2025-08-03,FY 2026,actual,16485.62,,,,13.2949,1240.0,93.45,-410.59,20.4,1.0,54.7,0,,BRIS,CORE Cluster,
Yo-Chi Albert St,QLD,2025-08-04,FY 2026,actual,13561.19,,,,12.1625,1115.0,126.27,-332.29,21.9,0.0,38.5,0,,BRIS,CORE Cluster,
Yo-Chi Albert St,QLD,2025-08-05,FY 2026,actual,14019.27,,,,11.6054,1208.0,132.41,-656.66,23.1,0.0,31.0,0,,BRIS,CORE Cluster,
Yo-Chi Albert St,QLD,2025-08-06,FY 2026,actual,16482.92,,,,11.4784,1436.0,126.91,-524.36,22.5,0.0,20.9,0,,BRIS,CORE Cluster,
Yo-Chi Albert St,QLD,2025-08-07,FY 2026,actual,13946.4,,,,11.9609,1166.0,70.23,-309.02,21.2,0.0,35.6,0,,BRIS,CORE Cluster,
Yo-Chi Albert St,QLD,2025-08-08,FY 2026,actual,17113.94,,,,12.3122,1390.0,127.23,-467.71,19.4,4.5,41.4,0,,BRIS,CORE Cluster,
Yo-Chi Albert St,QLD,2025-08-09,FY 2026,actual,18026.61,,,,13.1581,1370.0,74.45,-580.63,19.3,2.7,44.6,0,,BRIS,CORE Cluster,
Yo-Chi Albert St,QLD,2025-08-10,FY 2026,actual,17286.74,,,,12.6829,1363.0,90.95,-533.76,20.2,0.4,41.4,0,,BRIS,CORE Cluster,
Yo-Chi Albert St,QLD,2025-08-11,FY 2026,actual,13043.19,,,,11.7506,1110.0,84.82,-309.96,20.1,0.2,31.3,0,,BRIS,CORE Cluster,
Yo-Chi Albert St,QLD,2025-08-12,FY 2026,actual,13201.36,,,,11.8717,1112.0,187.68,-551.59,20.6,0.0,22.0,0,,BRIS,CORE Cluster,
Yo-Chi Albert St,QLD,2025-08-13,FY 2026,actual,16401.1,,,,13.7593,1192.0,84.64,-325.64,19.4,1.3,22.7,0,The Royal Queensland Show,BRIS,CORE Cluster,
Yo-Chi Albert St,QLD,2025-08-14,FY 2026,actual,11346.52,,,,11.9689,948.0,46.64,-312.13,18.9,3.9,23.4,0,,BRIS,CORE Cluster,
Yo-Chi Albert St,QLD,2025-08-15,FY 2026,actual,16572.24,,,,12.699,1305.0,122.59,-448.61,20.4,0.5,26.3,0,,BRIS,CORE Cluster,
Yo-Chi Albert St,QLD,2025-08-16,FY 2026,actual,19008.56,,,,13.7345,1384.0,106.5,-438.56,22.0,0.0,31.7,0,,BRIS,CORE Cluster,
Yo-Chi Albert St,QLD,2025-08-17,FY 2026,actual,16486.76,,,,13.6254,1210.0,50.36,-401.93,20.1,0.0,31.7,0,,BRIS,CORE Cluster,
Yo-Chi Albert St,QLD,2025-08-18,FY 2026,actual,11288.63,,,,11.933,946.0,46.91,-369.47,19.0,0.0,29.5,0,,BRIS,CORE Cluster,
Yo-Chi Albert St,QLD,2025-08-19,FY 2026,actual,12579.98,,,,12.3092,1022.0,48.36,-602.93,16.5,2.6,28.4,0,,BRIS,CORE Cluster,
Yo-Chi Albert St,QLD,2025-08-20,FY 2026,actual,11302.27,,,,11.9474,946.0,31.64,-378.09,16.5,19.6,28.4,0,,BRIS,CORE Cluster,
Yo-Chi Albert St,QLD,2025-08-21,FY 2026,actual,10731.25,,,,12.2503,876.0,55.73,-363.11,20.1,12.2,33.1,0,,BRIS,CORE Cluster,
Yo-Chi Albert St,QLD,2025-08-22,FY 2026,actual,16702.05,,,,12.4549,1341.0,19.0,-371.21,23.5,0.7,21.6,0,,BRIS,CORE Cluster,
Yo-Chi Albert St,QLD,2025-08-23,FY 2026,actual,21037.29,,,,13.8768,1516.0,63.91,-513.15,23.4,0.0,37.1,0,,BRIS,CORE Cluster,
Yo-Chi Albert St,QLD,2025-08-24,FY 2026,actual,17680.95,,,,13.1947,1340.0,101.27,-494.96,23.2,0.0,25.9,0,,BRIS,CORE Cluster,
Yo-Chi Albert St,QLD,2025-08-25,FY 2026,actual,11407.75,,,,12.123,941.0,72.82,-292.99,22.5,0.1,29.9,0,,BRIS,CORE Cluster,
Yo-Chi Albert St,QLD,2025-08-26,FY 2026,actual,13878.98,,,,11.5755,1199.0,139.55,-689.53,22.5,0.1,27.0,0,,BRIS,CORE Cluster,
Yo-Chi Albert St,QLD,2025-08-27,FY 2026,actual,12912.15,,,,12.3917,1042.0,25.91,-462.61,26.4,0.0,35.3,0,,BRIS,CORE Cluster,
Yo-Chi Albert St,QLD,2025-08-28,FY 2026,actual,14047.91,,,,12.599,1115.0,98.09,-401.89,24.2,0.0,40.7,0,,BRIS,CORE Cluster,
Yo-Chi Albert St,QLD,2025-08-29,FY 2026,actual,18610.07,,,,12.8523,1448.0,131.0,-559.56,23.0,0.0,37.1,0,,BRIS,CORE Cluster,
Yo-Chi Albert St,QLD,2025-08-30,FY 2026,actual,18532.15,,,,13.9654,1327.0,77.64,-565.05,19.0,0.0,61.9,0,,BRIS,CORE Cluster,
Yo-Chi Albert St,QLD,2025-08-31,FY 2026,actual,14982.75,,,,13.8601,1081.0,55.27,-318.49,21.4,0.0,32.8,0,,BRIS,CORE Cluster,
Yo-Chi Albert St,QLD,2025-09-01,FY 2026,actual,10652.71,,,,12.3153,865.0,43.18,-215.15,20.4,0.5,23.8,0,,BRIS,CORE Cluster,
Yo-Chi Albert St,QLD,2025-09-02,FY 2026,actual,15177.54,,,,12.4,1224.0,67.27,-894.88,22.0,3.6,26.6,0,,BRIS,CORE Cluster,
Yo-Chi Albert St,QLD,2025-09-03,FY 2026,actual,12059.31,,,,12.2181,987.0,84.82,-382.0,23.2,0.0,27.7,0,,BRIS,CORE Cluster,
Yo-Chi Albert St,QLD,2025-09-04,FY 2026,actual,13818.21,,,,12.6425,1093.0,81.09,-323.76,23.5,0.0,19.8,0,,BRIS,CORE Cluster,
Yo-Chi Albert St,QLD,2025-09-05,FY 2026,actual,22071.3,,,,13.304,1659.0,59.27,-625.33,24.9,0.8,34.6,0,,BRIS,CORE Cluster,
Yo-Chi Albert St,QLD,2025-09-06,FY 2026,actual,22214.68,,,,14.6922,1512.0,75.91,-441.95,21.0,0.4,40.0,0,,BRIS,CORE Cluster,
Yo-Chi Albert St,QLD,2025-09-07,FY 2026,actual,17105.76,,,,14.4964,1180.0,120.82,-448.74,21.5,0.0,31.7,0,,BRIS,CORE Cluster,
Yo-Chi Albert St,QLD,2025-09-08,FY 2026,actual,11517.12,,,,12.022,958.0,34.55,-296.16,23.4,0.0,33.8,0,,BRIS,CORE Cluster,
Yo-Chi Albert St,QLD,2025-09-09,FY 2026,actual,13389.87,,,,12.5726,1065.0,39.73,-379.85,27.1,0.0,25.2,0,,BRIS,CORE Cluster,
Yo-Chi Albert St,QLD,2025-09-10,FY 2026,actual,12451.06,,,,12.4386,1001.0,60.27,-493.16,27.4,0.0,30.6,0,,BRIS,CORE Cluster,
Yo-Chi Albert St,QLD,2025-09-11,FY 2026,actual,11986.17,,,,11.9862,1000.0,15.45,-299.31,21.0,0.2,57.2,0,,BRIS,CORE Cluster,
Yo-Chi Albert St,QLD,2025-09-12,FY 2026,actual,17160.95,,,,13.08,1312.0,8.64,-415.31,22.8,0.4,30.6,0,,BRIS,CORE Cluster,
Yo-Chi Albert St,QLD,2025-09-13,FY 2026,actual,18745.0,,,,14.4081,1301.0,27.64,-395.86,21.0,1.0,32.0,0,,BRIS,CORE Cluster,
Yo-Chi Albert St,QLD,2025-09-14,FY 2026,actual,18061.02,,,,14.2888,1264.0,69.36,-425.06,22.4,0.1,26.6,0,,BRIS,CORE Cluster,
Yo-Chi Albert St,QLD,2025-09-15,FY 2026,actual,11902.63,,,,12.0107,991.0,50.36,-383.75,22.9,0.0,30.2,0,,BRIS,CORE Cluster,
Yo-Chi Albert St,QLD,2025-09-16,FY 2026,actual,13826.14,,,,11.8883,1163.0,62.18,-319.38,23.5,0.0,35.3,0,,BRIS,CORE Cluster,
Yo-Chi Albert St,QLD,2025-09-17,FY 2026,actual,14990.44,,,,13.0352,1150.0,43.45,-444.25,28.5,0.1,28.1,0,,BRIS,CORE Cluster,
Yo-Chi Albert St,QLD,2025-09-18,FY 2026,actual,14846.23,,,,12.4445,1193.0,44.82,-360.34,27.7,0.0,34.9,0,,BRIS,CORE Cluster,
Yo-Chi Albert St,QLD,2025-09-19,FY 2026,actual,18920.47,,,,13.3055,1422.0,124.91,-489.06,26.8,0.2,34.6,0,,BRIS,CORE Cluster,
Yo-Chi Albert St,QLD,2025-09-20,FY 2026,actual,18029.83,,,,14.0858,1280.0,75.36,-448.32,23.7,0.2,36.0,0,,BRIS,CORE Cluster,
Yo-Chi Albert St,QLD,2025-09-21,FY 2026,actual,18303.63,,,,14.0473,1303.0,125.91,-377.62,26.3,0.0,36.4,0,,BRIS,CORE Cluster,
Yo-Chi Albert St,QLD,2025-09-22,FY 2026,actual,17118.38,,,,13.5968,1259.0,25.91,-406.86,28.8,0.0,27.7,0,,BRIS,CORE Cluster,
Yo-Chi Albert St,QLD,2025-09-23,FY 2026,actual,17814.3,,,,13.1665,1353.0,17.27,-691.15,23.9,0.2,43.6,0,,BRIS,CORE Cluster,
Yo-Chi Albert St,QLD,2025-09-24,FY 2026,actual,18367.42,,,,13.8622,1325.0,80.0,-511.67,25.0,0.0,29.5,0,,BRIS,CORE Cluster,
Yo-Chi Albert St,QLD,2025-09-25,FY 2026,actual,19400.32,,,,13.8475,1401.0,51.82,-464.46,27.7,0.0,30.6,0,,BRIS,CORE Cluster,
Yo-Chi Albert St,QLD,2025-09-26,FY 2026,actual,21850.98,,,,14.0702,1553.0,67.91,-603.15,27.6,0.0,34.2,0,,BRIS,CORE Cluster,
Yo-Chi Albert St,QLD,2025-09-27,FY 2026,actual,21340.46,,,,15.265,1398.0,68.18,-452.92,27.2,0.0,38.5,0,,BRIS,CORE Cluster,
Yo-Chi Albert St,QLD,2025-09-28,FY 2026,actual,19705.64,,,,14.4152,1367.0,97.18,-468.14,29.0,0.0,36.0,0,,BRIS,CORE Cluster,
Yo-Chi Albert St,QLD,2025-09-29,FY 2026,actual,18870.96,,,,13.7343,1374.0,126.91,-849.02,30.9,0.0,35.3,0,,BRIS,CORE Cluster,
Yo-Chi Albert St,QLD,2025-09-30,FY 2026,actual,17539.08,,,,13.1774,1331.0,67.0,-910.92,27.6,0.1,36.0,0,,BRIS,CORE Cluster,
Yo-Chi Albert St,QLD,2025-10-01,FY 2026,actual,19136.93,,,,14.0095,1366.0,53.82,-849.46,28.5,0.2,32.8,0,,BRIS,CORE Cluster,
Yo-Chi Albert St,QLD,2025-10-02,FY 2026,actual,18930.31,,,,14.0955,1343.0,19.0,-718.41,32.8,0.0,36.4,0,,BRIS,CORE Cluster,
Yo-Chi Albert St,QLD,2025-10-03,FY 2026,actual,20425.19,,,,13.8476,1475.0,97.27,-559.58,28.6,0.0,40.7,0,,BRIS,CORE Cluster,
Yo-Chi Albert St,QLD,2025-10-04,FY 2026,actual,19636.56,,,,14.5241,1352.0,101.0,-752.38,26.5,0.0,39.2,0,,BRIS,CORE Cluster,
Yo-Chi Albert St,QLD,2025-10-05,FY 2026,actual,19096.44,,,,14.489,1318.0,63.91,-667.99,28.0,0.0,34.6,0,,BRIS,CORE Cluster,
Yo-Chi Albert St,QLD,2025-10-06,FY 2026,actual,19710.15,,,,15.4832,1273.0,39.73,-408.97,32.2,0.0,38.5,0,King's Birthday,BRIS,CORE Cluster,
Yo-Chi Albert St,QLD,2025-10-07,FY 2026,actual,14272.7,,,,12.5419,1138.0,29.91,-793.88,32.5,0.0,36.7,0,,BRIS,CORE Cluster,
Yo-Chi Albert St,QLD,2025-10-08,FY 2026,actual,14345.03,,,,12.8425,1117.0,20.73,-532.75,30.6,0.0,40.7,0,,BRIS,CORE Cluster,
Yo-Chi Albert St,QLD,2025-10-09,FY 2026,actual,14340.13,,,,12.4588,1151.0,59.27,-689.05,30.4,0.0,47.5,0,,BRIS,CORE Cluster,
Yo-Chi Albert St,QLD,2025-10-10,FY 2026,actual,17725.02,,,,13.3673,1326.0,59.27,-735.73,29.4,0.0,40.7,0,,BRIS,CORE Cluster,
Yo-Chi Albert St,QLD,2025-10-11,FY 2026,actual,19584.55,,,,14.1405,1385.0,72.55,-462.64,32.8,0.0,41.0,0,,BRIS,CORE Cluster,
Yo-Chi Albert St,QLD,2025-10-12,FY 2026,actual,16912.94,,,,14.3209,1181.0,41.73,-664.97,33.2,1.6,33.8,0,,BRIS,CORE Cluster,
Yo-Chi Albert St,QLD,2025-10-13,FY 2026,actual,11743.21,,,,12.5328,937.0,81.73,-295.95,29.3,8.8,36.0,0,,BRIS,CORE Cluster,
Yo-Chi Albert St,QLD,2025-10-14,FY 2026,actual,12521.29,,,,12.1213,1033.0,84.32,-488.64,25.9,2.6,33.1,0,,BRIS,CORE Cluster,
Yo-Chi Albert St,QLD,2025-10-15,FY 2026,actual,13565.12,,,,12.3319,1100.0,31.09,-661.29,26.4,1.8,37.8,0,,BRIS,CORE Cluster,
Yo-Chi Albert St,QLD,2025-10-16,FY 2026,actual,15223.79,,,,12.179,1250.0,62.18,-788.4,26.0,0.0,33.1,0,,BRIS,CORE Cluster,
Yo-Chi Albert St,QLD,2025-10-17,FY 2026,actual,18954.06,,,,12.6868,1494.0,24.45,-781.82,27.5,0.0,38.2,0,,BRIS,CORE Cluster,
Yo-Chi Albert St,QLD,2025-10-18,FY 2026,actual,19512.0,,,,13.3188,1465.0,92.64,-571.82,33.2,3.3,38.5,0,,BRIS,CORE Cluster,
Yo-Chi Albert St,QLD,2025-10-19,FY 2026,actual,18041.4,,,,13.2075,1366.0,60.45,-602.07,28.2,0.6,40.7,0,,BRIS,CORE Cluster,
Yo-Chi Albert St,QLD,2025-10-20,FY 2026,actual,13425.19,,,,11.8702,1131.0,81.18,-472.14,28.8,0.0,33.1,0,,BRIS,CORE Cluster,
Yo-Chi Albert St,QLD,2025-10-21,FY 2026,actual,14036.26,,,,11.9458,1175.0,36.27,-507.7,31.0,0.0,34.6,0,,BRIS,CORE Cluster,
Yo-Chi Albert St,QLD,2025-10-22,FY 2026,actual,15294.84,,,,12.1195,1262.0,74.82,-456.59,29.5,0.0,39.6,0,,BRIS,CORE Cluster,
Yo-Chi Albert St,QLD,2025-10-23,FY 2026,actual,16525.0,,,,12.4529,1327.0,129.91,-480.37,34.7,1.2,42.1,0,,BRIS,CORE Cluster,
Yo-Chi Albert St,QLD,2025-10-24,FY 2026,actual,17632.49,,,,12.8987,1367.0,84.77,-345.21,32.7,0.0,40.7,0,,BRIS,CORE Cluster,
Yo-Chi Albert St,QLD,2025-10-25,FY 2026,actual,19176.94,,,,14.2686,1344.0,126.95,-499.0,27.9,0.0,36.4,0,,BRIS,CORE Cluster,
Yo-Chi Albert St,QLD,2025-10-26,FY 2026,actual,15536.25,,,,13.4863,1152.0,154.55,-337.66,31.5,13.4,42.5,0,,BRIS,CORE Cluster,
Yo-Chi Albert St,QLD,2025-10-27,FY 2026,actual,13168.28,,,,11.4308,1152.0,256.36,-446.64,35.4,0.0,52.9,0,,BRIS,CORE Cluster,
Yo-Chi Albert St,QLD,2025-10-28,FY 2026,actual,7846.35,,,,12.3565,635.0,135.64,-259.19,22.1,32.6,38.9,0,,BRIS,CORE Cluster,
Yo-Chi Albert St,QLD,2025-10-29,FY 2026,actual,12557.05,,,,11.9137,1054.0,150.77,-471.34,25.3,4.1,32.4,0,,BRIS,CORE Cluster,
Yo-Chi Albert St,QLD,2025-10-30,FY 2026,actual,12690.9,,,,12.1328,1046.0,97.18,-339.26,26.2,44.0,31.3,0,,BRIS,CORE Cluster,
Yo-Chi Albert St,QLD,2025-10-31,FY 2026,actual,13810.13,,,,12.1675,1135.0,123.55,-338.09,28.1,20.1,37.4,0,,BRIS,CORE Cluster,
Yo-Chi Albert St,QLD,2025-11-01,FY 2026,actual,14032.61,,,,14.319,980.0,260.36,-435.51,29.6,13.6,37.4,0,,BRIS,CORE Cluster,
Yo-Chi Albert St,QLD,2025-11-02,FY 2026,actual,16847.6,,,,13.0602,1290.0,213.86,-630.84,28.5,0.6,43.2,0,,BRIS,CORE Cluster,
Yo-Chi Albert St,QLD,2025-11-03,FY 2026,actual,11925.61,,,,11.8075,1010.0,74.73,-303.9,30.1,15.4,45.0,0,,BRIS,CORE Cluster,
Yo-Chi Albert St,QLD,2025-11-04,FY 2026,actual,12882.75,,,,12.0512,1069.0,54.0,-391.58,28.2,13.7,37.4,0,,BRIS,CORE Cluster,
Yo-Chi Albert St,QLD,2025-11-05,FY 2026,actual,14919.89,,,,12.8178,1164.0,138.18,-473.3,28.4,0.0,39.6,0,,BRIS,CORE Cluster,
Yo-Chi Albert St,QLD,2025-11-06,FY 2026,actual,13288.11,,,,12.6073,1054.0,50.45,-477.95,25.6,0.8,31.3,0,,BRIS,CORE Cluster,
Yo-Chi Albert St,QLD,2025-11-07,FY 2026,actual,18309.05,,,,12.8575,1424.0,112.45,-1262.56,26.2,0.0,28.1,0,,BRIS,CORE Cluster,
Yo-Chi Albert St,QLD,2025-11-08,FY 2026,actual,18509.32,,,,12.9981,1424.0,124.0,-564.11,29.6,8.6,36.0,0,,BRIS,CORE Cluster,
Yo-Chi Albert St,QLD,2025-11-09,FY 2026,actual,15526.62,,,,13.3966,1159.0,64.09,-497.24,26.4,2.2,25.9,0,,BRIS,CORE Cluster,
Yo-Chi Albert St,QLD,2025-11-10,FY 2026,actual,10505.47,,,,12.4325,845.0,171.32,-275.8,23.0,15.5,32.0,0,,BRIS,CORE Cluster,
Yo-Chi Albert St,QLD,2025-11-11,FY 2026,actual,13606.06,,,,12.2247,1113.0,29.09,-433.66,27.0,0.0,34.9,0,,BRIS,CORE Cluster,
Yo-Chi Albert St,QLD,2025-11-12,FY 2026,actual,13825.95,,,,12.6727,1091.0,77.0,-472.99,24.4,0.0,36.0,0,,BRIS,CORE Cluster,
Yo-Chi Albert St,QLD,2025-11-13,FY 2026,actual,14303.05,,,,11.8599,1206.0,101.5,-402.82,26.7,0.0,44.6,0,,BRIS,CORE Cluster,
Yo-Chi Albert St,QLD,2025-11-14,FY 2026,actual,14991.34,,,,12.5661,1193.0,101.73,-446.91,26.2,24.6,48.2,0,,BRIS,CORE Cluster,
Yo-Chi Albert St,QLD,2025-11-15,FY 2026,actual,17988.93,,,,13.5052,1332.0,186.14,-533.76,30.1,33.2,34.6,0,,BRIS,CORE Cluster,
Yo-Chi Albert St,QLD,2025-11-16,FY 2026,actual,15566.12,,,,13.6306,1142.0,104.27,-452.9,25.4,19.3,34.2,0,,BRIS,CORE Cluster,
Yo-Chi Albert St,QLD,2025-11-17,FY 2026,actual,13726.58,,,,12.062,1138.0,79.36,-341.39,31.4,0.0,45.4,0,,BRIS,CORE Cluster,
Yo-Chi Albert St,QLD,2025-11-18,FY 2026,actual,13073.58,,,,11.8851,1100.0,69.45,-301.28,25.8,0.3,38.9,0,,BRIS,CORE Cluster,
Yo-Chi Albert St,QLD,2025-11-19,FY 2026,actual,14870.06,,,,11.6903,1272.0,129.32,-396.81,27.0,0.0,34.2,0,,BRIS,CORE Cluster,
Yo-Chi Albert St,QLD,2025-11-20,FY 2026,actual,14501.54,,,,12.1048,1198.0,57.23,-441.45,28.2,0.0,31.3,0,,BRIS,CORE Cluster,
Yo-Chi Albert St,QLD,2025-11-21,FY 2026,actual,18008.72,,,,13.1835,1366.0,77.64,-697.67,28.6,6.4,37.1,0,,BRIS,CORE Cluster,
Yo-Chi Albert St,QLD,2025-11-22,FY 2026,actual,19273.71,,,,14.0581,1371.0,86.09,-606.05,27.8,2.6,31.7,0,,BRIS,CORE Cluster,
Yo-Chi Albert St,QLD,2025-11-23,FY 2026,actual,17287.64,,,,14.1008,1226.0,80.14,-663.65,28.5,12.9,28.1,0,,BRIS,CORE Cluster,
Yo-Chi Albert St,QLD,2025-11-24,FY 2026,actual,11727.51,,,,12.0282,975.0,53.64,-305.15,33.8,7.0,37.4,0,,BRIS,CORE Cluster,
Yo-Chi Albert St,QLD,2025-11-25,FY 2026,actual,15983.64,,,,11.9459,1338.0,132.59,-491.15,30.0,2.0,33.5,0,,BRIS,CORE Cluster,
Yo-Chi Albert St,QLD,2025-11-26,FY 2026,actual,13562.82,,,,12.771,1062.0,0.0,-499.08,31.2,19.2,36.0,0,,BRIS,CORE Cluster,
Yo-Chi Albert St,QLD,2025-11-27,FY 2026,actual,12383.1,,,,12.1881,1016.0,90.77,-302.96,33.8,6.6,32.8,0,,BRIS,CORE Cluster,
Yo-Chi Albert St,QLD,2025-11-28,FY 2026,actual,17872.35,,,,12.5244,1427.0,63.59,-721.52,32.2,0.0,33.5,0,,BRIS,CORE Cluster,
Yo-Chi Albert St,QLD,2025-11-29,FY 2026,actual,18085.35,,,,14.1624,1277.0,102.27,-498.05,30.4,3.9,43.9,0,,BRIS,CORE Cluster,
Yo-Chi Albert St,QLD,2025-11-30,FY 2026,actual,18439.37,,,,13.9481,1322.0,96.18,-836.76,30.3,0.1,31.0,0,,BRIS,CORE Cluster,
Yo-Chi Albert St,QLD,2025-12-01,FY 2026,actual,11785.94,,,,12.5382,940.0,36.77,-287.01,29.6,0.0,43.2,0,,BRIS,CORE Cluster,
Yo-Chi Albert St,QLD,2025-12-02,FY 2026,actual,13334.19,,,,12.2444,1089.0,43.64,-352.81,26.8,0.0,45.4,0,,BRIS,CORE Cluster,
Yo-Chi Albert St,QLD,2025-12-03,FY 2026,actual,13521.74,,,,12.7204,1063.0,81.55,-339.92,27.0,0.0,34.9,0,,BRIS,CORE Cluster,
Yo-Chi Albert St,QLD,2025-12-04,FY 2026,actual,12101.51,,,,12.1623,995.0,151.55,-370.18,27.3,0.0,33.8,0,,BRIS,CORE Cluster,
Yo-Chi Albert St,QLD,2025-12-05,FY 2026,actual,16062.89,,,,13.6126,1180.0,110.82,-364.95,27.5,0.0,34.2,0,,BRIS,CORE Cluster,
Yo-Chi Albert St,QLD,2025-12-06,FY 2026,actual,18175.15,,,,14.2662,1274.0,72.45,-362.11,29.0,0.0,38.2,0,,BRIS,CORE Cluster,
Yo-Chi Albert St,QLD,2025-12-07,FY 2026,actual,16652.25,,,,14.0763,1183.0,57.45,-440.04,30.5,5.6,38.9,0,,BRIS,CORE Cluster,
Yo-Chi Albert St,QLD,2025-12-08,FY 2026,actual,14632.96,,,,12.6473,1157.0,35.0,-368.51,27.6,25.7,30.6,0,,BRIS,CORE Cluster,
Yo-Chi Albert St,QLD,2025-12-09,FY 2026,actual,14754.56,,,,12.8412,1149.0,168.09,-438.85,29.5,0.2,29.9,0,,BRIS,CORE Cluster,
Yo-Chi Albert St,QLD,2025-12-10,FY 2026,actual,15695.19,,,,12.5763,1248.0,158.0,-396.23,30.4,0.0,35.6,0,,BRIS,CORE Cluster,
Yo-Chi Albert St,QLD,2025-12-11,FY 2026,actual,15860.66,,,,13.2393,1198.0,273.45,-422.18,28.9,0.0,32.8,0,,BRIS,CORE Cluster,
Yo-Chi Albert St,QLD,2025-12-12,FY 2026,actual,17289.83,,,,13.7003,1262.0,347.86,-450.29,26.1,6.5,30.6,0,,BRIS,CORE Cluster,
Yo-Chi Albert St,QLD,2025-12-13,FY 2026,actual,18594.85,,,,15.0201,1238.0,390.55,-351.25,29.1,6.1,31.0,0,,BRIS,CORE Cluster,
Yo-Chi Albert St,QLD,2025-12-14,FY 2026,actual,19184.92,,,,15.0234,1277.0,84.5,-464.21,30.2,1.3,33.5,0,,BRIS,CORE Cluster,
Yo-Chi Albert St,QLD,2025-12-15,FY 2026,actual,15857.95,,,,13.6354,1163.0,343.68,-322.95,34.3,4.8,40.7,0,,BRIS,CORE Cluster,
Yo-Chi Albert St,QLD,2025-12-16,FY 2026,actual,16678.95,,,,13.29,1255.0,229.23,-437.89,26.1,3.4,49.7,0,,BRIS,CORE Cluster,
Yo-Chi Albert St,QLD,2025-12-17,FY 2026,actual,17720.01,,,,14.0859,1258.0,194.05,-573.76,26.0,0.3,39.2,0,,BRIS,CORE Cluster,
Yo-Chi Albert St,QLD,2025-12-18,FY 2026,actual,16372.34,,,,13.3108,1230.0,171.27,-488.16,28.2,0.0,33.8,0,,BRIS,CORE Cluster,
Yo-Chi Albert St,QLD,2025-12-19,FY 2026,actual,17857.64,,,,14.0501,1271.0,347.0,-379.17,30.6,0.0,35.3,0,,BRIS,CORE Cluster,
Yo-Chi Albert St,QLD,2025-12-20,FY 2026,actual,17768.91,,,,15.3312,1159.0,121.36,-597.47,31.8,0.0,40.3,0,,BRIS,CORE Cluster,
Yo-Chi Albert St,QLD,2025-12-21,FY 2026,actual,17606.25,,,,14.5747,1208.0,117.73,-427.56,33.4,0.0,42.1,0,,BRIS,CORE Cluster,
Yo-Chi Albert St,QLD,2025-12-22,FY 2026,actual,15378.71,,,,13.8173,1113.0,224.64,-444.0,35.7,0.7,42.5,0,,BRIS,CORE Cluster,
Yo-Chi Albert St,QLD,2025-12-23,FY 2026,actual,14394.25,,,,13.8673,1038.0,324.32,-304.84,30.5,9.9,33.5,0,,BRIS,CORE Cluster,
Yo-Chi Albert St,QLD,2025-12-24,FY 2026,actual,8805.83,,,,14.3417,614.0,120.32,-294.29,30.4,15.0,29.5,0,,BRIS,CORE Cluster,
Yo-Chi Albert St,QLD,2025-12-25,FY 2026,actual,0.0,,,,,,0.0,-0.0,33.7,3.0,37.4,0,Christmas Day,BRIS,CORE Cluster,
Yo-Chi Albert St,QLD,2025-12-26,FY 2026,actual,18728.63,,,,16.7819,1116.0,51.82,-469.39,27.7,2.8,37.8,0,Boxing Day,BRIS,CORE Cluster,
Yo-Chi Albert St,QLD,2025-12-27,FY 2026,actual,16989.99,,,,15.4034,1103.0,168.77,-319.95,24.6,0.3,42.8,0,,BRIS,CORE Cluster,
Yo-Chi Albert St,QLD,2025-12-28,FY 2026,actual,16129.21,,,,15.1733,1063.0,151.45,-365.49,25.4,1.9,33.8,0,,BRIS,CORE Cluster,
Yo-Chi Albert St,QLD,2025-12-29,FY 2026,actual,17321.79,,,,14.5439,1191.0,140.18,-343.65,28.6,0.0,40.7,0,,BRIS,CORE Cluster,
Yo-Chi Albert St,QLD,2025-12-30,FY 2026,actual,16963.81,,,,14.8026,1146.0,50.41,-255.84,28.4,0.0,40.3,0,,BRIS,CORE Cluster,
Yo-Chi Albert St,QLD,2025-12-31,FY 2026,actual,18371.75,,,,14.9973,1225.0,73.64,-440.82,31.5,3.3,38.5,0,,BRIS,CORE Cluster,
Yo-Chi Albert St,QLD,2026-01-01,FY 2026,actual,21144.2,,,,17.5325,1206.0,99.91,-293.42,28.8,3.8,31.3,0,New Year's Day,BRIS,CORE Cluster,
Yo-Chi Albert St,QLD,2026-01-02,FY 2026,actual,18478.25,,,,14.7826,1250.0,98.0,-422.26,26.0,2.7,26.3,0,,BRIS,CORE Cluster,
Yo-Chi Albert St,QLD,2026-01-03,FY 2026,actual,17297.09,,,,14.6959,1177.0,112.91,-360.63,26.6,17.4,30.6,0,,BRIS,CORE Cluster,
Yo-Chi Albert St,QLD,2026-01-04,FY 2026,actual,16447.78,,,,14.5684,1129.0,43.18,-273.4,29.6,1.1,32.4,0,,BRIS,CORE Cluster,
Yo-Chi Albert St,QLD,2026-01-05,FY 2026,actual,15373.77,,,,13.5332,1136.0,71.27,-369.91,29.4,2.8,33.5,0,,BRIS,CORE Cluster,
Yo-Chi Albert St,QLD,2026-01-06,FY 2026,actual,15395.66,,,,13.845,1112.0,49.36,-352.58,28.8,2.6,33.5,0,,BRIS,CORE Cluster,
Yo-Chi Albert St,QLD,2026-01-07,FY 2026,actual,16548.04,,,,13.1857,1255.0,99.68,-502.76,29.0,0.5,39.6,0,,BRIS,CORE Cluster,
Yo-Chi Albert St,QLD,2026-01-08,FY 2026,actual,16497.82,,,,13.3586,1235.0,47.91,-319.02,29.5,0.8,37.4,0,,BRIS,CORE Cluster,
Yo-Chi Albert St,QLD,2026-01-09,FY 2026,actual,18216.67,,,,13.7277,1327.0,96.0,-372.33,29.6,0.2,38.9,0,,BRIS,CORE Cluster,
Yo-Chi Albert St,QLD,2026-01-10,FY 2026,actual,17917.25,,,,15.3664,1166.0,108.82,-319.89,30.8,1.3,38.9,0,,BRIS,CORE Cluster,
Yo-Chi Albert St,QLD,2026-01-11,FY 2026,actual,18696.03,,,,14.3926,1299.0,74.27,-761.64,31.9,0.3,32.0,0,,BRIS,CORE Cluster,
Yo-Chi Albert St,QLD,2026-01-12,FY 2026,actual,14836.55,,,,13.1181,1131.0,106.14,-609.52,25.0,17.0,38.2,0,,BRIS,CORE Cluster,
Yo-Chi Albert St,QLD,2026-01-13,FY 2026,actual,16069.99,,,,12.6535,1270.0,56.27,-510.7,30.4,1.2,33.5,0,,BRIS,CORE Cluster,
Yo-Chi Albert St,QLD,2026-01-14,FY 2026,actual,16582.16,,,,12.9649,1279.0,49.32,-391.39,30.6,0.0,40.7,0,,BRIS,CORE Cluster,
Yo-Chi Albert St,QLD,2026-01-15,FY 2026,actual,17124.07,,,,13.5798,1261.0,95.0,-313.49,30.4,0.0,34.2,0,,BRIS,CORE Cluster,
Yo-Chi Albert St,QLD,2026-01-16,FY 2026,actual,18688.76,,,,13.4258,1392.0,60.27,-347.53,30.6,1.2,30.6,0,,BRIS,CORE Cluster,
Yo-Chi Albert St,QLD,2026-01-17,FY 2026,actual,18525.52,,,,14.9159,1242.0,26.36,-399.96,31.0,14.8,34.9,0,,BRIS,CORE Cluster,
Yo-Chi Albert St,QLD,2026-01-18,FY 2026,actual,18235.59,,,,14.6236,1247.0,73.14,-1337.97,28.0,5.9,41.4,0,,BRIS,CORE Cluster,
Yo-Chi Albert St,QLD,2026-01-19,FY 2026,actual,16342.97,,,,12.9809,1259.0,91.09,-420.7,27.9,2.5,48.6,0,,BRIS,CORE Cluster,
Yo-Chi Albert St,QLD,2026-01-20,FY 2026,actual,15657.65,,,,12.7298,1230.0,84.0,-512.46,26.5,1.3,38.2,0,,BRIS,CORE Cluster,
Yo-Chi Albert St,QLD,2026-01-21,FY 2026,actual,16423.4,,,,12.4988,1314.0,47.73,-557.99,27.9,0.2,31.7,0,,BRIS,CORE Cluster,
Yo-Chi Albert St,QLD,2026-01-22,FY 2026,actual,16966.86,,,,12.6524,1341.0,91.05,-367.02,32.5,1.2,34.2,0,,BRIS,CORE Cluster,
Yo-Chi Albert St,QLD,2026-01-23,FY 2026,actual,18592.75,,,,13.3954,1388.0,43.5,-402.34,29.1,21.6,38.9,0,,BRIS,CORE Cluster,
Yo-Chi Albert St,QLD,2026-01-24,FY 2026,actual,19759.89,,,,14.044,1407.0,110.55,-501.5,30.2,1.4,39.6,0,,BRIS,CORE Cluster,
Yo-Chi Albert St,QLD,2026-01-25,FY 2026,actual,18924.06,,,,13.9455,1357.0,113.23,-2278.37,35.5,2.5,41.8,0,,BRIS,CORE Cluster,
Yo-Chi Albert St,QLD,2026-01-26,FY 2026,actual,15710.08,,,,15.3569,1023.0,59.68,-323.4,39.0,0.0,33.5,0,Australia Day,BRIS,CORE Cluster,
Yo-Chi Albert St,QLD,2026-01-27,FY 2026,actual,13320.06,,,,12.2427,1088.0,139.32,-250.95,29.1,0.0,36.7,0,,BRIS,CORE Cluster,
Yo-Chi Albert St,QLD,2026-01-28,FY 2026,actual,13124.84,,,,12.6565,1037.0,49.32,-359.98,31.5,0.0,34.6,0,,BRIS,CORE Cluster,
Yo-Chi Albert St,QLD,2026-01-29,FY 2026,actual,12609.73,,,,12.8018,985.0,19.0,-310.59,30.9,0.1,54.7,0,,BRIS,CORE Cluster,
Yo-Chi Albert St,QLD,2026-01-30,FY 2026,actual,16983.88,,,,13.3416,1273.0,86.55,-576.81,30.4,0.0,44.6,0,,BRIS,CORE Cluster,
Yo-Chi Albert St,QLD,2026-01-31,FY 2026,actual,19777.05,,,,13.8108,1432.0,36.27,-499.06,32.2,0.4,36.4,0,,BRIS,CORE Cluster,
Yo-Chi Albert St,QLD,2026-02-01,FY 2026,actual,17031.1,,,,13.1311,1297.0,55.27,-1986.0,34.1,0.0,37.4,0,,BRIS,CORE Cluster,
Yo-Chi Albert St,QLD,2026-02-02,FY 2026,actual,11606.78,,,,12.7128,913.0,36.27,-199.1,31.9,1.9,59.0,0,,BRIS,CORE Cluster,
Yo-Chi Albert St,QLD,2026-02-03,FY 2026,actual,12810.57,,,,12.2355,1047.0,57.0,-464.76,25.4,0.0,47.5,0,,BRIS,CORE Cluster,
Yo-Chi Albert St,QLD,2026-02-04,FY 2026,actual,0.0,,,,,,0.0,-0.0,28.1,0.0,34.2,0,,BRIS,CORE Cluster,
Yo-Chi Albert St,QLD,2026-02-05,FY 2026,actual,24926.93,,,,11.6648,2136.93,57.5,-704.47,31.5,0.0,36.0,0,,BRIS,CORE Cluster,
Yo-Chi Albert St,QLD,2026-02-06,FY 2026,actual,17131.06,,,,12.9389,1324.0,85.59,-475.69,30.5,0.0,37.8,0,,BRIS,CORE Cluster,
Yo-Chi Albert St,QLD,2026-02-07,FY 2026,actual,19406.57,,,,14.155,1371.0,113.14,-561.99,29.6,0.0,37.8,0,,BRIS,CORE Cluster,
Yo-Chi Albert St,QLD,2026-02-08,FY 2026,actual,19596.26,,,,13.7711,1423.0,65.18,-2150.87,30.2,0.2,36.7,0,,BRIS,CORE Cluster,
Yo-Chi Albert St,QLD,2026-02-09,FY 2026,actual,15286.25,,,,12.4786,1225.0,53.55,-406.75,32.5,0.2,35.3,0,,BRIS,CORE Cluster,
Yo-Chi Albert St,QLD,2026-02-10,FY 2026,actual,13550.62,,,,12.3637,1096.0,25.45,-312.92,32.8,12.9,34.2,0,,BRIS,CORE Cluster,
Yo-Chi Albert St,QLD,2026-02-11,FY 2026,actual,16142.4,,,,13.2315,1220.0,46.18,-421.09,31.6,1.2,36.4,0,,BRIS,CORE Cluster,
Yo-Chi Albert St,QLD,2026-02-12,FY 2026,actual,14481.54,,,,12.4198,1166.0,69.09,-360.54,35.7,2.4,40.7,0,,BRIS,CORE Cluster,
Yo-Chi Albert St,QLD,2026-02-13,FY 2026,actual,15384.05,,,,13.5662,1134.0,134.27,-432.93,25.2,21.7,50.0,0,,BRIS,CORE Cluster,
Yo-Chi Albert St,QLD,2026-02-14,FY 2026,actual,21136.92,,,,15.0548,1404.0,36.27,-733.32,24.7,9.0,45.0,0,,BRIS,CORE Cluster,
Yo-Chi Albert St,QLD,2026-02-15,FY 2026,actual,16791.36,,,,13.8087,1216.0,77.73,-1223.94,21.7,24.1,37.8,0,,BRIS,CORE Cluster,
Yo-Chi Albert St,QLD,2026-02-16,FY 2026,actual,15631.77,,,,12.4259,1258.0,53.55,-467.48,25.4,0.5,48.6,0,,BRIS,CORE Cluster,
Yo-Chi Albert St,QLD,2026-02-17,FY 2026,actual,16597.68,,,,12.3956,1339.0,57.0,-327.32,27.1,0.1,31.7,0,,BRIS,CORE Cluster,
Yo-Chi Albert St,QLD,2026-02-18,FY 2026,actual,17359.86,,,,13.6477,1272.0,114.0,-384.71,29.2,0.0,28.4,0,,BRIS,CORE Cluster,
Yo-Chi Albert St,QLD,2026-02-19,FY 2026,actual,18543.75,,,,13.6451,1359.0,81.18,-445.0,31.5,0.0,27.7,0,,BRIS,CORE Cluster,
Yo-Chi Albert St,QLD,2026-02-20,FY 2026,actual,20064.63,,,,13.9338,1440.0,44.45,-588.52,29.0,0.1,32.8,0,,BRIS,CORE Cluster,
Yo-Chi Albert St,QLD,2026-02-21,FY 2026,actual,21329.14,,,,14.2005,1502.0,106.18,-577.15,28.9,0.0,29.2,0,,BRIS,CORE Cluster,
Yo-Chi Albert St,QLD,2026-02-22,FY 2026,actual,20492.87,,,,14.0651,1457.0,65.64,-2143.53,27.8,0.6,35.3,0,,BRIS,CORE Cluster,
Yo-Chi Albert St,QLD,2026-02-23,FY 2026,actual,14521.45,,,,12.3482,1176.0,63.91,-306.55,28.6,1.2,33.8,0,,BRIS,CORE Cluster,
Yo-Chi Albert St,QLD,2026-02-24,FY 2026,actual,14341.95,,,,12.0825,1187.0,44.91,-392.64,28.0,2.0,36.7,0,,BRIS,CORE Cluster,
Yo-Chi Albert St,QLD,2026-02-25,FY 2026,actual,14024.49,,,,12.0901,1160.0,10.36,-282.23,29.2,1.2,31.3,0,,BRIS,CORE Cluster,
Yo-Chi Albert St,QLD,2026-02-26,FY 2026,actual,16502.1,,,,12.9836,1271.0,69.09,-409.36,28.0,8.1,52.6,0,,BRIS,CORE Cluster,
Yo-Chi Albert St,QLD,2026-02-27,FY 2026,actual,17807.16,,,,13.4191,1327.0,114.0,-610.03,28.2,37.3,48.6,0,,BRIS,CORE Cluster,
Yo-Chi Albert St,QLD,2026-02-28,FY 2026,actual,20826.68,,,,14.5641,1430.0,92.82,-545.22,28.1,3.0,46.4,0,,BRIS,CORE Cluster,
Yo-Chi Albert St,QLD,2026-03-01,FY 2026,actual,19917.23,,,,14.4642,1377.0,60.45,-568.1,27.3,1.3,40.7,0,,BRIS,CORE Cluster,
Yo-Chi Albert St,QLD,2026-03-02,FY 2026,actual,13308.51,,,,12.3227,1080.0,17.73,-420.25,27.0,0.5,34.2,0,,BRIS,CORE Cluster,
Yo-Chi Albert St,QLD,2026-03-03,FY 2026,actual,14671.16,,,,12.0059,1222.0,77.73,-564.6,28.4,0.0,29.5,0,,BRIS,CORE Cluster,
Yo-Chi Albert St,QLD,2026-03-04,FY 2026,actual,13432.83,,,,12.2451,1097.0,70.36,-378.74,28.4,0.7,29.2,0,,BRIS,CORE Cluster,
Yo-Chi Albert St,QLD,2026-03-05,FY 2026,actual,12917.25,,,,12.1517,1063.0,34.55,-385.11,27.7,7.7,37.4,0,,BRIS,CORE Cluster,
Yo-Chi Albert St,QLD,2026-03-06,FY 2026,actual,18094.79,,,,13.1027,1381.0,95.0,-480.51,29.5,7.6,37.1,0,,BRIS,CORE Cluster,
Yo-Chi Albert St,QLD,2026-03-07,FY 2026,actual,19436.79,,,,13.9732,1391.0,27.64,-565.76,27.0,2.8,35.6,0,,BRIS,CORE Cluster,
Yo-Chi Albert St,QLD,2026-03-08,FY 2026,actual,13987.05,,,,13.3976,1044.0,35.82,-330.12,24.0,65.8,35.3,1,,BRIS,CORE Cluster,
Yo-Chi Albert St,QLD,2026-03-09,FY 2026,actual,9713.9,,,,12.5665,773.0,65.64,-236.91,23.5,22.4,34.2,0,,BRIS,CORE Cluster,
Yo-Chi Albert St,QLD,2026-03-10,FY 2026,actual,0.0,,,,,,0.0,-0.0,28.9,0.2,38.5,0,,BRIS,CORE Cluster,
Yo-Chi Albert St,QLD,2026-03-11,FY 2026,actual,26892.54,,,,11.9249,2255.15,146.18,-896.25,28.5,0.0,29.2,0,,BRIS,CORE Cluster,
Yo-Chi Albert St,QLD,2026-03-12,FY 2026,actual,14559.46,,,,12.6056,1155.0,34.09,-276.63,32.3,0.0,22.0,0,,BRIS,CORE Cluster,
Yo-Chi Albert St,QLD,2026-03-13,FY 2026,actual,16166.7,,,,13.0377,1240.0,10.36,-600.87,28.4,3.9,31.3,0,,BRIS,CORE Cluster,
Yo-Chi Albert St,QLD,2026-03-14,FY 2026,actual,21375.55,,,,14.5908,1465.0,71.27,-307.66,25.6,0.1,52.2,0,,BRIS,CORE Cluster,
Yo-Chi Albert St,QLD,2026-03-15,FY 2026,actual,17809.68,,,,14.0677,1266.0,31.09,-393.28,26.1,0.0,37.1,0,,BRIS,CORE Cluster,
Yo-Chi Albert St,QLD,2026-03-16,FY 2026,actual,11683.07,,,,12.4288,940.0,19.0,-250.25,26.0,0.9,33.1,0,,BRIS,CORE Cluster,
Yo-Chi Albert St,QLD,2026-03-17,FY 2026,actual,13911.93,,,,12.6128,1103.0,25.91,-283.85,27.8,0.0,24.8,0,,BRIS,CORE Cluster,
Yo-Chi Albert St,QLD,2026-03-18,FY 2026,actual,14992.63,,,,12.6307,1187.0,62.18,-420.9,27.0,1.6,31.7,0,,BRIS,CORE Cluster,
Yo-Chi Albert St,QLD,2026-03-19,FY 2026,actual,12880.83,,,,12.4935,1031.0,33.64,-227.15,24.1,7.7,21.6,0,,BRIS,CORE Cluster,
Yo-Chi Albert St,QLD,2026-03-20,FY 2026,actual,17095.15,,,,13.0797,1307.0,57.0,-279.05,26.8,2.1,32.8,0,,BRIS,CORE Cluster,
Yo-Chi Albert St,QLD,2026-03-21,FY 2026,actual,19922.51,,,,14.3949,1384.0,81.18,-319.51,26.6,6.4,34.9,0,,BRIS,CORE Cluster,
Yo-Chi Albert St,QLD,2026-03-22,FY 2026,actual,18618.15,,,,14.0833,1322.0,62.64,-604.81,26.5,5.7,38.9,0,,BRIS,CORE Cluster,
Yo-Chi Albert St,QLD,2026-03-23,FY 2026,actual,13035.05,,,,12.742,1023.0,17.27,-326.16,27.3,1.4,36.4,0,,BRIS,CORE Cluster,
Yo-Chi Albert St,QLD,2026-03-24,FY 2026,actual,12325.53,,,,12.5132,985.0,89.82,-296.77,27.0,0.7,43.2,0,,BRIS,CORE Cluster,
Yo-Chi Albert St,QLD,2026-03-25,FY 2026,actual,21886.54,,,,23.5846,928.0,20.73,-9127.63,28.5,0.2,26.3,0,,BRIS,CORE Cluster,
Yo-Chi Albert St,QLD,2026-03-26,FY 2026,actual,14423.33,,,,12.4877,1155.0,70.82,-327.53,31.5,0.0,29.9,0,,BRIS,CORE Cluster,
Yo-Chi Albert St,QLD,2026-03-27,FY 2026,actual,18022.21,,,,12.5853,1432.0,93.27,-543.59,28.0,0.0,60.1,0,,BRIS,CORE Cluster,
Yo-Chi Albert St,QLD,2026-03-28,FY 2026,actual,20803.15,,,,13.6235,1527.0,44.91,-786.02,26.0,0.0,41.8,0,,BRIS,CORE Cluster,
Yo-Chi Albert St,QLD,2026-03-29,FY 2026,actual,17211.22,,,,13.3524,1289.0,46.64,-472.25,27.4,0.0,33.1,0,,BRIS,CORE Cluster,
Yo-Chi Albert St,QLD,2026-03-30,FY 2026,actual,13314.95,,,,12.4091,1073.0,65.64,-410.39,28.1,0.0,44.6,0,,BRIS,CORE Cluster,
Yo-Chi Albert St,QLD,2026-03-31,FY 2026,actual,12518.63,,,,12.9996,963.0,27.64,-330.76,24.4,3.9,37.8,0,,BRIS,CORE Cluster,
Yo-Chi Albert St,QLD,2026-04-01,FY 2026,actual,14767.35,,,,12.7086,1162.0,55.27,-417.63,26.6,1.5,36.7,0,,BRIS,CORE Cluster,
Yo-Chi Albert St,QLD,2026-04-02,FY 2026,actual,16604.94,,,,12.57,1321.0,36.27,-400.55,26.4,0.3,33.5,0,,BRIS,CORE Cluster,
Yo-Chi Albert St,QLD,2026-04-03,FY 2026,actual,21916.71,,,,15.2305,1439.0,79.45,-503.12,25.1,2.3,32.0,0,Good Friday,BRIS,CORE Cluster,
Yo-Chi Albert St,QLD,2026-04-04,FY 2026,actual,22227.75,,,,15.9912,1390.0,76.0,-432.53,27.0,0.0,41.4,0,Easter Saturday,BRIS,CORE Cluster,
Yo-Chi Albert St,QLD,2026-04-05,FY 2026,actual,18282.55,,,,15.5464,1176.0,25.91,-238.81,26.8,0.6,45.0,0,Easter Sunday,BRIS,CORE Cluster,
Yo-Chi Albert St,QLD,2026-04-06,FY 2026,actual,18658.64,,,,15.0352,1241.0,81.18,-288.55,26.9,0.0,34.6,0,Easter Monday,BRIS,CORE Cluster,
Yo-Chi Albert St,QLD,2026-04-07,FY 2026,actual,17131.5,,,,13.229,1295.0,77.73,-354.54,30.4,0.0,30.2,0,,BRIS,CORE Cluster,
Yo-Chi Albert St,QLD,2026-04-08,FY 2026,actual,19116.39,,,,13.0755,1462.0,91.55,-462.45,32.2,0.0,28.8,0,,BRIS,CORE Cluster,
Yo-Chi Albert St,QLD,2026-04-09,FY 2026,actual,18190.36,,,,13.336,1364.0,25.91,-399.75,30.1,0.0,32.8,0,,BRIS,CORE Cluster,
Yo-Chi Albert St,QLD,2026-04-10,FY 2026,actual,20358.44,,,,13.341,1526.0,38.0,-417.95,29.1,0.0,28.1,0,,BRIS,CORE Cluster,
Yo-Chi Albert St,QLD,2026-04-11,FY 2026,actual,21870.73,,,,14.6195,1496.0,86.36,-357.3,32.2,0.0,29.5,0,,BRIS,CORE Cluster,
Yo-Chi Albert St,QLD,2026-04-12,FY 2026,actual,19282.09,,,,14.821,1301.0,67.36,-482.99,30.2,0.0,45.7,0,,BRIS,CORE Cluster,
Yo-Chi Albert St,QLD,2026-04-13,FY 2026,actual,18604.84,,,,13.4428,1384.0,81.18,-458.41,27.6,0.0,30.6,0,,BRIS,CORE Cluster,
Yo-Chi Albert St,QLD,2026-04-14,FY 2026,actual,17245.66,,,,13.4627,1281.0,84.64,-260.36,26.4,0.0,25.2,0,,BRIS,CORE Cluster,
Yo-Chi Albert St,QLD,2026-04-15,FY 2026,actual,19560.29,,,,13.7943,1418.0,39.55,-539.03,28.6,0.0,34.2,0,,BRIS,CORE Cluster,
Yo-Chi Albert St,QLD,2026-04-16,FY 2026,actual,18741.76,,,,13.4446,1394.0,33.91,-539.07,28.9,0.0,32.0,0,,BRIS,CORE Cluster,
Yo-Chi Albert St,QLD,2026-04-17,FY 2026,actual,20667.2,,,,13.8706,1490.0,98.55,-584.03,30.3,0.0,28.8,0,,BRIS,CORE Cluster,
Yo-Chi Albert St,QLD,2026-04-18,FY 2026,actual,20932.85,,,,14.3671,1457.0,123.73,-584.45,29.1,0.1,39.6,0,,BRIS,CORE Cluster,
Yo-Chi Albert St,QLD,2026-04-19,FY 2026,actual,17635.35,,,,13.7027,1287.0,183.64,-475.42,28.0,0.0,34.9,0,,BRIS,CORE Cluster,
Yo-Chi Albert St,QLD,2026-04-20,FY 2026,actual,12627.35,,,,12.4776,1012.0,91.36,-314.03,27.3,0.0,32.4,0,,BRIS,CORE Cluster,
Yo-Chi Albert St,QLD,2026-04-21,FY 2026,actual,12957.35,,,,12.7533,1016.0,67.0,-442.35,26.6,0.0,29.9,0,,BRIS,CORE Cluster,
Yo-Chi Albert St,QLD,2026-04-22,FY 2026,actual,12640.95,,,,12.3567,1023.0,95.27,-392.44,24.9,0.6,33.1,0,,BRIS,CORE Cluster,
Yo-Chi Albert St,QLD,2026-04-23,FY 2026,actual,14149.41,,,,12.6673,1117.0,116.27,-395.45,25.1,0.6,41.8,0,,BRIS,CORE Cluster,
Yo-Chi Albert St,QLD,2026-04-24,FY 2026,actual,15206.89,,,,12.8981,1179.0,54.45,-426.44,24.9,3.3,47.9,0,,BRIS,CORE Cluster,
Yo-Chi Albert St,QLD,2026-04-25,FY 2026,actual,19312.85,,,,15.3034,1262.0,98.27,-499.23,20.7,4.7,48.2,0,ANZAC Day,BRIS,CORE Cluster,
Yo-Chi Albert St,QLD,2026-04-26,FY 2026,actual,16683.53,,,,13.8338,1206.0,112.36,-323.89,22.5,1.3,43.6,0,,BRIS,CORE Cluster,
Yo-Chi Albert St,QLD,2026-04-27,FY 2026,actual,10750.2,,,,13.094,821.0,379.55,-278.33,22.7,7.0,40.3,0,,BRIS,CORE Cluster,
Yo-Chi Albert St,QLD,2026-04-28,FY 2026,actual,11203.55,,,,12.2043,918.0,206.73,-486.63,22.5,1.2,34.2,0,,BRIS,CORE Cluster,
Yo-Chi Albert St,QLD,2026-04-29,FY 2026,actual,13051.79,,,,12.2783,1063.0,154.91,-387.72,24.2,0.7,40.3,0,,BRIS,CORE Cluster,
Yo-Chi Albert St,QLD,2026-04-30,FY 2026,actual,11899.44,,,,12.4601,955.0,163.55,-384.25,22.5,3.6,40.0,0,,BRIS,CORE Cluster,
Yo-Chi Albert St,QLD,2026-05-02,FY 2026,forecast,16739.93,13655.77,19879.53,0.95,13.5972,1231.13,255.5,-683.91,24.3,2.5,42.8,0,,BRIS,CORE Cluster,Prophet+Wx+Hol
Yo-Chi Albert St,QLD,2026-05-03,FY 2026,forecast,15477.0,12601.14,18566.46,0.95,13.5972,1138.25,250.86,-1034.01,24.8,0.4,30.2,0,,BRIS,CORE Cluster,Prophet+Wx+Hol
Yo-Chi Albert St,QLD,2026-05-04,FY 2026,forecast,18876.39,15924.01,21849.03,0.95,13.5972,1388.26,255.03,-808.05,25.5,1.5,21.2,0,Labour Day,BRIS,CORE Cluster,Prophet+Wx+Hol
Yo-Chi Albert St,QLD,2026-05-05,FY 2026,forecast,12067.15,9182.82,15043.99,0.95,13.5972,887.47,263.8,-892.19,25.8,0.5,20.2,0,,BRIS,CORE Cluster,Prophet+Wx+Hol
Yo-Chi Albert St,QLD,2026-05-06,FY 2026,forecast,12265.35,9229.78,15165.58,0.95,13.5972,902.05,262.01,-975.43,24.8,4.7,25.9,0,,BRIS,CORE Cluster,Prophet+Wx+Hol
Yo-Chi Albert St,QLD,2026-05-07,FY 2026,forecast,12297.53,9279.38,15318.45,0.95,13.5972,904.42,260.14,-645.17,25.6,0.0,43.2,0,,BRIS,CORE Cluster,Prophet+Wx+Hol
Yo-Chi Albert St,QLD,2026-05-08,FY 2026,forecast,15546.14,12585.56,18474.62,0.95,13.5972,1143.34,281.29,-817.63,21.0,0.0,38.2,0,,BRIS,CORE Cluster,Prophet+Wx+Hol
Yo-Chi Albert St,QLD,2026-05-09,FY 2026,forecast,17493.64,14516.2,20481.06,0.95,13.5972,1286.56,294.58,-870.9,23.2,0.0,27.7,0,,BRIS,CORE Cluster,Prophet+Wx+Hol
Yo-Chi Albert St,QLD,2026-05-10,FY 2026,forecast,15568.04,12729.7,18490.08,0.95,13.5972,1144.95,279.37,-1063.95,23.9,0.2,30.2,0,,BRIS,CORE Cluster,Prophet+Wx+Hol
Yo-Chi Albert St,QLD,2026-05-11,FY 2026,forecast,11250.95,8307.17,14183.45,0.95,13.5972,827.45,275.67,-623.67,23.7,0.8,42.8,0,,BRIS,CORE Cluster,Prophet+Wx+Hol
Yo-Chi Albert St,QLD,2026-05-12,FY 2026,forecast,11311.26,8125.78,14263.0,0.95,13.5972,831.88,258.38,-639.9,22.5,1.0,45.7,0,,BRIS,CORE Cluster,Prophet+Wx+Hol
Yo-Chi Albert St,QLD,2026-05-13,FY 2026,forecast,12214.03,9456.98,14989.45,0.95,13.5972,898.28,259.96,-879.13,23.2,5.13,30.4,0,,BRIS,CORE Cluster,Prophet+Wx+Hol
Yo-Chi Albert St,QLD,2026-05-14,FY 2026,forecast,12187.37,9061.06,15117.63,0.95,13.5972,896.32,258.84,-670.47,23.1,8.28,28.4,0,,BRIS,CORE Cluster,Prophet+Wx+Hol
Yo-Chi Albert St,QLD,2026-05-15,FY 2026,forecast,15905.2,13012.57,18939.22,0.95,13.5972,1169.74,283.2,-805.56,23.3,8.33,26.7,0,,BRIS,CORE Cluster,Prophet+Wx+Hol
Yo-Chi Albert St,QLD,2026-05-16,FY 2026,forecast,16748.14,13870.92,19665.43,0.95,13.5972,1231.74,279.09,-704.15,21.9,9.65,30.9,0,,BRIS,CORE Cluster,Prophet+Wx+Hol
Yo-Chi Albert St,QLD,2026-05-17,FY 2026,forecast,15613.69,12619.63,18503.5,0.95,13.5972,1148.3,251.87,-926.39,22.7,2.35,29.8,0,,BRIS,CORE Cluster,Prophet+Wx+Hol
Yo-Chi Albert St,QLD,2026-05-18,FY 2026,forecast,12059.4,9058.65,15064.52,0.95,13.5972,886.9,245.76,-601.24,22.9,0.72,27.9,0,,BRIS,CORE Cluster,Prophet+Wx+Hol
Yo-Chi Albert St,QLD,2026-05-19,FY 2026,forecast,12047.76,9281.05,15175.52,0.95,13.5972,886.05,225.03,-609.54,21.7,1.13,31.1,0,,BRIS,CORE Cluster,Prophet+Wx+Hol
Yo-Chi Albert St,QLD,2026-05-20,FY 2026,forecast,12799.43,9748.21,15614.22,0.95,13.5972,941.33,216.93,-775.97,21.5,1.37,24.9,0,,BRIS,CORE Cluster,Prophet+Wx+Hol
Yo-Chi Albert St,QLD,2026-05-21,FY 2026,forecast,12414.65,9351.01,15387.28,0.95,13.5972,913.03,212.54,-504.63,21.0,4.27,30.6,0,,BRIS,CORE Cluster,Prophet+Wx+Hol
Yo-Chi Albert St,QLD,2026-05-22,FY 2026,forecast,16164.66,13175.69,19193.46,0.95,13.5972,1188.82,234.21,-629.94,20.9,1.63,31.8,0,,BRIS,CORE Cluster,Prophet+Wx+Hol
Yo-Chi Albert St,QLD,2026-05-23,FY 2026,forecast,17624.91,14729.84,20617.52,0.95,13.5972,1296.22,234.63,-610.99,20.9,0.15,29.0,0,,BRIS,CORE Cluster,Prophet+Wx+Hol
Yo-Chi Albert St,QLD,2026-05-24,FY 2026,forecast,15869.24,12617.96,18979.16,0.95,13.5972,1167.1,219.45,-841.97,22.6,0.18,28.4,0,,BRIS,CORE Cluster,Prophet+Wx+Hol
Yo-Chi Albert St,QLD,2026-05-25,FY 2026,forecast,12140.57,9161.57,14918.03,0.95,13.5972,892.87,220.47,-552.06,22.8,0.72,24.6,0,,BRIS,CORE Cluster,Prophet+Wx+Hol
Yo-Chi Albert St,QLD,2026-05-26,FY 2026,forecast,12384.5,9422.82,15529.98,0.95,13.5972,910.81,209.55,-599.52,23.7,0.63,27.2,0,,BRIS,CORE Cluster,Prophet+Wx+Hol
Yo-Chi Albert St,QLD,2026-05-27,FY 2026,forecast,12871.34,9911.9,15647.79,0.95,13.5972,946.62,205.16,-730.8,23.7,0.03,29.1,0,,BRIS,CORE Cluster,Prophet+Wx+Hol
Yo-Chi Albert St,QLD,2026-05-28,FY 2026,forecast,12863.01,9907.72,15864.6,0.95,13.5972,946.01,204.17,-567.59,22.1,0.3,26.2,0,,BRIS,CORE Cluster,Prophet+Wx+Hol
Yo-Chi Albert St,QLD,2026-05-29,FY 2026,forecast,16020.9,13102.6,18965.6,0.95,13.5972,1178.25,231.8,-670.04,21.2,0.12,33.6,0,,BRIS,CORE Cluster,Prophet+Wx+Hol
Yo-Chi Albert St,QLD,2026-05-30,FY 2026,forecast,16670.65,13628.82,19641.24,0.95,13.5972,1226.04,246.09,-681.54,20.6,7.12,29.8,0,,BRIS,CORE Cluster,Prophet+Wx+Hol
Yo-Chi Albert St,QLD,2026-05-31,FY 2026,forecast,14667.72,11625.0,17595.35,0.95,13.5972,1078.73,232.18,-911.64,21.0,6.13,33.6,0,,BRIS,CORE Cluster,Prophet+Wx+Hol
Yo-Chi Albert St,QLD,2026-06-01,FY 2026,forecast,10700.8,7927.54,13721.91,0.9,13.5972,786.99,224.37,-598.27,22.4,2.35,33.6,0,,BRIS,CORE Cluster,Prophet+Wx+Hol
Yo-Chi Albert St,QLD,2026-06-02,FY 2026,forecast,11017.09,8111.6,13874.16,0.9,13.5972,810.25,212.98,-713.04,21.0,0.27,31.4,0,,BRIS,CORE Cluster,Prophet+Wx+Hol
Yo-Chi Albert St,QLD,2026-06-03,FY 2026,forecast,11212.72,8473.23,13866.72,0.9,13.5972,824.64,215.14,-862.66,20.8,2.67,33.4,0,,BRIS,CORE Cluster,Prophet+Wx+Hol
Yo-Chi Albert St,QLD,2026-06-04,FY 2026,forecast,11412.23,8762.06,14273.16,0.9,13.5972,839.31,217.96,-702.75,20.8,0.92,35.0,0,,BRIS,CORE Cluster,Prophet+Wx+Hol
Yo-Chi Albert St,QLD,2026-06-05,FY 2026,forecast,15041.85,12140.02,17709.12,0.9,13.5972,1106.25,250.63,-937.56,20.5,0.23,28.8,0,,BRIS,CORE Cluster,Prophet+Wx+Hol
Yo-Chi Albert St,QLD,2026-06-06,FY 2026,forecast,16292.65,13376.47,19059.99,0.9,13.5972,1198.24,260.56,-959.3,20.9,0.55,27.4,0,,BRIS,CORE Cluster,Prophet+Wx+Hol
Yo-Chi Albert St,QLD,2026-06-07,FY 2026,forecast,14433.83,11668.12,17169.86,0.9,13.5972,1061.53,245.44,-1223.32,20.3,0.13,27.1,0,,BRIS,CORE Cluster,Prophet+Wx+Hol
Yo-Chi Albert St,QLD,2026-06-08,FY 2026,forecast,10769.36,7972.0,13657.05,0.9,13.5972,792.03,248.17,-930.31,20.7,0.1,30.0,0,,BRIS,CORE Cluster,Prophet+Wx+Hol
Yo-Chi Albert St,QLD,2026-06-09,FY 2026,forecast,10534.5,7570.57,13201.56,0.9,13.5972,774.76,233.71,-940.33,19.7,0.73,40.5,0,,BRIS,CORE Cluster,Prophet+Wx+Hol
Yo-Chi Albert St,QLD,2026-06-10,FY 2026,forecast,11371.42,8631.2,14290.2,0.9,13.5972,836.31,231.48,-1173.65,19.6,0.85,32.6,0,,BRIS,CORE Cluster,Prophet+Wx+Hol
Yo-Chi Albert St,QLD,2026-06-11,FY 2026,forecast,11760.28,9153.11,14604.42,0.9,13.5972,864.91,231.79,-1040.85,20.0,0.52,29.5,0,,BRIS,CORE Cluster,Prophet+Wx+Hol
Yo-Chi Albert St,QLD,2026-06-12,FY 2026,forecast,15249.71,12399.13,17903.07,0.9,13.5972,1121.53,258.26,-1194.95,20.6,0.25,31.6,0,,BRIS,CORE Cluster,Prophet+Wx+Hol
Yo-Chi Albert St,QLD,2026-06-13,FY 2026,forecast,16620.61,13850.1,19311.13,0.9,13.5972,1222.36,259.78,-1207.78,20.6,0.43,28.9,0,,BRIS,CORE Cluster,Prophet+Wx+Hol
Yo-Chi Albert St,QLD,2026-06-14,FY 2026,forecast,14856.83,12146.75,17726.48,0.9,13.5972,1092.64,241.44,-1450.46,21.5,2.15,28.4,0,,BRIS,CORE Cluster,Prophet+Wx+Hol
Yo-Chi Albert St,QLD,2026-06-15,FY 2026,forecast,11468.75,8728.96,14084.68,0.9,13.5972,843.47,234.94,-1174.73,21.3,1.75,25.5,0,,BRIS,CORE Cluster,Prophet+Wx+Hol
Yo-Chi Albert St,QLD,2026-06-16,FY 2026,forecast,11985.29,9202.13,15102.55,0.9,13.5972,881.45,213.79,-1241.86,21.3,0.18,25.9,0,,BRIS,CORE Cluster,Prophet+Wx+Hol
Yo-Chi Albert St,QLD,2026-06-17,FY 2026,forecast,12465.11,9741.83,15535.88,0.9,13.5972,916.74,198.49,-1349.5,20.6,0.23,28.8,0,,BRIS,CORE Cluster,Prophet+Wx+Hol
Yo-Chi Albert St,QLD,2026-06-18,FY 2026,forecast,12662.48,9921.72,15515.07,0.9,13.5972,931.26,188.83,-1124.34,20.8,0.35,31.9,0,,BRIS,CORE Cluster,Prophet+Wx+Hol
Yo-Chi Albert St,QLD,2026-06-19,FY 2026,forecast,16143.05,13256.71,18936.4,0.9,13.5972,1187.23,205.68,-1243.56,20.4,0.1,33.4,0,,BRIS,CORE Cluster,Prophet+Wx+Hol
Yo-Chi Albert St,QLD,2026-06-20,FY 2026,forecast,17747.74,14803.27,20528.04,0.9,13.5972,1305.25,201.29,-1251.09,20.5,0.12,26.5,0,,BRIS,CORE Cluster,Prophet+Wx+Hol
Yo-Chi Albert St,QLD,2026-06-21,FY 2026,forecast,16151.74,13299.89,18826.51,0.9,13.5972,1187.87,175.06,-1454.59,21.2,0.15,26.5,0,,BRIS,CORE Cluster,Prophet+Wx+Hol
Yo-Chi Albert St,QLD,2026-06-22,FY 2026,forecast,12537.64,9637.23,15259.84,0.9,13.5972,922.08,163.14,-1087.59,20.8,0.3,29.3,0,,BRIS,CORE Cluster,Prophet+Wx+Hol
Yo-Chi Albert St,QLD,2026-06-23,FY 2026,forecast,12803.06,10091.4,15695.23,0.9,13.5972,941.6,141.27,-1090.65,21.0,1.12,32.6,0,,BRIS,CORE Cluster,Prophet+Wx+Hol
Yo-Chi Albert St,QLD,2026-06-24,FY 2026,forecast,13801.99,10935.34,16694.73,0.9,13.5972,1015.06,129.57,-1233.9,21.7,0.33,27.8,0,,BRIS,CORE Cluster,Prophet+Wx+Hol
Yo-Chi Albert St,QLD,2026-06-25,FY 2026,forecast,13941.51,11131.42,16733.56,0.9,13.5972,1025.32,123.35,-1004.24,21.7,2.43,27.2,0,,BRIS,CORE Cluster,Prophet+Wx+Hol
Yo-Chi Albert St,QLD,2026-06-26,FY 2026,forecast,17534.05,14854.78,20316.61,0.9,13.5972,1289.54,142.14,-1108.39,21.0,0.82,27.4,0,,BRIS,CORE Cluster,Prophet+Wx+Hol
Yo-Chi Albert St,QLD,2026-06-27,FY 2026,forecast,18982.48,16135.73,21918.7,0.9,13.5972,1396.06,142.38,-1037.69,21.6,0.25,27.3,0,,BRIS,CORE Cluster,Prophet+Wx+Hol
Yo-Chi Albert St,QLD,2026-06-28,FY 2026,forecast,17116.15,14268.42,19773.57,0.9,13.5972,1258.8,119.36,-1221.05,20.6,0.65,27.0,0,,BRIS,CORE Cluster,Prophet+Wx+Hol
Yo-Chi Albert St,QLD,2026-06-29,FY 2026,forecast,13402.52,10655.08,16235.33,0.9,13.5972,985.68,118.15,-847.88,20.2,1.88,28.4,0,,BRIS,CORE Cluster,Prophet+Wx+Hol
Yo-Chi Albert St,QLD,2026-06-30,FY 2026,forecast,13512.61,10574.74,16438.45,0.9,13.5972,993.78,109.92,-864.13,20.3,4.87,28.7,0,,BRIS,CORE Cluster,Prophet+Wx+Hol
Yo-Chi Albert St,QLD,2026-07-01,FY 2027,forecast,14034.17,11109.8,16996.89,0.9,13.5972,1032.14,104.39,-959.56,18.8,3.85,28.6,0,,BRIS,CORE Cluster,Prophet+Wx+Hol
Yo-Chi Albert St,QLD,2026-07-02,FY 2027,forecast,13893.58,11153.46,16773.34,0.9,13.5972,1021.8,111.77,-672.45,19.2,5.85,34.7,0,,BRIS,CORE Cluster,Prophet+Wx+Hol
Yo-Chi Albert St,QLD,2026-07-03,FY 2027,forecast,17444.45,14706.38,20295.37,0.9,13.5972,1282.95,147.45,-775.73,19.3,3.93,36.0,0,,BRIS,CORE Cluster,Prophet+Wx+Hol
Yo-Chi Albert St,QLD,2026-07-04,FY 2027,forecast,18548.01,15826.14,21479.89,0.9,13.5972,1364.11,163.11,-722.91,18.7,5.15,34.2,0,,BRIS,CORE Cluster,Prophet+Wx+Hol
Yo-Chi Albert St,QLD,2026-07-05,FY 2027,forecast,17079.68,14191.43,19877.24,0.9,13.5972,1256.12,159.13,-951.99,19.6,2.9,31.4,0,,BRIS,CORE Cluster,Prophet+Wx+Hol
Yo-Chi Albert St,QLD,2026-07-06,FY 2027,forecast,13741.15,10990.42,16564.99,0.9,13.5972,1010.59,177.17,-627.32,20.9,1.63,29.8,0,,BRIS,CORE Cluster,Prophet+Wx+Hol
Yo-Chi Albert St,QLD,2026-07-07,FY 2027,forecast,13849.21,10894.66,16775.87,0.9,13.5972,1018.54,180.04,-626.05,20.9,0.7,35.1,0,,BRIS,CORE Cluster,Prophet+Wx+Hol
Yo-Chi Albert St,QLD,2026-07-08,FY 2027,forecast,14412.91,11577.13,17247.37,0.9,13.5972,1059.99,193.18,-790.91,19.8,0.3,29.7,0,,BRIS,CORE Cluster,Prophet+Wx+Hol
Yo-Chi Albert St,QLD,2026-07-09,FY 2027,forecast,14211.03,11586.31,17031.58,0.9,13.5972,1045.14,217.37,-577.08,19.7,3.52,29.5,0,,BRIS,CORE Cluster,Prophet+Wx+Hol
Yo-Chi Albert St,QLD,2026-07-10,FY 2027,forecast,17714.52,14910.74,20738.54,0.9,13.5972,1302.81,268.56,-689.86,20.7,0.97,33.2,0,,BRIS,CORE Cluster,Prophet+Wx+Hol
Yo-Chi Albert St,QLD,2026-07-11,FY 2027,forecast,19035.89,16318.67,21782.16,0.9,13.5972,1399.99,297.64,-684.76,21.2,0.28,29.5,0,,BRIS,CORE Cluster,Prophet+Wx+Hol
Yo-Chi Albert St,QLD,2026-07-12,FY 2027,forecast,16884.08,14190.08,19647.62,0.9,13.5972,1241.73,305.38,-933.52,20.6,3.05,26.3,0,,BRIS,CORE Cluster,Prophet+Wx+Hol
Yo-Chi Albert St,QLD,2026-07-13,FY 2027,forecast,13055.85,10272.98,15970.06,0.9,13.5972,960.19,322.81,-556.98,19.8,0.03,33.0,0,,BRIS,CORE Cluster,Prophet+Wx+Hol
Yo-Chi Albert St,QLD,2026-07-14,FY 2027,forecast,12994.17,10100.23,15852.81,0.9,13.5972,955.65,331.99,-582.31,19.7,0.0,37.8,0,,BRIS,CORE Cluster,Prophet+Wx+Hol
Yo-Chi Albert St,QLD,2026-07-15,FY 2027,forecast,13804.51,10985.69,16736.51,0.9,13.5972,1015.25,355.26,-804.28,20.7,0.08,29.0,0,,BRIS,CORE Cluster,Prophet+Wx+Hol
Yo-Chi Albert St,QLD,2026-07-16,FY 2027,forecast,13528.93,10714.41,16399.46,0.9,13.5972,994.98,377.2,-556.64,20.9,1.03,35.2,0,,BRIS,CORE Cluster,Prophet+Wx+Hol
Yo-Chi Albert St,QLD,2026-07-17,FY 2027,forecast,16755.35,13795.6,19666.97,0.9,13.5972,1232.27,424.46,-726.94,19.6,0.43,33.3,0,,BRIS,CORE Cluster,Prophet+Wx+Hol
Yo-Chi Albert St,QLD,2026-07-18,FY 2027,forecast,17748.91,15105.7,20605.97,0.9,13.5972,1305.34,452.33,-712.76,20.4,2.7,31.8,0,,BRIS,CORE Cluster,Prophet+Wx+Hol
Yo-Chi Albert St,QLD,2026-07-19,FY 2027,forecast,16190.04,13118.28,19095.55,0.9,13.5972,1190.69,450.82,-987.05,21.1,0.03,28.5,0,,BRIS,CORE Cluster,Prophet+Wx+Hol
Yo-Chi Albert St,QLD,2026-07-20,FY 2027,forecast,12166.74,9438.7,15001.91,0.9,13.5972,894.8,462.77,-617.95,20.7,0.05,34.4,0,,BRIS,CORE Cluster,Prophet+Wx+Hol
Yo-Chi Albert St,QLD,2026-07-21,FY 2027,forecast,11866.75,8856.28,14859.42,0.9,13.5972,872.74,459.91,-638.82,19.8,1.82,39.8,0,,BRIS,CORE Cluster,Prophet+Wx+Hol
Yo-Chi Albert St,QLD,2026-07-22,FY 2027,forecast,12604.77,9767.06,15472.44,0.9,13.5972,927.01,466.03,-872.56,19.4,1.77,29.6,0,,BRIS,CORE Cluster,Prophet+Wx+Hol
Yo-Chi Albert St,QLD,2026-07-23,FY 2027,forecast,12622.06,9807.29,15388.38,0.9,13.5972,928.28,475.94,-674.07,20.3,3.1,30.0,0,,BRIS,CORE Cluster,Prophet+Wx+Hol
Yo-Chi Albert St,QLD,2026-07-24,FY 2027,forecast,15800.54,12984.49,18640.76,0.9,13.5972,1162.05,506.72,-779.35,20.0,1.93,35.6,0,,BRIS,CORE Cluster,Prophet+Wx+Hol
Yo-Chi Albert St,QLD,2026-07-25,FY 2027,forecast,17037.72,14109.18,19966.31,0.9,13.5972,1253.03,514.03,-762.36,20.6,1.97,34.0,0,,BRIS,CORE Cluster,Prophet+Wx+Hol
Yo-Chi Albert St,QLD,2026-07-26,FY 2027,forecast,15138.59,12381.0,18100.46,0.9,13.5972,1113.36,500.6,-1006.89,22.2,4.63,32.6,0,,BRIS,CORE Cluster,Prophet+Wx+Hol
Yo-Chi Albert St,QLD,2026-07-27,FY 2027,forecast,11369.76,8717.76,14204.3,0.9,13.5972,836.18,485.0,-627.5,20.2,0.52,38.6,0,,BRIS,CORE Cluster,Prophet+Wx+Hol
Yo-Chi Albert St,QLD,2026-07-28,FY 2027,forecast,11847.78,8920.76,14656.5,0.9,13.5972,871.34,467.08,-715.3,21.2,0.0,36.1,0,,BRIS,CORE Cluster,Prophet+Wx+Hol
Yo-Chi Albert St,QLD,2026-07-29,FY 2027,forecast,12632.5,9919.34,15548.51,0.9,13.5972,929.05,455.61,-904.51,21.8,0.03,30.0,0,,BRIS,CORE Cluster,Prophet+Wx+Hol
Yo-Chi Albert St,QLD,2026-07-30,FY 2027,forecast,12738.44,9966.92,15679.48,0.9,13.5972,936.84,444.42,-690.07,21.9,0.43,30.6,0,,BRIS,CORE Cluster,Prophet+Wx+Hol
Yo-Chi Albert St,QLD,2026-07-31,FY 2027,forecast,16041.92,13191.36,18792.37,0.9,13.5972,1179.8,459.42,-808.43,21.5,0.02,33.2,0,,BRIS,CORE Cluster,Prophet+Wx+Hol
Yo-Chi Albert St,QLD,2026-08-01,FY 2027,forecast,17467.18,14696.09,20410.01,0.9,13.5972,1284.62,450.7,-823.77,21.5,0.28,26.4,0,,BRIS,CORE Cluster,Prophet+Wx+Hol
Yo-Chi Albert St,QLD,2026-08-02,FY 2027,forecast,15411.12,12623.91,18207.98,0.9,13.5972,1133.41,413.22,-990.37,21.4,0.17,32.9,0,,BRIS,CORE Cluster,Prophet+Wx+Hol
Yo-Chi Albert St,QLD,2026-08-03,FY 2027,forecast,11756.65,9050.19,14524.34,0.9,13.5972,864.64,396.4,-628.24,21.8,0.37,35.3,0,,BRIS,CORE Cluster,Prophet+Wx+Hol
Yo-Chi Albert St,QLD,2026-08-04,FY 2027,forecast,12089.39,9365.63,14854.4,0.9,13.5972,889.11,364.3,-690.86,21.6,0.12,34.3,0,,BRIS,CORE Cluster,Prophet+Wx+Hol
Yo-Chi Albert St,QLD,2026-08-05,FY 2027,forecast,12947.75,10172.1,15825.96,0.9,13.5972,952.24,345.13,-867.16,22.6,0.2,29.2,0,,BRIS,CORE Cluster,Prophet+Wx+Hol
Yo-Chi Albert St,QLD,2026-08-06,FY 2027,forecast,12982.68,10197.18,15780.68,0.9,13.5972,954.81,326.92,-669.55,21.8,1.97,26.6,0,,BRIS,CORE Cluster,Prophet+Wx+Hol
Yo-Chi Albert St,QLD,2026-08-07,FY 2027,forecast,16051.05,13128.83,18886.39,0.9,13.5972,1180.47,339.2,-754.73,21.4,3.48,32.3,0,,BRIS,CORE Cluster,Prophet+Wx+Hol
Yo-Chi Albert St,QLD,2026-08-08,FY 2027,forecast,17411.69,14766.69,20239.84,0.9,13.5972,1280.54,321.83,-705.29,20.8,0.82,32.9,0,,BRIS,CORE Cluster,Prophet+Wx+Hol
Yo-Chi Albert St,QLD,2026-08-09,FY 2027,forecast,15392.5,12800.49,18226.41,0.9,13.5972,1132.04,282.15,-906.81,19.7,0.65,35.3,0,,BRIS,CORE Cluster,Prophet+Wx+Hol
Yo-Chi Albert St,QLD,2026-08-10,FY 2027,forecast,11927.36,9251.78,14693.04,0.9,13.5972,877.19,268.26,-564.72,20.6,0.1,35.6,0,,BRIS,CORE Cluster,Prophet+Wx+Hol
Yo-Chi Albert St,QLD,2026-08-11,FY 2027,forecast,12509.47,9655.47,15260.18,0.9,13.5972,920.0,245.71,-667.89,22.1,0.53,30.7,0,,BRIS,CORE Cluster,Prophet+Wx+Hol
Yo-Chi Albert St,QLD,2026-08-12,FY 2027,forecast,14920.1,12159.69,17836.38,0.9,13.5972,1097.29,249.52,-830.91,21.3,3.75,25.2,0,The Royal Queensland Show,BRIS,CORE Cluster,Prophet+Wx+Hol
Yo-Chi Albert St,QLD,2026-08-13,FY 2027,forecast,10647.4,7638.11,13568.84,0.9,13.5972,783.06,151.84,-599.22,22.2,7.18,27.5,0,,BRIS,CORE Cluster,Prophet+Wx+Hol
Yo-Chi Albert St,QLD,2026-08-14,FY 2027,forecast,16508.82,13677.02,19438.92,0.9,13.5972,1214.14,240.47,-749.21,22.4,2.58,28.8,0,,BRIS,CORE Cluster,Prophet+Wx+Hol
Yo-Chi Albert St,QLD,2026-08-15,FY 2027,forecast,17714.29,15024.11,20546.18,0.9,13.5972,1302.79,237.12,-693.64,23.1,2.2,30.7,0,,BRIS,CORE Cluster,Prophet+Wx+Hol
Yo-Chi Albert St,QLD,2026-08-16,FY 2027,forecast,15946.47,13135.43,18844.92,0.9,13.5972,1172.78,207.68,-920.93,23.0,0.27,31.6,0,,BRIS,CORE Cluster,Prophet+Wx+Hol
Yo-Chi Albert St,QLD,2026-08-17,FY 2027,forecast,12132.97,9149.89,14918.36,0.9,13.5972,892.31,199.57,-555.83,22.7,0.13,34.4,0,,BRIS,CORE Cluster,Prophet+Wx+Hol
Yo-Chi Albert St,QLD,2026-08-18,FY 2027,forecast,12353.29,9399.03,15030.71,0.9,13.5972,908.52,179.33,-641.77,21.8,0.05,31.7,0,,BRIS,CORE Cluster,Prophet+Wx+Hol
Yo-Chi Albert St,QLD,2026-08-19,FY 2027,forecast,12746.54,10044.41,15505.96,0.9,13.5972,937.44,171.48,-764.05,22.2,0.52,33.6,0,,BRIS,CORE Cluster,Prophet+Wx+Hol
Yo-Chi Albert St,QLD,2026-08-20,FY 2027,forecast,12587.89,9935.5,15533.09,0.9,13.5972,925.77,170.15,-576.96,21.3,3.47,30.2,0,,BRIS,CORE Cluster,Prophet+Wx+Hol
Yo-Chi Albert St,QLD,2026-08-21,FY 2027,forecast,16052.23,13303.35,19059.38,0.9,13.5972,1180.56,201.44,-700.37,22.6,2.12,33.8,0,,BRIS,CORE Cluster,Prophet+Wx+Hol
Yo-Chi Albert St,QLD,2026-08-22,FY 2027,forecast,17528.07,14723.99,20433.51,0.9,13.5972,1289.1,206.5,-689.22,23.7,0.27,31.3,0,,BRIS,CORE Cluster,Prophet+Wx+Hol
Yo-Chi Albert St,QLD,2026-08-23,FY 2027,forecast,15231.9,12746.44,18100.56,0.9,13.5972,1120.22,184.92,-842.55,23.8,0.98,40.3,0,,BRIS,CORE Cluster,Prophet+Wx+Hol
Yo-Chi Albert St,QLD,2026-08-24,FY 2027,forecast,11305.42,8442.51,14178.39,0.9,13.5972,831.45,181.49,-498.85,22.3,1.72,40.0,0,,BRIS,CORE Cluster,Prophet+Wx+Hol
Yo-Chi Albert St,QLD,2026-08-25,FY 2027,forecast,12016.22,9085.51,14854.89,0.9,13.5972,883.73,169.54,-642.84,23.0,0.02,31.4,0,,BRIS,CORE Cluster,Prophet+Wx+Hol
Yo-Chi Albert St,QLD,2026-08-26,FY 2027,forecast,12519.73,9848.77,15317.24,0.9,13.5972,920.76,164.0,-816.57,22.3,0.35,27.3,0,,BRIS,CORE Cluster,Prophet+Wx+Hol
Yo-Chi Albert St,QLD,2026-08-27,FY 2027,forecast,12616.55,9755.58,15554.04,0.9,13.5972,927.88,166.22,-573.77,23.5,0.45,30.7,0,,BRIS,CORE Cluster,Prophet+Wx+Hol
Yo-Chi Albert St,QLD,2026-08-28,FY 2027,forecast,16124.55,13210.43,18838.83,0.9,13.5972,1185.87,202.09,-712.12,25.1,0.25,32.1,0,,BRIS,CORE Cluster,Prophet+Wx+Hol
Yo-Chi Albert St,QLD,2026-08-29,FY 2027,forecast,17265.28,14571.32,20171.56,0.9,13.5972,1269.77,204.7,-684.98,24.3,0.28,30.1,0,,BRIS,CORE Cluster,Prophet+Wx+Hol
Yo-Chi Albert St,QLD,2026-08-30,FY 2027,forecast,15115.39,12106.04,17853.36,0.9,13.5972,1111.66,182.98,-884.14,23.7,1.57,33.4,0,,BRIS,CORE Cluster,Prophet+Wx+Hol
Yo-Chi Albert St,QLD,2026-08-31,FY 2027,forecast,11763.07,9035.97,14714.46,0.9,13.5972,865.11,189.42,-559.1,26.1,2.3,31.2,0,,BRIS,CORE Cluster,Prophet+Wx+Hol
Yo-Chi Albert St,QLD,2026-09-01,FY 2027,forecast,12248.48,9413.39,14974.95,0.9,13.5972,900.81,170.51,-639.21,25.6,0.18,29.1,0,,BRIS,CORE Cluster,Prophet+Wx+Hol
Yo-Chi Albert St,QLD,2026-09-02,FY 2027,forecast,12469.0,9777.06,15354.0,0.9,13.5972,917.03,161.0,-755.28,24.1,1.88,30.5,0,,BRIS,CORE Cluster,Prophet+Wx+Hol
Yo-Chi Albert St,QLD,2026-09-03,FY 2027,forecast,12092.28,9279.98,14877.38,0.9,13.5972,889.32,157.54,-481.44,23.0,5.18,35.5,0,,BRIS,CORE Cluster,Prophet+Wx+Hol
Yo-Chi Albert St,QLD,2026-09-04,FY 2027,forecast,15927.8,13178.07,18775.18,0.9,13.5972,1171.4,182.37,-643.23,22.6,1.05,34.5,0,,BRIS,CORE Cluster,Prophet+Wx+Hol
Yo-Chi Albert St,QLD,2026-09-05,FY 2027,forecast,17463.32,14603.29,20233.71,0.9,13.5972,1284.33,189.1,-600.37,24.5,0.68,34.9,0,,BRIS,CORE Cluster,Prophet+Wx+Hol
Yo-Chi Albert St,QLD,2026-09-06,FY 2027,forecast,15492.74,12645.81,18083.44,0.9,13.5972,1139.41,160.62,-815.03,22.8,0.6,36.6,0,,BRIS,CORE Cluster,Prophet+Wx+Hol
Yo-Chi Albert St,QLD,2026-09-07,FY 2027,forecast,12172.35,9259.09,14876.15,0.9,13.5972,895.21,160.32,-490.11,23.6,0.68,34.2,0,,BRIS,CORE Cluster,Prophet+Wx+Hol
Yo-Chi Albert St,QLD,2026-09-08,FY 2027,forecast,12602.81,9760.81,15689.94,0.9,13.5972,926.87,143.1,-537.84,23.9,0.42,35.9,0,,BRIS,CORE Cluster,Prophet+Wx+Hol
Yo-Chi Albert St,QLD,2026-09-09,FY 2027,forecast,13328.21,10360.02,16098.59,0.9,13.5972,980.22,141.87,-730.01,24.6,3.6,30.1,0,,BRIS,CORE Cluster,Prophet+Wx+Hol
Yo-Chi Albert St,QLD,2026-09-10,FY 2027,forecast,13607.35,10915.34,16487.66,0.9,13.5972,1000.75,136.46,-473.44,24.7,2.37,35.0,0,,BRIS,CORE Cluster,Prophet+Wx+Hol
Yo-Chi Albert St,QLD,2026-09-11,FY 2027,forecast,17029.95,14183.53,19819.95,0.9,13.5972,1252.46,159.24,-584.65,23.1,0.43,39.8,0,,BRIS,CORE Cluster,Prophet+Wx+Hol
Yo-Chi Albert St,QLD,2026-09-12,FY 2027,forecast,18602.11,15536.77,21580.89,0.9,13.5972,1368.09,167.14,-601.55,23.9,1.83,34.1,0,,BRIS,CORE Cluster,Prophet+Wx+Hol
Yo-Chi Albert St,QLD,2026-09-13,FY 2027,forecast,16907.45,14274.67,19595.06,0.9,13.5972,1243.45,143.51,-829.89,23.8,1.4,36.4,0,,BRIS,CORE Cluster,Prophet+Wx+Hol
Yo-Chi Albert St,QLD,2026-09-14,FY 2027,forecast,13516.61,10801.82,16486.61,0.9,13.5972,994.07,139.19,-499.35,23.1,0.42,35.4,0,,BRIS,CORE Cluster,Prophet+Wx+Hol
Yo-Chi Albert St,QLD,2026-09-15,FY 2027,forecast,14047.36,11280.58,16900.9,0.9,13.5972,1033.11,125.09,-571.86,23.7,0.27,36.0,0,,BRIS,CORE Cluster,Prophet+Wx+Hol
Yo-Chi Albert St,QLD,2026-09-16,FY 2027,forecast,14694.93,11867.13,17501.92,0.9,13.5972,1080.73,121.63,-744.99,23.6,2.0,33.9,0,,BRIS,CORE Cluster,Prophet+Wx+Hol
Yo-Chi Albert St,QLD,2026-09-17,FY 2027,forecast,15477.01,12594.53,18340.51,0.9,13.5972,1138.25,125.97,-565.83,25.7,0.23,32.4,0,,BRIS,CORE Cluster,Prophet+Wx+Hol
Yo-Chi Albert St,QLD,2026-09-18,FY 2027,forecast,18926.23,16186.18,21675.42,0.9,13.5972,1391.92,159.2,-706.74,25.7,0.42,35.6,0,,BRIS,CORE Cluster,Prophet+Wx+Hol
Yo-Chi Albert St,QLD,2026-09-19,FY 2027,forecast,20419.82,17676.97,23223.67,0.9,13.5972,1501.77,167.52,-686.98,26.7,0.08,35.8,0,,BRIS,CORE Cluster,Prophet+Wx+Hol
Yo-Chi Albert St,QLD,2026-09-20,FY 2027,forecast,18679.48,16055.31,21600.07,0.9,13.5972,1373.78,147.94,-942.35,26.8,0.12,36.5,0,,BRIS,CORE Cluster,Prophet+Wx+Hol
Yo-Chi Albert St,QLD,2026-09-21,FY 2027,forecast,14948.03,12180.45,17830.2,0.9,13.5972,1099.35,149.83,-569.94,27.1,1.07,40.9,0,,BRIS,CORE Cluster,Prophet+Wx+Hol
Yo-Chi Albert St,QLD,2026-09-22,FY 2027,forecast,15297.84,12559.67,18195.9,0.9,13.5972,1125.07,134.69,-709.76,25.6,1.68,34.7,0,,BRIS,CORE Cluster,Prophet+Wx+Hol
Yo-Chi Albert St,QLD,2026-09-23,FY 2027,forecast,15635.39,12894.7,18548.08,0.9,13.5972,1149.9,133.05,-864.73,25.4,4.17,35.4,0,,BRIS,CORE Cluster,Prophet+Wx+Hol
Yo-Chi Albert St,QLD,2026-09-24,FY 2027,forecast,16220.78,13251.61,19005.58,0.9,13.5972,1192.95,131.47,-673.13,26.1,0.07,35.6,0,,BRIS,CORE Cluster,Prophet+Wx+Hol
Yo-Chi Albert St,QLD,2026-09-25,FY 2027,forecast,19676.5,16588.02,22650.84,0.9,13.5972,1447.1,168.0,-855.94,26.3,0.23,35.0,0,,BRIS,CORE Cluster,Prophet+Wx+Hol
Yo-Chi Albert St,QLD,2026-09-26,FY 2027,forecast,20578.29,17681.17,23711.36,0.9,13.5972,1513.42,172.74,-787.12,26.0,0.92,39.9,0,,BRIS,CORE Cluster,Prophet+Wx+Hol
Yo-Chi Albert St,QLD,2026-09-27,FY 2027,forecast,18025.91,15148.67,20754.01,0.9,13.5972,1325.71,156.57,-1053.43,24.6,7.45,38.0,0,,BRIS,CORE Cluster,Prophet+Wx+Hol
Yo-Chi Albert St,QLD,2026-09-28,FY 2027,forecast,13869.7,10943.9,16588.79,0.9,13.5972,1020.04,161.21,-685.34,24.6,11.58,40.6,0,,BRIS,CORE Cluster,Prophet+Wx+Hol
Yo-Chi Albert St,QLD,2026-09-29,FY 2027,forecast,15125.45,12243.59,17874.91,0.9,13.5972,1112.4,136.35,-821.19,25.1,0.7,36.8,0,,BRIS,CORE Cluster,Prophet+Wx+Hol
Yo-Chi Albert St,QLD,2026-09-30,FY 2027,forecast,15616.42,12737.25,18398.29,0.9,13.5972,1148.5,136.3,-997.25,26.4,2.0,35.1,0,,BRIS,CORE Cluster,Prophet+Wx+Hol
Yo-Chi Albert St,QLD,2026-10-01,FY 2027,forecast,15460.32,12484.28,18205.82,0.9,13.5972,1137.02,133.17,-774.06,25.7,2.2,36.3,0,,BRIS,CORE Cluster,Prophet+Wx+Hol
Yo-Chi Albert St,QLD,2026-10-02,FY 2027,forecast,18734.97,15984.46,21847.14,0.9,13.5972,1377.86,167.25,-915.78,26.4,1.6,39.1,0,,BRIS,CORE Cluster,Prophet+Wx+Hol
Yo-Chi Albert St,QLD,2026-10-03,FY 2027,forecast,19840.6,16735.5,22803.56,0.9,13.5972,1459.17,168.04,-886.61,26.0,0.02,38.6,0,,BRIS,CORE Cluster,Prophet+Wx+Hol
Yo-Chi Albert St,QLD,2026-10-04,FY 2027,forecast,17824.72,15139.19,20924.08,0.9,13.5972,1310.91,147.14,-1147.44,26.4,0.5,37.4,0,,BRIS,CORE Cluster,Prophet+Wx+Hol
Yo-Chi Albert St,QLD,2026-10-05,FY 2027,forecast,18280.47,15470.8,21157.07,0.9,13.5972,1344.43,79.61,-817.25,27.5,0.2,34.3,0,King's Birthday,BRIS,CORE Cluster,Prophet+Wx+Hol
Yo-Chi Albert St,QLD,2026-10-06,FY 2027,forecast,11730.84,8822.05,14788.8,0.9,13.5972,862.74,55.94,-919.99,27.2,0.73,32.0,0,,BRIS,CORE Cluster,Prophet+Wx+Hol
Yo-Chi Albert St,QLD,2026-10-07,FY 2027,forecast,14446.19,11648.0,17395.67,0.9,13.5972,1062.44,121.77,-1019.38,26.8,0.18,35.3,0,,BRIS,CORE Cluster,Prophet+Wx+Hol
Yo-Chi Albert St,QLD,2026-10-08,FY 2027,forecast,14185.24,11288.43,17195.77,0.9,13.5972,1043.25,122.32,-749.48,27.6,1.52,39.7,0,,BRIS,CORE Cluster,Prophet+Wx+Hol
Yo-Chi Albert St,QLD,2026-10-09,FY 2027,forecast,16883.68,14025.04,20081.15,0.9,13.5972,1241.7,161.56,-902.62,27.2,7.42,38.0,0,,BRIS,CORE Cluster,Prophet+Wx+Hol
Yo-Chi Albert St,QLD,2026-10-10,FY 2027,forecast,17938.21,15196.09,20819.9,0.9,13.5972,1319.26,156.86,-830.05,25.9,3.73,40.6,0,,BRIS,CORE Cluster,Prophet+Wx+Hol
Yo-Chi Albert St,QLD,2026-10-11,FY 2027,forecast,16347.47,13489.8,19291.83,0.9,13.5972,1202.27,136.25,-1113.98,27.0,1.32,36.2,0,,BRIS,CORE Cluster,Prophet+Wx+Hol
Yo-Chi Albert St,QLD,2026-10-12,FY 2027,forecast,11979.27,9135.97,14967.74,0.9,13.5972,881.01,140.18,-737.54,26.1,6.7,35.5,0,,BRIS,CORE Cluster,Prophet+Wx+Hol
Yo-Chi Albert St,QLD,2026-10-13,FY 2027,forecast,12313.7,9415.7,14974.65,0.9,13.5972,905.61,120.38,-769.44,26.2,2.53,38.4,0,,BRIS,CORE Cluster,Prophet+Wx+Hol
Yo-Chi Albert St,QLD,2026-10-14,FY 2027,forecast,12733.53,9782.45,15662.22,0.9,13.5972,936.48,112.54,-936.03,24.8,1.55,34.7,0,,BRIS,CORE Cluster,Prophet+Wx+Hol
Yo-Chi Albert St,QLD,2026-10-15,FY 2027,forecast,12934.55,9997.59,15832.45,0.9,13.5972,951.27,121.38,-698.08,26.9,1.68,35.2,0,,BRIS,CORE Cluster,Prophet+Wx+Hol
Yo-Chi Albert St,QLD,2026-10-16,FY 2027,forecast,16140.91,13255.73,18945.4,0.9,13.5972,1187.08,158.68,-826.64,26.5,1.42,36.8,0,,BRIS,CORE Cluster,Prophet+Wx+Hol
Yo-Chi Albert St,QLD,2026-10-17,FY 2027,forecast,17179.65,14193.41,19999.19,0.9,13.5972,1263.47,167.5,-747.89,26.4,0.85,39.2,0,,BRIS,CORE Cluster,Prophet+Wx+Hol
Yo-Chi Albert St,QLD,2026-10-18,FY 2027,forecast,15200.54,12414.6,18047.07,0.9,13.5972,1117.92,154.25,-967.78,27.1,1.4,41.0,0,,BRIS,CORE Cluster,Prophet+Wx+Hol
Yo-Chi Albert St,QLD,2026-10-19,FY 2027,forecast,11723.21,8880.75,14387.58,0.9,13.5972,862.18,163.45,-649.73,27.3,1.23,35.2,0,,BRIS,CORE Cluster,Prophet+Wx+Hol
Yo-Chi Albert St,QLD,2026-10-20,FY 2027,forecast,11907.95,9154.85,14745.24,0.9,13.5972,875.77,152.56,-704.34,26.3,0.3,35.1,0,,BRIS,CORE Cluster,Prophet+Wx+Hol
Yo-Chi Albert St,QLD,2026-10-21,FY 2027,forecast,12051.24,9278.78,15011.07,0.9,13.5972,886.3,160.77,-831.91,26.2,4.27,35.5,0,,BRIS,CORE Cluster,Prophet+Wx+Hol
Yo-Chi Albert St,QLD,2026-10-22,FY 2027,forecast,11662.7,8893.27,14622.42,0.9,13.5972,857.73,177.2,-579.24,26.1,10.0,36.3,0,,BRIS,CORE Cluster,Prophet+Wx+Hol
Yo-Chi Albert St,QLD,2026-10-23,FY 2027,forecast,14596.03,11797.36,17696.86,0.9,13.5972,1073.46,237.3,-675.36,28.4,16.73,41.4,0,,BRIS,CORE Cluster,Prophet+Wx+Hol
Yo-Chi Albert St,QLD,2026-10-24,FY 2027,forecast,17381.72,14555.46,20369.95,0.9,13.5972,1278.33,242.34,-691.12,30.2,1.87,37.9,0,,BRIS,CORE Cluster,Prophet+Wx+Hol
Yo-Chi Albert St,QLD,2026-10-25,FY 2027,forecast,14805.85,11990.1,17636.0,0.9,13.5972,1088.89,232.18,-911.83,28.1,7.5,39.0,0,,BRIS,CORE Cluster,Prophet+Wx+Hol
Yo-Chi Albert St,QLD,2026-10-26,FY 2027,forecast,11564.3,8780.44,14482.38,0.9,13.5972,850.49,242.39,-580.39,28.4,4.93,35.7,0,,BRIS,CORE Cluster,Prophet+Wx+Hol
Yo-Chi Albert St,QLD,2026-10-27,FY 2027,forecast,11554.24,8703.37,14219.57,0.9,13.5972,849.75,239.83,-607.24,28.4,7.25,39.2,0,,BRIS,CORE Cluster,Prophet+Wx+Hol
Yo-Chi Albert St,QLD,2026-10-28,FY 2027,forecast,11703.74,9018.17,14384.66,0.9,13.5972,860.75,244.56,-776.31,26.3,11.13,35.7,0,,BRIS,CORE Cluster,Prophet+Wx+Hol
Yo-Chi Albert St,QLD,2026-10-29,FY 2027,forecast,12475.08,9716.2,15314.42,0.9,13.5972,917.48,252.05,-586.72,27.1,6.62,32.8,0,,BRIS,CORE Cluster,Prophet+Wx+Hol
Yo-Chi Albert St,QLD,2026-10-30,FY 2027,forecast,15859.53,12983.84,18898.57,0.9,13.5972,1166.38,300.72,-717.64,28.1,7.78,35.9,0,,BRIS,CORE Cluster,Prophet+Wx+Hol
Yo-Chi Albert St,QLD,2026-10-31,FY 2027,forecast,17153.99,14260.36,20318.85,0.9,13.5972,1261.58,310.85,-630.93,28.5,5.67,41.0,0,,BRIS,CORE Cluster,Prophet+Wx+Hol
Yo-Chi Albert St,QLD,2026-11-01,FY 2027,forecast,15229.66,12435.31,18040.74,0.9,13.5972,1120.06,296.53,-905.72,27.9,7.6,38.4,0,,BRIS,CORE Cluster,Prophet+Wx+Hol
Yo-Chi Albert St,QLD,2026-11-02,FY 2027,forecast,11985.94,9099.4,14931.7,0.9,13.5972,881.5,284.69,-546.34,25.6,0.2,38.4,0,,BRIS,CORE Cluster,Prophet+Wx+Hol
Yo-Chi Albert St,QLD,2026-11-03,FY 2027,forecast,12092.84,9405.17,15057.43,0.9,13.5972,889.36,276.53,-623.2,25.7,3.47,37.1,0,,BRIS,CORE Cluster,Prophet+Wx+Hol
Yo-Chi Albert St,QLD,2026-11-04,FY 2027,forecast,12801.91,10103.11,15557.87,0.9,13.5972,941.51,273.32,-771.62,26.6,2.8,37.8,0,,BRIS,CORE Cluster,Prophet+Wx+Hol
Yo-Chi Albert St,QLD,2026-11-05,FY 2027,forecast,13014.51,10243.19,15621.9,0.9,13.5972,957.15,274.4,-553.92,27.0,3.5,36.7,0,,BRIS,CORE Cluster,Prophet+Wx+Hol
Yo-Chi Albert St,QLD,2026-11-06,FY 2027,forecast,16521.65,13652.55,19576.73,0.9,13.5972,1215.08,299.74,-730.43,25.2,1.12,35.2,0,,BRIS,CORE Cluster,Prophet+Wx+Hol
Yo-Chi Albert St,QLD,2026-11-07,FY 2027,forecast,17775.72,14894.1,20665.29,0.9,13.5972,1307.31,302.6,-673.28,26.2,1.35,36.9,0,,BRIS,CORE Cluster,Prophet+Wx+Hol
Yo-Chi Albert St,QLD,2026-11-08,FY 2027,forecast,15713.17,12885.44,18694.17,0.9,13.5972,1155.62,280.71,-910.56,27.3,5.03,38.3,0,,BRIS,CORE Cluster,Prophet+Wx+Hol
Yo-Chi Albert St,QLD,2026-11-09,FY 2027,forecast,12543.97,9597.54,15346.36,0.9,13.5972,922.54,264.6,-600.85,26.3,0.53,32.6,0,,BRIS,CORE Cluster,Prophet+Wx+Hol
Yo-Chi Albert St,QLD,2026-11-10,FY 2027,forecast,11886.81,8958.79,14925.48,0.9,13.5972,874.21,250.29,-631.94,26.3,10.87,34.4,0,,BRIS,CORE Cluster,Prophet+Wx+Hol
Yo-Chi Albert St,QLD,2026-11-11,FY 2027,forecast,12388.36,9508.62,15543.65,0.9,13.5972,911.1,235.81,-761.38,27.2,11.65,36.6,0,,BRIS,CORE Cluster,Prophet+Wx+Hol
Yo-Chi Albert St,QLD,2026-11-12,FY 2027,forecast,12649.05,9812.9,15562.54,0.9,13.5972,930.27,218.88,-509.15,27.3,9.28,39.1,0,,BRIS,CORE Cluster,Prophet+Wx+Hol
Yo-Chi Albert St,QLD,2026-11-13,FY 2027,forecast,16673.03,13730.45,19885.75,0.9,13.5972,1226.21,232.24,-651.56,27.8,1.27,42.5,0,,BRIS,CORE Cluster,Prophet+Wx+Hol
Yo-Chi Albert St,QLD,2026-11-14,FY 2027,forecast,17871.85,14962.16,20853.47,0.9,13.5972,1314.38,232.35,-630.89,29.2,4.33,39.8,0,,BRIS,CORE Cluster,Prophet+Wx+Hol
Yo-Chi Albert St,QLD,2026-11-15,FY 2027,forecast,16159.61,13320.54,19078.65,0.9,13.5972,1188.45,202.21,-926.94,30.4,6.0,35.5,0,,BRIS,CORE Cluster,Prophet+Wx+Hol
Yo-Chi Albert St,QLD,2026-11-16,FY 2027,forecast,12298.41,9489.77,15005.04,0.9,13.5972,904.48,184.21,-526.83,29.5,6.17,37.9,0,,BRIS,CORE Cluster,Prophet+Wx+Hol
Yo-Chi Albert St,QLD,2026-11-17,FY 2027,forecast,12606.39,9842.92,15470.99,0.9,13.5972,927.13,148.1,-569.24,28.9,3.53,40.6,0,,BRIS,CORE Cluster,Prophet+Wx+Hol
Yo-Chi Albert St,QLD,2026-11-18,FY 2027,forecast,13158.81,10421.91,16018.25,0.9,13.5972,967.76,119.59,-744.66,26.5,1.1,37.9,0,,BRIS,CORE Cluster,Prophet+Wx+Hol
Yo-Chi Albert St,QLD,2026-11-19,FY 2027,forecast,12889.14,9991.28,15916.45,0.9,13.5972,947.93,115.16,-501.55,26.8,6.32,38.1,0,,BRIS,CORE Cluster,Prophet+Wx+Hol
Yo-Chi Albert St,QLD,2026-11-20,FY 2027,forecast,16252.03,13315.16,19387.81,0.9,13.5972,1195.25,147.17,-684.85,27.2,8.52,35.8,0,,BRIS,CORE Cluster,Prophet+Wx+Hol
Yo-Chi Albert St,QLD,2026-11-21,FY 2027,forecast,17667.07,14684.77,20571.89,0.9,13.5972,1299.32,144.28,-639.04,27.9,6.58,36.7,0,,BRIS,CORE Cluster,Prophet+Wx+Hol
Yo-Chi Albert St,QLD,2026-11-22,FY 2027,forecast,15735.91,12789.44,18611.11,0.9,13.5972,1157.29,113.62,-908.97,27.1,6.88,35.3,0,,BRIS,CORE Cluster,Prophet+Wx+Hol
Yo-Chi Albert St,QLD,2026-11-23,FY 2027,forecast,12292.06,9342.88,15145.63,0.9,13.5972,904.02,109.93,-554.3,27.4,5.55,33.9,0,,BRIS,CORE Cluster,Prophet+Wx+Hol
Yo-Chi Albert St,QLD,2026-11-24,FY 2027,forecast,12928.63,10006.36,15918.53,0.9,13.5972,950.83,92.65,-616.49,28.9,2.3,35.9,0,,BRIS,CORE Cluster,Prophet+Wx+Hol
Yo-Chi Albert St,QLD,2026-11-25,FY 2027,forecast,13342.59,10534.0,16382.43,0.9,13.5972,981.28,83.89,-797.83,27.0,2.5,32.9,0,,BRIS,CORE Cluster,Prophet+Wx+Hol
Yo-Chi Albert St,QLD,2026-11-26,FY 2027,forecast,13067.78,10250.77,16002.31,0.9,13.5972,961.07,102.6,-526.84,29.2,9.07,36.6,0,,BRIS,CORE Cluster,Prophet+Wx+Hol
Yo-Chi Albert St,QLD,2026-11-27,FY 2027,forecast,17046.82,14255.63,20166.91,0.9,13.5972,1253.7,140.63,-720.76,29.2,3.13,35.3,0,,BRIS,CORE Cluster,Prophet+Wx+Hol
Yo-Chi Albert St,QLD,2026-11-28,FY 2027,forecast,17789.36,14737.73,20780.02,0.9,13.5972,1308.31,160.07,-686.02,28.3,8.03,33.9,0,,BRIS,CORE Cluster,Prophet+Wx+Hol
Yo-Chi Albert St,QLD,2026-11-29,FY 2027,forecast,16262.63,13264.48,19193.76,0.9,13.5972,1196.03,146.96,-918.92,29.5,3.97,38.3,0,,BRIS,CORE Cluster,Prophet+Wx+Hol
Yo-Chi Albert St,QLD,2026-11-30,FY 2027,forecast,11328.18,8503.92,14239.49,0.9,13.5972,833.13,174.77,-541.59,27.7,17.9,35.9,0,,BRIS,CORE Cluster,Prophet+Wx+Hol
Yo-Chi Albert St,QLD,2026-12-01,FY 2027,forecast,11487.79,8526.1,14226.35,0.9,13.5972,844.87,174.68,-590.92,27.7,18.02,38.6,0,,BRIS,CORE Cluster,Prophet+Wx+Hol
Yo-Chi Albert St,QLD,2026-12-02,FY 2027,forecast,13250.69,10601.28,16283.47,0.9,13.5972,974.52,174.1,-762.47,29.0,4.45,40.3,0,,BRIS,CORE Cluster,Prophet+Wx+Hol
Yo-Chi Albert St,QLD,2026-12-03,FY 2027,forecast,13844.87,10947.69,16804.37,0.9,13.5972,1018.22,189.87,-575.9,28.8,0.42,36.7,0,,BRIS,CORE Cluster,Prophet+Wx+Hol
Yo-Chi Albert St,QLD,2026-12-04,FY 2027,forecast,17375.56,14222.84,20307.63,0.9,13.5972,1277.88,252.51,-784.53,29.1,1.08,32.9,0,,BRIS,CORE Cluster,Prophet+Wx+Hol
Yo-Chi Albert St,QLD,2026-12-05,FY 2027,forecast,18402.44,15603.38,21230.85,0.9,13.5972,1353.4,279.82,-726.78,28.8,1.87,34.4,0,,BRIS,CORE Cluster,Prophet+Wx+Hol
Yo-Chi Albert St,QLD,2026-12-06,FY 2027,forecast,16906.96,14089.65,20060.07,0.9,13.5972,1243.42,284.25,-986.95,31.2,0.1,35.8,0,,BRIS,CORE Cluster,Prophet+Wx+Hol
Yo-Chi Albert St,QLD,2026-12-07,FY 2027,forecast,12854.94,9827.3,15748.63,0.9,13.5972,945.41,308.48,-610.81,30.2,3.75,34.7,0,,BRIS,CORE Cluster,Prophet+Wx+Hol
Yo-Chi Albert St,QLD,2026-12-08,FY 2027,forecast,12958.77,9951.64,15911.32,0.9,13.5972,953.05,320.19,-705.07,30.6,7.12,31.7,0,,BRIS,CORE Cluster,Prophet+Wx+Hol
Yo-Chi Albert St,QLD,2026-12-09,FY 2027,forecast,13568.86,10517.46,16499.81,0.9,13.5972,997.92,321.54,-847.42,28.4,2.33,33.1,0,,BRIS,CORE Cluster,Prophet+Wx+Hol
Yo-Chi Albert St,QLD,2026-12-10,FY 2027,forecast,13194.92,10139.17,16244.53,0.9,13.5972,970.42,348.22,-589.84,28.6,7.95,33.8,0,,BRIS,CORE Cluster,Prophet+Wx+Hol
Yo-Chi Albert St,QLD,2026-12-11,FY 2027,forecast,16580.84,13594.18,19522.56,0.9,13.5972,1219.43,397.84,-736.49,27.6,5.88,35.4,0,,BRIS,CORE Cluster,Prophet+Wx+Hol
Yo-Chi Albert St,QLD,2026-12-12,FY 2027,forecast,17777.19,14795.08,20792.33,0.9,13.5972,1307.42,417.03,-683.23,27.3,4.98,35.6,0,,BRIS,CORE Cluster,Prophet+Wx+Hol
Yo-Chi Albert St,QLD,2026-12-13,FY 2027,forecast,14899.67,11852.32,17892.46,0.9,13.5972,1095.79,419.32,-883.1,27.4,15.27,39.1,0,,BRIS,CORE Cluster,Prophet+Wx+Hol
Yo-Chi Albert St,QLD,2026-12-14,FY 2027,forecast,11354.55,8266.79,14209.62,0.9,13.5972,835.07,436.42,-488.66,29.3,15.78,39.7,0,,BRIS,CORE Cluster,Prophet+Wx+Hol
Yo-Chi Albert St,QLD,2026-12-15,FY 2027,forecast,12850.65,10106.27,15707.39,0.9,13.5972,945.1,414.48,-589.77,30.4,2.8,38.1,0,,BRIS,CORE Cluster,Prophet+Wx+Hol
Yo-Chi Albert St,QLD,2026-12-16,FY 2027,forecast,12875.92,9971.52,15789.99,0.9,13.5972,946.95,411.2,-727.86,28.5,5.97,37.4,0,,BRIS,CORE Cluster,Prophet+Wx+Hol
Yo-Chi Albert St,QLD,2026-12-17,FY 2027,forecast,12988.14,9835.39,15903.08,0.9,13.5972,955.21,413.52,-489.02,28.4,6.42,35.9,0,,BRIS,CORE Cluster,Prophet+Wx+Hol
Yo-Chi Albert St,QLD,2026-12-18,FY 2027,forecast,16318.45,13283.16,19391.2,0.9,13.5972,1200.13,451.29,-627.01,28.5,6.65,37.3,0,,BRIS,CORE Cluster,Prophet+Wx+Hol
Yo-Chi Albert St,QLD,2026-12-19,FY 2027,forecast,17989.04,15009.19,20834.29,0.9,13.5972,1323.0,444.26,-569.44,28.4,0.33,38.1,0,,BRIS,CORE Cluster,Prophet+Wx+Hol
Yo-Chi Albert St,QLD,2026-12-20,FY 2027,forecast,16267.89,13101.93,19255.72,0.9,13.5972,1196.42,417.25,-824.34,29.6,0.17,37.8,0,,BRIS,CORE Cluster,Prophet+Wx+Hol
Yo-Chi Albert St,QLD,2026-12-21,FY 2027,forecast,12543.14,9652.46,15524.24,0.9,13.5972,922.48,413.1,-457.08,29.9,2.78,34.1,0,,BRIS,CORE Cluster,Prophet+Wx+Hol
Yo-Chi Albert St,QLD,2026-12-22,FY 2027,forecast,12868.79,10134.67,15766.51,0.9,13.5972,946.43,384.63,-525.8,29.9,2.65,32.8,0,,BRIS,CORE Cluster,Prophet+Wx+Hol
Yo-Chi Albert St,QLD,2026-12-23,FY 2027,forecast,13329.67,10573.62,16345.53,0.9,13.5972,980.33,363.92,-641.92,30.0,2.6,35.4,0,,BRIS,CORE Cluster,Prophet+Wx+Hol
Yo-Chi Albert St,QLD,2026-12-24,FY 2027,forecast,12834.58,9991.09,15698.58,0.9,13.5972,943.91,353.74,-396.27,28.8,9.68,33.0,0,,BRIS,CORE Cluster,Prophet+Wx+Hol
Yo-Chi Albert St,QLD,2026-12-25,FY 2027,forecast,3366.67,404.31,6133.69,0.9,13.5972,247.6,35.58,-524.04,30.2,4.02,34.4,0,Christmas Day,BRIS,CORE Cluster,Prophet+Wx+Hol
Yo-Chi Albert St,QLD,2026-12-26,FY 2027,forecast,18346.35,15365.18,21432.51,0.9,13.5972,1349.28,102.84,-508.97,28.3,2.35,34.8,0,Boxing Day,BRIS,CORE Cluster,Prophet+Wx+Hol
Yo-Chi Albert St,QLD,2026-12-27,FY 2027,forecast,14932.8,11853.87,18086.33,0.9,13.5972,1098.23,327.4,-733.72,28.5,4.03,35.9,0,,BRIS,CORE Cluster,Prophet+Wx+Hol
Yo-Chi Albert St,QLD,2026-12-28,FY 2027,forecast,12723.67,9886.93,15753.01,0.9,13.5972,935.76,289.8,-346.74,29.2,1.58,36.2,0,Boxing Day (observed),BRIS,CORE Cluster,Prophet+Wx+Hol
Yo-Chi Albert St,QLD,2026-12-29,FY 2027,forecast,13150.0,10382.39,16013.2,0.9,13.5972,967.11,254.12,-409.58,29.8,0.98,36.9,0,,BRIS,CORE Cluster,Prophet+Wx+Hol
Yo-Chi Albert St,QLD,2026-12-30,FY 2027,forecast,13194.3,10149.43,16094.16,0.9,13.5972,970.37,226.36,-579.59,27.1,5.28,34.2,0,,BRIS,CORE Cluster,Prophet+Wx+Hol
Yo-Chi Albert St,QLD,2026-12-31,FY 2027,forecast,13724.92,10749.94,16516.89,0.9,13.5972,1009.39,206.23,-306.84,28.6,1.78,38.4,0,,BRIS,CORE Cluster,Prophet+Wx+Hol
Yo-Chi Albert St,QLD,2027-01-01,FY 2027,forecast,20218.97,17281.48,23355.89,0.9,13.5972,1487.0,233.38,-521.43,26.9,7.85,32.4,0,New Year's Day,BRIS,CORE Cluster,Prophet+Wx+Hol
Yo-Chi Albert St,QLD,2027-01-02,FY 2027,forecast,19684.68,16548.05,23036.5,0.9,13.5972,1447.7,210.27,-458.06,26.4,12.58,34.4,0,,BRIS,CORE Cluster,Prophet+Wx+Hol
Yo-Chi Albert St,QLD,2027-01-03,FY 2027,forecast,16571.87,13415.29,19847.3,0.9,13.5972,1218.77,181.56,-719.66,28.7,4.08,38.1,0,,BRIS,CORE Cluster,Prophet+Wx+Hol
Yo-Chi Albert St,QLD,2027-01-04,FY 2027,forecast,13168.82,10336.11,16369.37,0.9,13.5972,968.5,169.31,-352.35,29.4,3.27,37.3,0,,BRIS,CORE Cluster,Prophet+Wx+Hol
Yo-Chi Albert St,QLD,2027-01-05,FY 2027,forecast,13585.81,10804.51,16696.83,0.9,13.5972,999.16,141.14,-472.01,29.2,3.62,33.9,0,,BRIS,CORE Cluster,Prophet+Wx+Hol
Yo-Chi Albert St,QLD,2027-01-06,FY 2027,forecast,14028.51,11114.27,17292.01,0.9,13.5972,1031.72,120.06,-606.38,28.5,2.88,37.7,0,,BRIS,CORE Cluster,Prophet+Wx+Hol
Yo-Chi Albert St,QLD,2027-01-07,FY 2027,forecast,13970.4,10999.93,16956.01,0.9,13.5972,1027.45,110.27,-372.33,27.6,4.57,37.9,0,,BRIS,CORE Cluster,Prophet+Wx+Hol
Yo-Chi Albert St,QLD,2027-01-08,FY 2027,forecast,17471.76,14398.66,20749.09,0.9,13.5972,1284.95,145.63,-589.98,27.5,5.43,35.0,0,,BRIS,CORE Cluster,Prophet+Wx+Hol
Yo-Chi Albert St,QLD,2027-01-09,FY 2027,forecast,18762.76,15376.09,22158.5,0.9,13.5972,1379.9,148.76,-567.0,28.1,5.62,34.8,0,,BRIS,CORE Cluster,Prophet+Wx+Hol
Yo-Chi Albert St,QLD,2027-01-10,FY 2027,forecast,16679.15,13631.89,19821.54,0.9,13.5972,1226.66,126.37,-836.1,28.7,8.62,36.4,0,,BRIS,CORE Cluster,Prophet+Wx+Hol
Yo-Chi Albert St,QLD,2027-01-11,FY 2027,forecast,12879.31,9541.97,15991.9,0.9,13.5972,947.2,126.17,-468.35,28.4,10.37,35.6,0,,BRIS,CORE Cluster,Prophet+Wx+Hol
Yo-Chi Albert St,QLD,2027-01-12,FY 2027,forecast,13472.12,10503.1,16504.55,0.9,13.5972,990.8,97.5,-563.59,27.5,4.93,36.0,0,,BRIS,CORE Cluster,Prophet+Wx+Hol
Yo-Chi Albert St,QLD,2027-01-13,FY 2027,forecast,14555.07,11268.64,17738.21,0.9,13.5972,1070.45,93.38,-784.21,29.2,1.45,33.2,0,,BRIS,CORE Cluster,Prophet+Wx+Hol
Yo-Chi Albert St,QLD,2027-01-14,FY 2027,forecast,14606.36,11534.4,17871.57,0.9,13.5972,1074.22,92.75,-545.77,28.9,1.12,34.4,0,,BRIS,CORE Cluster,Prophet+Wx+Hol
Yo-Chi Albert St,QLD,2027-01-15,FY 2027,forecast,17896.26,14645.19,21061.3,0.9,13.5972,1316.17,140.92,-730.01,29.8,3.05,34.9,0,,BRIS,CORE Cluster,Prophet+Wx+Hol
Yo-Chi Albert St,QLD,2027-01-16,FY 2027,forecast,18543.44,15259.56,21638.6,0.9,13.5972,1363.77,158.06,-662.94,30.5,8.35,37.8,0,,BRIS,CORE Cluster,Prophet+Wx+Hol
Yo-Chi Albert St,QLD,2027-01-17,FY 2027,forecast,17000.1,13968.66,20083.91,0.9,13.5972,1250.27,127.92,-1000.01,29.6,3.85,33.7,0,,BRIS,CORE Cluster,Prophet+Wx+Hol
Yo-Chi Albert St,QLD,2027-01-18,FY 2027,forecast,12670.83,9711.17,15989.65,0.9,13.5972,931.87,135.99,-571.79,29.5,8.8,37.3,0,,BRIS,CORE Cluster,Prophet+Wx+Hol
Yo-Chi Albert St,QLD,2027-01-19,FY 2027,forecast,12840.7,9782.65,15924.79,0.9,13.5972,944.36,120.17,-658.71,29.4,8.35,37.3,0,,BRIS,CORE Cluster,Prophet+Wx+Hol
Yo-Chi Albert St,QLD,2027-01-20,FY 2027,forecast,13268.64,10491.16,16202.06,0.9,13.5972,975.84,105.04,-848.76,27.1,5.57,35.6,0,,BRIS,CORE Cluster,Prophet+Wx+Hol
Yo-Chi Albert St,QLD,2027-01-21,FY 2027,forecast,13847.88,10879.05,16951.07,0.9,13.5972,1018.44,105.81,-623.68,28.8,0.8,35.9,0,,BRIS,CORE Cluster,Prophet+Wx+Hol
Yo-Chi Albert St,QLD,2027-01-22,FY 2027,forecast,17504.69,14074.83,20750.51,0.9,13.5972,1287.38,156.48,-848.77,30.9,0.68,32.5,0,,BRIS,CORE Cluster,Prophet+Wx+Hol
Yo-Chi Albert St,QLD,2027-01-23,FY 2027,forecast,17806.45,14514.73,20851.06,0.9,13.5972,1309.57,158.97,-769.67,28.1,4.83,34.9,0,,BRIS,CORE Cluster,Prophet+Wx+Hol
Yo-Chi Albert St,QLD,2027-01-24,FY 2027,forecast,16318.78,13305.09,19541.05,0.9,13.5972,1200.16,137.42,-1043.98,30.7,1.23,36.9,0,,BRIS,CORE Cluster,Prophet+Wx+Hol
Yo-Chi Albert St,QLD,2027-01-25,FY 2027,forecast,12643.43,9703.42,15882.12,0.9,13.5972,929.86,137.88,-704.71,30.4,1.4,31.9,0,,BRIS,CORE Cluster,Prophet+Wx+Hol
Yo-Chi Albert St,QLD,2027-01-26,FY 2027,forecast,14269.31,11295.52,17586.56,0.9,13.5972,1049.43,68.02,-754.36,31.3,2.27,32.2,0,Australia Day,BRIS,CORE Cluster,Prophet+Wx+Hol
Yo-Chi Albert St,QLD,2027-01-27,FY 2027,forecast,12405.11,9445.75,15447.96,0.9,13.5972,912.33,255.86,-918.17,30.2,0.72,32.3,0,,BRIS,CORE Cluster,Prophet+Wx+Hol
Yo-Chi Albert St,QLD,2027-01-28,FY 2027,forecast,12456.4,9504.46,15222.11,0.9,13.5972,916.1,119.3,-688.46,30.2,9.68,32.1,0,,BRIS,CORE Cluster,Prophet+Wx+Hol
Yo-Chi Albert St,QLD,2027-01-29,FY 2027,forecast,16063.16,12717.58,19443.33,0.9,13.5972,1181.36,147.33,-811.49,30.1,3.58,38.6,0,,BRIS,CORE Cluster,Prophet+Wx+Hol
Yo-Chi Albert St,QLD,2027-01-30,FY 2027,forecast,16908.6,13763.65,20045.99,0.9,13.5972,1243.54,154.7,-792.29,29.6,7.23,35.6,0,,BRIS,CORE Cluster,Prophet+Wx+Hol
Yo-Chi Albert St,QLD,2027-01-31,FY 2027,forecast,15312.33,12223.26,18491.97,0.9,13.5972,1126.14,126.62,-1084.16,30.6,4.77,35.2,0,,BRIS,CORE Cluster,Prophet+Wx+Hol
Yo-Chi Albert St,QLD,2027-02-01,FY 2027,forecast,11918.32,8902.05,15392.81,0.9,13.5972,876.53,121.4,-679.18,31.5,1.45,36.9,0,,BRIS,CORE Cluster,Prophet+Wx+Hol
Yo-Chi Albert St,QLD,2027-02-02,FY 2027,forecast,11357.61,8330.6,14381.91,0.9,13.5972,835.29,109.56,-773.79,30.1,10.53,33.4,0,,BRIS,CORE Cluster,Prophet+Wx+Hol
Yo-Chi Albert St,QLD,2027-02-03,FY 2027,forecast,11574.31,8468.79,14619.93,0.9,13.5972,851.23,97.29,-886.25,29.5,11.17,38.3,0,,BRIS,CORE Cluster,Prophet+Wx+Hol
Yo-Chi Albert St,QLD,2027-02-04,FY 2027,forecast,12512.5,9522.73,15741.55,0.9,13.5972,920.23,77.69,-684.37,28.3,1.38,35.8,0,,BRIS,CORE Cluster,Prophet+Wx+Hol
Yo-Chi Albert St,QLD,2027-02-05,FY 2027,forecast,16155.14,13065.9,19539.73,0.9,13.5972,1188.12,119.89,-880.63,29.2,0.85,34.7,0,,BRIS,CORE Cluster,Prophet+Wx+Hol
Yo-Chi Albert St,QLD,2027-02-06,FY 2027,forecast,17376.41,14424.22,20852.41,0.9,13.5972,1277.94,124.23,-818.79,29.4,0.62,36.7,0,,BRIS,CORE Cluster,Prophet+Wx+Hol
Yo-Chi Albert St,QLD,2027-02-07,FY 2027,forecast,15554.68,12444.61,18753.48,0.9,13.5972,1143.96,99.77,-1099.78,29.7,1.28,36.8,0,,BRIS,CORE Cluster,Prophet+Wx+Hol
Yo-Chi Albert St,QLD,2027-02-08,FY 2027,forecast,11671.76,8566.87,14716.19,0.9,13.5972,858.4,101.09,-691.8,29.2,3.95,37.1,0,,BRIS,CORE Cluster,Prophet+Wx+Hol
Yo-Chi Albert St,QLD,2027-02-09,FY 2027,forecast,12281.4,9373.76,15451.64,0.9,13.5972,903.23,78.9,-794.6,28.8,1.3,35.2,0,,BRIS,CORE Cluster,Prophet+Wx+Hol
Yo-Chi Albert St,QLD,2027-02-10,FY 2027,forecast,12815.21,9719.52,15952.35,0.9,13.5972,942.49,77.61,-955.74,29.3,3.05,35.7,0,,BRIS,CORE Cluster,Prophet+Wx+Hol
Yo-Chi Albert St,QLD,2027-02-11,FY 2027,forecast,13152.13,10048.82,16043.01,0.9,13.5972,967.27,81.32,-693.37,30.3,2.68,37.4,0,,BRIS,CORE Cluster,Prophet+Wx+Hol
Yo-Chi Albert St,QLD,2027-02-12,FY 2027,forecast,16787.1,13636.06,20110.26,0.9,13.5972,1234.6,129.29,-856.43,31.5,2.58,39.2,0,,BRIS,CORE Cluster,Prophet+Wx+Hol
Yo-Chi Albert St,QLD,2027-02-13,FY 2027,forecast,17639.35,14277.9,21068.07,0.9,13.5972,1297.28,133.59,-789.98,29.3,4.85,40.0,0,,BRIS,CORE Cluster,Prophet+Wx+Hol
Yo-Chi Albert St,QLD,2027-02-14,FY 2027,forecast,15343.7,12097.25,18314.55,0.9,13.5972,1128.45,117.47,-1097.62,28.1,11.47,35.7,0,,BRIS,CORE Cluster,Prophet+Wx+Hol
Yo-Chi Albert St,QLD,2027-02-15,FY 2027,forecast,12065.53,9077.35,15304.57,0.9,13.5972,887.36,111.55,-692.7,27.3,6.97,36.0,0,,BRIS,CORE Cluster,Prophet+Wx+Hol
Yo-Chi Albert St,QLD,2027-02-16,FY 2027,forecast,12243.45,9300.8,15266.93,0.9,13.5972,900.44,101.08,-737.84,27.8,9.05,38.1,0,,BRIS,CORE Cluster,Prophet+Wx+Hol
Yo-Chi Albert St,QLD,2027-02-17,FY 2027,forecast,13652.31,10676.3,16984.9,0.9,13.5972,1004.05,86.56,-928.29,27.8,0.38,36.7,0,,BRIS,CORE Cluster,Prophet+Wx+Hol
Yo-Chi Albert St,QLD,2027-02-18,FY 2027,forecast,14044.01,10853.17,17230.14,0.9,13.5972,1032.86,96.23,-691.26,29.1,0.97,34.7,0,,BRIS,CORE Cluster,Prophet+Wx+Hol
Yo-Chi Albert St,QLD,2027-02-19,FY 2027,forecast,17568.14,14234.4,20836.54,0.9,13.5972,1292.04,147.21,-892.54,29.5,2.58,31.4,0,,BRIS,CORE Cluster,Prophet+Wx+Hol
Yo-Chi Albert St,QLD,2027-02-20,FY 2027,forecast,18834.4,15454.22,22411.11,0.9,13.5972,1385.17,151.05,-832.31,28.6,1.0,31.5,0,,BRIS,CORE Cluster,Prophet+Wx+Hol
Yo-Chi Albert St,QLD,2027-02-21,FY 2027,forecast,16952.68,13597.56,20225.78,0.9,13.5972,1246.78,129.26,-1040.76,29.7,0.53,37.3,0,,BRIS,CORE Cluster,Prophet+Wx+Hol
Yo-Chi Albert St,QLD,2027-02-22,FY 2027,forecast,13152.55,10175.89,16220.5,0.9,13.5972,967.3,133.5,-596.59,30.0,1.72,39.1,0,,BRIS,CORE Cluster,Prophet+Wx+Hol
Yo-Chi Albert St,QLD,2027-02-23,FY 2027,forecast,12615.79,9538.46,15772.4,0.9,13.5972,927.82,131.35,-667.7,29.7,11.9,36.0,0,,BRIS,CORE Cluster,Prophet+Wx+Hol
Yo-Chi Albert St,QLD,2027-02-24,FY 2027,forecast,12587.03,9440.7,15738.66,0.9,13.5972,925.71,122.38,-786.39,27.8,14.73,37.8,0,,BRIS,CORE Cluster,Prophet+Wx+Hol
Yo-Chi Albert St,QLD,2027-02-25,FY 2027,forecast,12632.1,9389.49,15817.27,0.9,13.5972,929.02,125.42,-553.44,27.6,16.5,33.8,0,,BRIS,CORE Cluster,Prophet+Wx+Hol
Yo-Chi Albert St,QLD,2027-02-26,FY 2027,forecast,14900.9,11767.09,18235.85,0.9,13.5972,1095.88,189.03,-665.38,28.5,29.5,36.3,0,,BRIS,CORE Cluster,Prophet+Wx+Hol
Yo-Chi Albert St,QLD,2027-02-27,FY 2027,forecast,16239.29,12964.22,19608.4,0.9,13.5972,1194.31,187.5,-587.9,28.4,25.7,38.1,0,,BRIS,CORE Cluster,Prophet+Wx+Hol
Yo-Chi Albert St,QLD,2027-02-28,FY 2027,forecast,16538.93,13156.46,19799.08,0.9,13.5972,1216.35,129.32,-957.82,29.2,1.83,33.1,0,,BRIS,CORE Cluster,Prophet+Wx+Hol
Yo-Chi Albert St,QLD,2027-03-01,FY 2027,forecast,12743.69,9726.5,15808.69,0.9,13.5972,937.23,127.04,-531.64,29.4,1.85,33.2,0,,BRIS,CORE Cluster,Prophet+Wx+Hol
Yo-Chi Albert St,QLD,2027-03-02,FY 2027,forecast,12885.66,9804.79,15992.32,0.9,13.5972,947.67,105.84,-565.84,30.1,1.28,36.1,0,,BRIS,CORE Cluster,Prophet+Wx+Hol
Yo-Chi Albert St,QLD,2027-03-03,FY 2027,forecast,11908.64,8938.22,14991.86,0.9,13.5972,875.82,105.55,-654.91,28.3,13.43,39.6,0,,BRIS,CORE Cluster,Prophet+Wx+Hol
Yo-Chi Albert St,QLD,2027-03-04,FY 2027,forecast,12800.64,9929.34,16029.97,0.9,13.5972,941.42,88.65,-452.94,28.2,4.17,35.6,0,,BRIS,CORE Cluster,Prophet+Wx+Hol
Yo-Chi Albert St,QLD,2027-03-05,FY 2027,forecast,15973.68,12498.49,19317.3,0.9,13.5972,1174.78,127.75,-599.99,28.4,4.45,38.3,0,,BRIS,CORE Cluster,Prophet+Wx+Hol
Yo-Chi Albert St,QLD,2027-03-06,FY 2027,forecast,16878.96,13756.55,20200.93,0.9,13.5972,1241.36,130.86,-520.71,28.7,5.23,41.0,0,,BRIS,CORE Cluster,Prophet+Wx+Hol
Yo-Chi Albert St,QLD,2027-03-07,FY 2027,forecast,14660.0,11593.99,18030.5,0.9,13.5972,1078.16,100.96,-785.37,28.6,6.62,42.8,0,,BRIS,CORE Cluster,Prophet+Wx+Hol
Yo-Chi Albert St,QLD,2027-03-08,FY 2027,forecast,8811.5,5768.32,11940.98,0.9,13.5972,648.04,129.59,-323.53,28.3,29.93,43.6,0,,BRIS,CORE Cluster,Prophet+Wx+Hol
Yo-Chi Albert St,QLD,2027-03-09,FY 2027,forecast,8830.17,6018.04,11752.03,0.9,13.5972,649.41,111.45,-443.33,28.1,32.53,40.1,0,,BRIS,CORE Cluster,Prophet+Wx+Hol
Yo-Chi Albert St,QLD,2027-03-10,FY 2027,forecast,10893.21,8071.17,13978.61,0.9,13.5972,801.14,72.52,-706.37,27.4,13.73,36.2,0,,BRIS,CORE Cluster,Prophet+Wx+Hol
Yo-Chi Albert St,QLD,2027-03-11,FY 2027,forecast,11191.09,8135.02,14219.03,0.9,13.5972,823.04,64.0,-526.34,26.3,11.45,31.1,0,,BRIS,CORE Cluster,Prophet+Wx+Hol
Yo-Chi Albert St,QLD,2027-03-12,FY 2027,forecast,15490.57,12111.12,18960.39,0.9,13.5972,1139.25,102.46,-761.33,28.6,3.63,30.5,0,,BRIS,CORE Cluster,Prophet+Wx+Hol
Yo-Chi Albert St,QLD,2027-03-13,FY 2027,forecast,16660.51,13465.48,20028.74,0.9,13.5972,1225.29,102.49,-730.56,27.9,2.08,31.5,0,,BRIS,CORE Cluster,Prophet+Wx+Hol
Yo-Chi Albert St,QLD,2027-03-14,FY 2027,forecast,14873.74,11800.93,18154.11,0.9,13.5972,1093.88,72.27,-1034.97,28.0,0.3,33.0,0,,BRIS,CORE Cluster,Prophet+Wx+Hol
Yo-Chi Albert St,QLD,2027-03-15,FY 2027,forecast,10480.03,7368.4,13634.56,0.9,13.5972,770.75,77.32,-604.33,27.2,6.43,36.1,0,,BRIS,CORE Cluster,Prophet+Wx+Hol
Yo-Chi Albert St,QLD,2027-03-16,FY 2027,forecast,11258.18,8082.67,14351.01,0.9,13.5972,827.98,56.64,-760.17,27.7,2.7,33.0,0,,BRIS,CORE Cluster,Prophet+Wx+Hol
Yo-Chi Albert St,QLD,2027-03-17,FY 2027,forecast,11757.26,8983.05,14879.2,0.9,13.5972,864.68,58.45,-973.1,28.5,5.18,32.2,0,,BRIS,CORE Cluster,Prophet+Wx+Hol
Yo-Chi Albert St,QLD,2027-03-18,FY 2027,forecast,11906.88,8729.29,15100.39,0.9,13.5972,875.69,58.87,-765.55,27.7,5.65,30.8,0,,BRIS,CORE Cluster,Prophet+Wx+Hol
Yo-Chi Albert St,QLD,2027-03-19,FY 2027,forecast,15756.97,12622.34,19085.87,0.9,13.5972,1158.84,99.99,-1008.42,27.4,2.2,29.3,0,,BRIS,CORE Cluster,Prophet+Wx+Hol
Yo-Chi Albert St,QLD,2027-03-20,FY 2027,forecast,17058.39,13656.52,20472.44,0.9,13.5972,1254.55,113.47,-996.74,27.9,3.3,29.3,0,,BRIS,CORE Cluster,Prophet+Wx+Hol
Yo-Chi Albert St,QLD,2027-03-21,FY 2027,forecast,15033.68,11939.05,18289.96,0.9,13.5972,1105.65,86.65,-1248.86,27.4,3.63,35.6,0,,BRIS,CORE Cluster,Prophet+Wx+Hol
Yo-Chi Albert St,QLD,2027-03-22,FY 2027,forecast,9930.24,7011.29,12841.9,0.9,13.5972,730.32,115.8,-847.43,26.5,22.28,33.6,0,,BRIS,CORE Cluster,Prophet+Wx+Hol
Yo-Chi Albert St,QLD,2027-03-23,FY 2027,forecast,11520.03,8389.01,14522.64,0.9,13.5972,847.24,88.28,-1015.55,27.2,11.28,30.4,0,,BRIS,CORE Cluster,Prophet+Wx+Hol
Yo-Chi Albert St,QLD,2027-03-24,FY 2027,forecast,12757.21,9522.41,15775.01,0.9,13.5972,938.22,74.26,-1199.83,27.2,4.35,32.9,0,,BRIS,CORE Cluster,Prophet+Wx+Hol
Yo-Chi Albert St,QLD,2027-03-25,FY 2027,forecast,13211.93,10170.48,16498.68,0.9,13.5972,971.67,81.42,-1023.73,27.1,5.55,27.1,0,,BRIS,CORE Cluster,Prophet+Wx+Hol
Yo-Chi Albert St,QLD,2027-03-26,FY 2027,forecast,16937.55,13600.9,20171.73,0.9,13.5972,1245.67,152.09,-1178.52,27.0,15.15,28.0,0,Good Friday,BRIS,CORE Cluster,Prophet+Wx+Hol
Yo-Chi Albert St,QLD,2027-03-27,FY 2027,forecast,16704.86,13381.57,20273.09,0.9,13.5972,1228.55,137.54,-1058.72,26.7,9.57,36.2,0,Easter Saturday,BRIS,CORE Cluster,Prophet+Wx+Hol
Yo-Chi Albert St,QLD,2027-03-28,FY 2027,forecast,24019.75,20013.53,28190.7,0.9,13.5972,1766.52,75.51,-1301.36,26.5,18.7,34.7,0,Easter Sunday,BRIS,CORE Cluster,Prophet+Wx+Hol
Yo-Chi Albert St,QLD,2027-03-29,FY 2027,forecast,14801.22,11517.8,18099.41,0.9,13.5972,1088.55,151.29,-997.01,26.0,9.93,29.0,0,Easter Monday,BRIS,CORE Cluster,Prophet+Wx+Hol
Yo-Chi Albert St,QLD,2027-03-30,FY 2027,forecast,13944.86,10670.4,17146.57,0.9,13.5972,1025.57,126.48,-995.24,27.7,3.32,39.2,0,,BRIS,CORE Cluster,Prophet+Wx+Hol
Yo-Chi Albert St,QLD,2027-03-31,FY 2027,forecast,14557.25,11270.08,17604.69,0.9,13.5972,1070.61,82.09,-1259.09,26.6,1.15,31.8,0,,BRIS,CORE Cluster,Prophet+Wx+Hol
Yo-Chi Albert St,QLD,2027-04-01,FY 2027,forecast,14762.44,11665.35,18037.12,0.9,13.5972,1085.7,76.69,-993.61,25.1,1.13,30.4,0,,BRIS,CORE Cluster,Prophet+Wx+Hol
Yo-Chi Albert St,QLD,2027-04-02,FY 2027,forecast,18194.29,14671.52,21970.11,0.9,13.5972,1338.09,128.8,-1152.49,25.9,4.22,30.5,0,,BRIS,CORE Cluster,Prophet+Wx+Hol
Yo-Chi Albert St,QLD,2027-04-03,FY 2027,forecast,19675.07,16109.92,23435.32,0.9,13.5972,1447.0,133.38,-1067.18,26.4,2.67,31.9,0,,BRIS,CORE Cluster,Prophet+Wx+Hol
Yo-Chi Albert St,QLD,2027-04-04,FY 2027,forecast,17163.35,13642.75,20946.08,0.9,13.5972,1262.27,113.06,-1332.74,25.3,10.88,29.8,0,,BRIS,CORE Cluster,Prophet+Wx+Hol
Yo-Chi Albert St,QLD,2027-04-05,FY 2027,forecast,13850.79,10535.22,17110.89,0.9,13.5972,1018.65,112.2,-882.6,26.3,8.98,30.0,0,,BRIS,CORE Cluster,Prophet+Wx+Hol
Yo-Chi Albert St,QLD,2027-04-06,FY 2027,forecast,14342.58,10874.39,17433.08,0.9,13.5972,1054.82,86.91,-945.49,25.9,7.12,28.4,0,,BRIS,CORE Cluster,Prophet+Wx+Hol
Yo-Chi Albert St,QLD,2027-04-07,FY 2027,forecast,15151.44,11908.19,18569.77,0.9,13.5972,1114.31,76.62,-1034.9,27.3,3.93,33.6,0,,BRIS,CORE Cluster,Prophet+Wx+Hol
Yo-Chi Albert St,QLD,2027-04-08,FY 2027,forecast,15615.03,12072.32,19245.05,0.9,13.5972,1148.4,70.89,-732.44,27.7,0.42,34.5,0,,BRIS,CORE Cluster,Prophet+Wx+Hol
Yo-Chi Albert St,QLD,2027-04-09,FY 2027,forecast,18807.14,15209.42,22586.63,0.9,13.5972,1383.16,115.08,-864.68,27.2,1.9,35.6,0,,BRIS,CORE Cluster,Prophet+Wx+Hol
Yo-Chi Albert St,QLD,2027-04-10,FY 2027,forecast,20285.85,16521.82,24315.68,0.9,13.5972,1491.92,121.36,-826.53,27.5,0.07,31.8,0,,BRIS,CORE Cluster,Prophet+Wx+Hol
Yo-Chi Albert St,QLD,2027-04-11,FY 2027,forecast,18438.31,14778.85,22213.34,0.9,13.5972,1356.04,96.66,-1109.73,27.8,0.2,29.7,0,,BRIS,CORE Cluster,Prophet+Wx+Hol
Yo-Chi Albert St,QLD,2027-04-12,FY 2027,forecast,14225.18,11013.17,17625.96,0.9,13.5972,1046.19,94.15,-612.84,26.2,1.97,32.5,0,,BRIS,CORE Cluster,Prophet+Wx+Hol
Yo-Chi Albert St,QLD,2027-04-13,FY 2027,forecast,14339.31,11248.31,17720.55,0.9,13.5972,1054.58,75.03,-657.26,25.8,1.42,33.1,0,,BRIS,CORE Cluster,Prophet+Wx+Hol
Yo-Chi Albert St,QLD,2027-04-14,FY 2027,forecast,14933.37,11729.99,18427.82,0.9,13.5972,1098.27,72.38,-858.17,25.6,0.53,28.8,0,,BRIS,CORE Cluster,Prophet+Wx+Hol
Yo-Chi Albert St,QLD,2027-04-15,FY 2027,forecast,14916.97,11417.04,18486.67,0.9,13.5972,1097.06,79.75,-549.84,26.2,0.25,31.2,0,,BRIS,CORE Cluster,Prophet+Wx+Hol
Yo-Chi Albert St,QLD,2027-04-16,FY 2027,forecast,18266.53,14588.91,21928.43,0.9,13.5972,1343.41,136.89,-713.41,27.1,0.02,32.5,0,,BRIS,CORE Cluster,Prophet+Wx+Hol
Yo-Chi Albert St,QLD,2027-04-17,FY 2027,forecast,19176.28,15696.53,23131.55,0.9,13.5972,1410.31,154.63,-686.7,26.4,1.53,29.4,0,,BRIS,CORE Cluster,Prophet+Wx+Hol
Yo-Chi Albert St,QLD,2027-04-18,FY 2027,forecast,17217.23,13673.02,20754.36,0.9,13.5972,1266.24,137.25,-997.12,26.2,0.53,28.1,0,,BRIS,CORE Cluster,Prophet+Wx+Hol
Yo-Chi Albert St,QLD,2027-04-19,FY 2027,forecast,13402.31,10213.57,16773.76,0.9,13.5972,985.67,150.9,-583.29,26.2,0.03,27.5,0,,BRIS,CORE Cluster,Prophet+Wx+Hol
Yo-Chi Albert St,QLD,2027-04-20,FY 2027,forecast,13342.52,10238.86,16660.55,0.9,13.5972,981.27,151.45,-654.19,26.9,1.63,29.1,0,,BRIS,CORE Cluster,Prophet+Wx+Hol
Yo-Chi Albert St,QLD,2027-04-21,FY 2027,forecast,12933.06,9838.81,16460.06,0.9,13.5972,951.16,162.91,-766.03,25.8,6.33,35.1,0,,BRIS,CORE Cluster,Prophet+Wx+Hol
Yo-Chi Albert St,QLD,2027-04-22,FY 2027,forecast,13169.23,9894.41,16487.01,0.9,13.5972,968.53,167.21,-505.95,24.6,0.32,37.2,0,,BRIS,CORE Cluster,Prophet+Wx+Hol
Yo-Chi Albert St,QLD,2027-04-23,FY 2027,forecast,16413.44,12874.7,20014.47,0.9,13.5972,1207.12,234.61,-734.29,24.4,0.73,36.1,0,,BRIS,CORE Cluster,Prophet+Wx+Hol
Yo-Chi Albert St,QLD,2027-04-24,FY 2027,forecast,17046.51,13466.95,20761.51,0.9,13.5972,1253.68,265.57,-676.13,24.2,3.68,38.9,0,,BRIS,CORE Cluster,Prophet+Wx+Hol
Yo-Chi Albert St,QLD,2027-04-25,FY 2027,forecast,14652.29,11449.25,18107.17,0.9,13.5972,1077.6,264.25,-1047.52,23.0,8.22,34.4,0,,BRIS,CORE Cluster,Prophet+Wx+Hol
Yo-Chi Albert St,QLD,2027-04-26,FY 2027,forecast,16033.56,12644.69,19626.57,0.9,13.5972,1179.18,153.39,-742.57,22.9,1.95,29.3,0,ANZAC Day,BRIS,CORE Cluster,Prophet+Wx+Hol
Yo-Chi Albert St,QLD,2027-04-27,FY 2027,forecast,11893.39,8791.06,15338.88,0.9,13.5972,874.7,184.52,-762.77,24.1,1.95,33.7,0,,BRIS,CORE Cluster,Prophet+Wx+Hol
Yo-Chi Albert St,QLD,2027-04-28,FY 2027,forecast,12156.41,8897.2,15385.32,0.9,13.5972,894.04,299.94,-1024.65,24.2,0.83,33.0,0,,BRIS,CORE Cluster,Prophet+Wx+Hol
Yo-Chi Albert St,QLD,2027-04-29,FY 2027,forecast,12427.61,9228.97,15945.61,0.9,13.5972,913.98,324.96,-853.68,24.5,0.57,28.1,0,,BRIS,CORE Cluster,Prophet+Wx+Hol
Yo-Chi Albert St,QLD,2027-04-30,FY 2027,forecast,15479.51,12143.26,19245.83,0.9,13.5972,1138.43,398.59,-1082.61,24.3,4.25,27.3,0,,BRIS,CORE Cluster,Prophet+Wx+Hol
Yo-Chi Albert St,QLD,2027-05-01,FY 2027,forecast,16343.81,12800.01,19909.97,0.9,13.5972,1202.0,415.56,-977.1,23.2,2.44,35.3,0,,BRIS,CORE Cluster,Prophet+Wx+Hol
Yo-Chi Albert St,QLD,2027-05-02,FY 2027,forecast,14335.97,10975.84,17838.63,0.9,13.5972,1054.33,402.21,-1253.74,23.2,1.24,40.3,0,,BRIS,CORE Cluster,Prophet+Wx+Hol
Yo-Chi Albert St,QLD,2027-05-03,FY 2027,forecast,17735.86,14093.11,21313.45,0.9,13.5972,1304.38,409.85,-962.75,23.9,1.03,30.5,0,Labour Day,BRIS,CORE Cluster,Prophet+Wx+Hol
Yo-Chi Albert St,QLD,2027-05-04,FY 2027,forecast,11106.58,8060.43,14420.68,0.9,13.5972,816.83,431.49,-1102.45,24.4,1.69,27.7,0,,BRIS,CORE Cluster,Prophet+Wx+Hol
Yo-Chi Albert St,QLD,2027-05-05,FY 2027,forecast,11749.66,8524.36,15170.14,0.9,13.5972,864.12,428.4,-1277.93,23.7,2.51,29.2,0,,BRIS,CORE Cluster,Prophet+Wx+Hol
Yo-Chi Albert St,QLD,2027-05-06,FY 2027,forecast,11901.89,8758.14,15149.74,0.9,13.5972,875.32,441.73,-1021.22,24.3,3.16,29.3,0,,BRIS,CORE Cluster,Prophet+Wx+Hol
Yo-Chi Albert St,QLD,2027-05-07,FY 2027,forecast,15275.74,11800.75,19053.1,0.9,13.5972,1123.45,496.38,-1193.63,24.3,3.34,31.6,0,,BRIS,CORE Cluster,Prophet+Wx+Hol
Yo-Chi Albert St,QLD,2027-05-08,FY 2027,forecast,16459.25,12779.46,19876.55,0.9,13.5972,1210.49,501.0,-1108.6,23.4,1.34,34.9,0,,BRIS,CORE Cluster,Prophet+Wx+Hol
Yo-Chi Albert St,QLD,2027-05-09,FY 2027,forecast,14409.33,11167.37,17748.58,0.9,13.5972,1059.73,479.46,-1438.16,22.8,4.57,31.2,0,,BRIS,CORE Cluster,Prophet+Wx+Hol
Yo-Chi Albert St,QLD,2027-05-10,FY 2027,forecast,11218.73,8120.98,14418.57,0.9,13.5972,825.08,478.22,-987.1,24.1,0.41,32.9,0,,BRIS,CORE Cluster,Prophet+Wx+Hol
Yo-Chi Albert St,QLD,2027-05-11,FY 2027,forecast,10760.22,7570.87,14192.98,0.9,13.5972,791.36,464.35,-1024.71,23.2,7.94,33.6,0,,BRIS,CORE Cluster,Prophet+Wx+Hol
Yo-Chi Albert St,QLD,2027-05-12,FY 2027,forecast,10962.33,7902.23,14211.05,0.9,13.5972,806.22,456.03,-1157.38,22.7,11.13,35.2,0,,BRIS,CORE Cluster,Prophet+Wx+Hol
Yo-Chi Albert St,QLD,2027-05-13,FY 2027,forecast,11899.55,8707.39,15102.79,0.9,13.5972,875.15,444.9,-932.3,23.2,5.13,30.4,0,,BRIS,CORE Cluster,Prophet+Wx+Hol
Yo-Chi Albert St,QLD,2027-05-14,FY 2027,forecast,15180.34,11901.45,18644.31,0.9,13.5972,1116.43,490.53,-1112.21,23.1,8.28,28.4,0,,BRIS,CORE Cluster,Prophet+Wx+Hol
Yo-Chi Albert St,QLD,2027-05-15,FY 2027,forecast,16522.89,12807.06,20286.68,0.9,13.5972,1215.17,491.38,-1052.97,23.3,8.33,26.7,0,,BRIS,CORE Cluster,Prophet+Wx+Hol
Yo-Chi Albert St,QLD,2027-05-16,FY 2027,forecast,14255.05,10711.65,18029.49,0.9,13.5972,1048.38,448.02,-1267.94,21.9,9.65,30.9,0,,BRIS,CORE Cluster,Prophet+Wx+Hol
Yo-Chi Albert St,QLD,2027-05-17,FY 2027,forecast,11355.45,8191.4,14797.79,0.9,13.5972,835.13,430.39,-829.02,22.7,2.35,29.8,0,,BRIS,CORE Cluster,Prophet+Wx+Hol
Yo-Chi Albert St,QLD,2027-05-18,FY 2027,forecast,11881.75,8560.64,15215.2,0.9,13.5972,873.84,399.2,-906.06,22.9,0.72,27.9,0,,BRIS,CORE Cluster,Prophet+Wx+Hol
Yo-Chi Albert St,QLD,2027-05-19,FY 2027,forecast,12139.72,8822.59,15523.11,0.9,13.5972,892.81,376.75,-1014.88,21.7,1.13,31.1,0,,BRIS,CORE Cluster,Prophet+Wx+Hol
Yo-Chi Albert St,QLD,2027-05-20,FY 2027,forecast,12475.52,9189.66,15914.97,0.9,13.5972,917.51,369.62,-787.12,21.5,1.37,24.9,0,,BRIS,CORE Cluster,Prophet+Wx+Hol
Yo-Chi Albert St,QLD,2027-05-21,FY 2027,forecast,15413.7,11599.72,18989.74,0.9,13.5972,1133.59,409.65,-883.69,21.0,4.27,30.6,0,,BRIS,CORE Cluster,Prophet+Wx+Hol
Yo-Chi Albert St,QLD,2027-05-22,FY 2027,forecast,16787.62,13256.83,20663.66,0.9,13.5972,1234.64,404.83,-807.64,20.9,1.63,31.8,0,,BRIS,CORE Cluster,Prophet+Wx+Hol
Yo-Chi Albert St,QLD,2027-05-23,FY 2027,forecast,15114.55,11468.41,18657.12,0.9,13.5972,1111.59,368.43,-1135.16,20.9,0.15,29.0,0,,BRIS,CORE Cluster,Prophet+Wx+Hol
Yo-Chi Albert St,QLD,2027-05-24,FY 2027,forecast,11615.59,8318.99,14733.95,0.9,13.5972,854.26,371.26,-701.51,22.6,0.18,28.4,0,,BRIS,CORE Cluster,Prophet+Wx+Hol
Yo-Chi Albert St,QLD,2027-05-25,FY 2027,forecast,11974.81,8630.43,15528.25,0.9,13.5972,880.68,351.6,-829.0,22.8,0.72,24.6,0,,BRIS,CORE Cluster,Prophet+Wx+Hol
Yo-Chi Albert St,QLD,2027-05-26,FY 2027,forecast,12478.52,9159.63,15885.25,0.9,13.5972,917.73,345.72,-990.19,23.7,0.63,27.2,0,,BRIS,CORE Cluster,Prophet+Wx+Hol
Yo-Chi Albert St,QLD,2027-05-27,FY 2027,forecast,12557.66,9155.38,15945.57,0.9,13.5972,923.55,344.77,-710.71,23.7,0.03,29.1,0,,BRIS,CORE Cluster,Prophet+Wx+Hol
Yo-Chi Albert St,QLD,2027-05-28,FY 2027,forecast,15858.29,12096.87,19631.39,0.9,13.5972,1166.29,390.84,-956.46,22.1,0.3,26.2,0,,BRIS,CORE Cluster,Prophet+Wx+Hol
Yo-Chi Albert St,QLD,2027-05-29,FY 2027,forecast,16658.6,12680.5,20693.33,0.9,13.5972,1225.15,395.42,-847.2,21.2,0.12,33.6,0,,BRIS,CORE Cluster,Prophet+Wx+Hol
Yo-Chi Albert St,QLD,2027-05-30,FY 2027,forecast,14200.8,10785.03,17680.68,0.9,13.5972,1044.39,382.02,-1217.81,20.6,7.12,29.8,0,,BRIS,CORE Cluster,Prophet+Wx+Hol
Yo-Chi Albert St,QLD,2027-05-31,FY 2027,forecast,10460.32,7162.73,13662.65,0.9,13.5972,769.3,387.53,-778.01,21.0,6.13,33.6,0,,BRIS,CORE Cluster,Prophet+Wx+Hol
Yo-Chi Albert St,QLD,2027-06-01,FY 2027,forecast,11161.56,8018.72,14245.19,0.9,13.5972,820.87,374.01,-923.12,22.4,2.35,33.6,0,,BRIS,CORE Cluster,Prophet+Wx+Hol
Yo-Chi Albert St,QLD,2027-06-02,FY 2027,forecast,11749.15,8156.28,15129.47,0.9,13.5972,864.09,366.86,-1184.92,21.0,0.27,31.4,0,,BRIS,CORE Cluster,Prophet+Wx+Hol
Yo-Chi Albert St,QLD,2027-06-03,FY 2027,forecast,11554.87,8231.81,14908.14,0.9,13.5972,849.8,377.55,-939.3,20.8,2.67,33.4,0,,BRIS,CORE Cluster,Prophet+Wx+Hol
Yo-Chi Albert St,QLD,2027-06-04,FY 2027,forecast,15064.63,11462.28,18576.75,0.9,13.5972,1107.92,431.13,-1181.94,20.8,0.92,35.0,0,,BRIS,CORE Cluster,Prophet+Wx+Hol
Yo-Chi Albert St,QLD,2027-06-05,FY 2027,forecast,16510.4,12717.9,20289.8,0.9,13.5972,1214.25,447.01,-1268.48,20.5,0.23,28.8,0,,BRIS,CORE Cluster,Prophet+Wx+Hol
Yo-Chi Albert St,QLD,2027-06-06,FY 2027,forecast,14695.16,11294.76,18554.97,0.9,13.5972,1080.75,427.35,-1658.08,20.9,0.55,27.4,0,,BRIS,CORE Cluster,Prophet+Wx+Hol
Yo-Chi Albert St,QLD,2027-06-07,FY 2027,forecast,10990.74,7679.35,14505.68,0.9,13.5972,808.31,430.41,-1280.42,20.3,0.13,27.1,0,,BRIS,CORE Cluster,Prophet+Wx+Hol
Yo-Chi Albert St,QLD,2027-06-08,FY 2027,forecast,11213.01,7785.18,14716.86,0.9,13.5972,824.66,414.31,-1391.91,20.7,0.1,30.0,0,,BRIS,CORE Cluster,Prophet+Wx+Hol
Yo-Chi Albert St,QLD,2027-06-09,FY 2027,forecast,11237.61,8006.72,14570.39,0.9,13.5972,826.47,402.55,-1506.76,19.7,0.73,40.5,0,,BRIS,CORE Cluster,Prophet+Wx+Hol
Yo-Chi Albert St,QLD,2027-06-10,FY 2027,forecast,11693.96,8325.17,14903.29,0.9,13.5972,860.03,406.13,-1378.91,19.6,0.85,32.6,0,,BRIS,CORE Cluster,Prophet+Wx+Hol
Yo-Chi Albert St,QLD,2027-06-11,FY 2027,forecast,15396.04,11933.26,18962.38,0.9,13.5972,1132.3,456.15,-1665.17,20.0,0.52,29.5,0,,BRIS,CORE Cluster,Prophet+Wx+Hol
Yo-Chi Albert St,QLD,2027-06-12,FY 2027,forecast,16697.32,12840.31,20662.37,0.9,13.5972,1228.0,460.92,-1636.59,20.6,0.25,31.6,0,,BRIS,CORE Cluster,Prophet+Wx+Hol
Yo-Chi Albert St,QLD,2027-06-13,FY 2027,forecast,15002.66,11299.09,18539.72,0.9,13.5972,1103.37,426.48,-2017.2,20.6,0.43,28.9,0,,BRIS,CORE Cluster,Prophet+Wx+Hol
Yo-Chi Albert St,QLD,2027-06-14,FY 2027,forecast,11394.23,8068.76,14901.84,0.9,13.5972,837.98,424.57,-1605.56,21.5,2.15,28.4,0,,BRIS,CORE Cluster,Prophet+Wx+Hol
Yo-Chi Albert St,QLD,2027-06-15,FY 2027,forecast,11899.45,8396.89,15241.73,0.9,13.5972,875.14,392.31,-1746.92,21.3,1.75,25.5,0,,BRIS,CORE Cluster,Prophet+Wx+Hol
Yo-Chi Albert St,QLD,2027-06-16,FY 2027,forecast,12689.63,9373.75,16235.69,0.9,13.5972,933.25,369.2,-1944.44,21.3,0.18,25.9,0,,BRIS,CORE Cluster,Prophet+Wx+Hol
Yo-Chi Albert St,QLD,2027-06-17,FY 2027,forecast,12783.75,9347.57,16368.21,0.9,13.5972,940.18,350.01,-1635.76,20.6,0.23,28.8,0,,BRIS,CORE Cluster,Prophet+Wx+Hol
Yo-Chi Albert St,QLD,2027-06-18,FY 2027,forecast,16293.82,12268.2,20450.96,0.9,13.5972,1198.32,382.91,-1794.83,20.8,0.35,31.9,0,,BRIS,CORE Cluster,Prophet+Wx+Hol
Yo-Chi Albert St,QLD,2027-06-19,FY 2027,forecast,17587.52,13378.75,21569.31,0.9,13.5972,1293.47,370.04,-1715.25,20.4,0.1,33.4,0,,BRIS,CORE Cluster,Prophet+Wx+Hol
Yo-Chi Albert St,QLD,2027-06-20,FY 2027,forecast,16132.36,12206.46,19940.92,0.9,13.5972,1186.45,324.62,-2090.44,20.5,0.12,26.5,0,,BRIS,CORE Cluster,Prophet+Wx+Hol
Yo-Chi Albert St,QLD,2027-06-21,FY 2027,forecast,12697.08,9152.27,16366.23,0.9,13.5972,933.8,308.98,-1618.01,21.2,0.15,26.5,0,,BRIS,CORE Cluster,Prophet+Wx+Hol
Yo-Chi Albert St,QLD,2027-06-22,FY 2027,forecast,12976.93,9450.8,16626.58,0.9,13.5972,954.38,266.65,-1633.63,20.8,0.3,29.3,0,,BRIS,CORE Cluster,Prophet+Wx+Hol
Yo-Chi Albert St,QLD,2027-06-23,FY 2027,forecast,13515.23,9916.55,16938.37,0.9,13.5972,993.97,241.97,-1740.11,21.0,1.12,32.6,0,,BRIS,CORE Cluster,Prophet+Wx+Hol
Yo-Chi Albert St,QLD,2027-06-24,FY 2027,forecast,14141.26,10663.17,17893.27,0.9,13.5972,1040.01,228.54,-1477.93,21.7,0.33,27.8,0,,BRIS,CORE Cluster,Prophet+Wx+Hol
Yo-Chi Albert St,QLD,2027-06-25,FY 2027,forecast,17597.49,13542.85,21674.47,0.9,13.5972,1294.2,267.13,-1632.94,21.7,2.43,27.2,0,,BRIS,CORE Cluster,Prophet+Wx+Hol
Yo-Chi Albert St,QLD,2027-06-26,FY 2027,forecast,19008.38,14452.49,23238.26,0.9,13.5972,1397.96,256.32,-1528.92,21.0,0.82,27.4,0,,BRIS,CORE Cluster,Prophet+Wx+Hol
Yo-Chi Albert St,QLD,2027-06-27,FY 2027,forecast,17397.15,13153.55,21387.55,0.9,13.5972,1279.47,217.85,-1794.08,21.6,0.25,27.3,0,,BRIS,CORE Cluster,Prophet+Wx+Hol
Yo-Chi Albert St,QLD,2027-06-28,FY 2027,forecast,13690.1,9986.64,17404.95,0.9,13.5972,1006.83,207.51,-1286.68,20.6,0.65,27.0,0,,BRIS,CORE Cluster,Prophet+Wx+Hol
Yo-Chi Albert St,QLD,2027-06-29,FY 2027,forecast,13873.78,10255.93,17692.95,0.9,13.5972,1020.34,182.85,-1296.18,20.2,1.88,28.4,0,,BRIS,CORE Cluster,Prophet+Wx+Hol
Yo-Chi Albert St,QLD,2027-06-30,FY 2027,forecast,14257.66,10403.64,17995.25,0.9,13.5972,1048.57,181.33,-1420.21,20.3,4.87,28.7,0,,BRIS,CORE Cluster,Prophet+Wx+Hol
Yo-Chi Albert St,QLD,2027-07-01,FY 2028,forecast,14257.66,10403.64,17995.25,0.9,13.5972,1048.57,181.33,-1420.21,,,,0,,BRIS,CORE Cluster,Prophet+Wx+Hol
Yo-Chi Balaclava,VIC,2025-07-01,FY 2026,actual,3020.98,,,,12.8008,236.0,8.64,-118.17,12.9,0.2,36.0,0,,MEL,Non CORE-Cluster,
Yo-Chi Balaclava,VIC,2025-07-02,FY 2026,actual,3085.25,,,,14.0239,220.0,0.0,-206.31,10.8,12.6,36.4,0,,MEL,Non CORE-Cluster,
Yo-Chi Balaclava,VIC,2025-07-03,FY 2026,actual,4501.38,,,,13.3177,338.0,0.0,-140.9,12.8,0.5,21.6,0,,MEL,Non CORE-Cluster,
Yo-Chi Balaclava,VIC,2025-07-04,FY 2026,actual,5816.11,,,,13.4945,431.0,19.0,-272.65,14.3,0.0,36.7,0,,MEL,Non CORE-Cluster,
Yo-Chi Balaclava,VIC,2025-07-05,FY 2026,actual,5044.9,,,,13.4531,375.0,7.18,-315.6,16.0,0.0,35.6,0,,MEL,Non CORE-Cluster,
Yo-Chi Balaclava,VIC,2025-07-06,FY 2026,actual,5828.53,,,,13.9773,417.0,17.27,-252.1,14.9,0.2,15.8,0,,MEL,Non CORE-Cluster,
Yo-Chi Balaclava,VIC,2025-07-07,FY 2026,actual,3932.88,,,,12.5651,313.0,8.64,-312.97,15.1,0.0,33.8,0,,MEL,Non CORE-Cluster,
Yo-Chi Balaclava,VIC,2025-07-08,FY 2026,actual,3843.4,,,,13.5809,283.0,20.73,-239.28,13.9,2.5,86.0,0,,MEL,Non CORE-Cluster,
Yo-Chi Balaclava,VIC,2025-07-09,FY 2026,actual,4381.46,,,,12.9247,339.0,20.73,-190.81,11.9,0.6,55.1,0,,MEL,Non CORE-Cluster,
Yo-Chi Balaclava,VIC,2025-07-10,FY 2026,actual,3543.36,,,,12.6098,281.0,36.27,-214.85,11.3,2.3,55.4,0,,MEL,Non CORE-Cluster,
Yo-Chi Balaclava,VIC,2025-07-11,FY 2026,actual,4236.23,,,,13.0748,324.0,20.73,-267.59,15.4,4.3,47.5,0,,MEL,Non CORE-Cluster,
Yo-Chi Balaclava,VIC,2025-07-12,FY 2026,actual,5941.4,,,,13.9469,426.0,34.55,-340.29,15.9,0.0,32.0,0,,MEL,Non CORE-Cluster,
Yo-Chi Balaclava,VIC,2025-07-13,FY 2026,actual,4507.62,,,,13.701,329.0,59.68,-269.47,14.1,3.1,60.5,0,,MEL,Non CORE-Cluster,
Yo-Chi Balaclava,VIC,2025-07-14,FY 2026,actual,3776.96,,,,12.1446,311.0,99.77,-255.85,12.8,0.0,40.3,0,,MEL,Non CORE-Cluster,
Yo-Chi Balaclava,VIC,2025-07-15,FY 2026,actual,4494.6,,,,13.703,328.0,100.36,-184.46,12.4,4.0,29.2,0,,MEL,Non CORE-Cluster,
Yo-Chi Balaclava,VIC,2025-07-16,FY 2026,actual,4801.69,,,,12.9078,372.0,128.36,-264.6,13.9,0.1,38.2,0,,MEL,Non CORE-Cluster,
Yo-Chi Balaclava,VIC,2025-07-17,FY 2026,actual,4495.05,,,,12.843,350.0,75.23,-156.24,13.4,4.0,41.4,0,,MEL,Non CORE-Cluster,
Yo-Chi Balaclava,VIC,2025-07-18,FY 2026,actual,5042.13,,,,13.2688,380.0,38.95,-320.68,14.2,0.0,25.9,0,,MEL,Non CORE-Cluster,
Yo-Chi Balaclava,VIC,2025-07-19,FY 2026,actual,5025.55,,,,15.2289,330.0,70.23,-199.91,13.1,0.2,63.0,0,,MEL,Non CORE-Cluster,
Yo-Chi Balaclava,VIC,2025-07-20,FY 2026,actual,5266.69,,,,13.3672,394.0,152.82,-322.85,13.8,0.0,22.0,0,,MEL,Non CORE-Cluster,
Yo-Chi Balaclava,VIC,2025-07-21,FY 2026,actual,3590.49,,,,12.8232,280.0,79.82,-261.87,15.2,0.0,53.6,0,,MEL,Non CORE-Cluster,
Yo-Chi Balaclava,VIC,2025-07-22,FY 2026,actual,3600.65,,,,13.1892,273.0,38.0,-259.68,14.4,12.6,64.4,0,,MEL,Non CORE-Cluster,
Yo-Chi Balaclava,VIC,2025-07-23,FY 2026,actual,3928.04,,,,12.6711,310.0,39.91,-219.42,12.0,1.2,43.9,0,,MEL,Non CORE-Cluster,
Yo-Chi Balaclava,VIC,2025-07-24,FY 2026,actual,3485.48,,,,12.5377,278.0,111.68,-171.68,15.1,0.0,24.5,0,,MEL,Non CORE-Cluster,
Yo-Chi Balaclava,VIC,2025-07-25,FY 2026,actual,4620.67,,,,13.752,336.0,110.14,-332.48,11.0,4.4,47.5,0,,MEL,Non CORE-Cluster,
Yo-Chi Balaclava,VIC,2025-07-26,FY 2026,actual,5466.21,,,,13.6314,401.0,47.59,-269.42,11.8,8.4,70.2,0,,MEL,Non CORE-Cluster,
Yo-Chi Balaclava,VIC,2025-07-27,FY 2026,actual,4921.61,,,,13.9422,353.0,39.91,-191.05,13.7,14.6,31.7,0,,MEL,Non CORE-Cluster,
Yo-Chi Balaclava,VIC,2025-07-28,FY 2026,actual,3531.15,,,,12.794,276.0,117.82,-180.83,13.9,1.3,49.0,0,,MEL,Non CORE-Cluster,
Yo-Chi Balaclava,VIC,2025-07-29,FY 2026,actual,3833.11,,,,13.0823,293.0,59.86,-218.15,12.6,0.9,22.0,0,,MEL,Non CORE-Cluster,
Yo-Chi Balaclava,VIC,2025-07-30,FY 2026,actual,4624.72,,,,12.6705,365.0,61.41,-357.17,11.6,0.0,27.4,0,,MEL,Non CORE-Cluster,
Yo-Chi Balaclava,VIC,2025-07-31,FY 2026,actual,4009.46,,,,12.9756,309.0,10.36,-233.04,12.1,0.0,26.3,0,,MEL,Non CORE-Cluster,
Yo-Chi Balaclava,VIC,2025-08-01,FY 2026,actual,5324.05,,,,13.8287,385.0,19.0,-202.97,10.9,0.0,20.5,0,,MEL,Non CORE-Cluster,
Yo-Chi Balaclava,VIC,2025-08-02,FY 2026,actual,5793.25,,,,13.5992,426.0,77.91,-351.73,13.1,0.0,15.5,0,,MEL,Non CORE-Cluster,
Yo-Chi Balaclava,VIC,2025-08-03,FY 2026,actual,7240.85,,,,14.1423,512.0,49.32,-412.53,16.5,0.0,21.6,0,,MEL,Non CORE-Cluster,
Yo-Chi Balaclava,VIC,2025-08-04,FY 2026,actual,3685.11,,,,12.9757,284.0,19.95,-272.51,16.9,0.0,54.7,0,,MEL,Non CORE-Cluster,
Yo-Chi Balaclava,VIC,2025-08-05,FY 2026,actual,3912.22,,,,12.5795,311.0,39.91,-294.17,15.9,3.9,55.4,0,,MEL,Non CORE-Cluster,
Yo-Chi Balaclava,VIC,2025-08-06,FY 2026,actual,3444.58,,,,12.5257,275.0,125.68,-176.63,13.3,1.6,37.8,0,,MEL,Non CORE-Cluster,
Yo-Chi Balaclava,VIC,2025-08-07,FY 2026,actual,4294.75,,,,13.7652,312.0,19.0,-261.69,12.1,0.0,22.3,0,,MEL,Non CORE-Cluster,
Yo-Chi Balaclava,VIC,2025-08-08,FY 2026,actual,5646.4,,,,13.4759,419.0,117.05,-306.3,12.6,0.0,24.5,0,,MEL,Non CORE-Cluster,
Yo-Chi Balaclava,VIC,2025-08-09,FY 2026,actual,5935.05,,,,14.2669,416.0,86.36,-351.89,13.4,0.0,24.1,0,,MEL,Non CORE-Cluster,
Yo-Chi Balaclava,VIC,2025-08-10,FY 2026,actual,6451.85,,,,13.1135,492.0,104.27,-385.04,15.3,0.0,18.7,0,,MEL,Non CORE-Cluster,
Yo-Chi Balaclava,VIC,2025-08-11,FY 2026,actual,4459.97,,,,13.5975,328.0,45.86,-318.71,17.0,0.0,29.5,0,,MEL,Non CORE-Cluster,
Yo-Chi Balaclava,VIC,2025-08-12,FY 2026,actual,3128.84,,,,12.9827,241.0,36.27,-226.61,14.4,7.2,37.8,0,,MEL,Non CORE-Cluster,
Yo-Chi Balaclava,VIC,2025-08-13,FY 2026,actual,4018.48,,,,13.1323,306.0,35.77,-330.64,13.6,0.3,32.8,0,,MEL,Non CORE-Cluster,
Yo-Chi Balaclava,VIC,2025-08-14,FY 2026,actual,4281.48,,,,13.2965,322.0,44.41,-326.62,17.8,0.0,39.2,0,,MEL,Non CORE-Cluster,
Yo-Chi Balaclava,VIC,2025-08-15,FY 2026,actual,4093.09,,,,14.3617,285.0,55.55,-302.21,14.8,2.5,66.6,0,,MEL,Non CORE-Cluster,
Yo-Chi Balaclava,VIC,2025-08-16,FY 2026,actual,4990.63,,,,14.2589,350.0,55.27,-277.47,11.6,0.8,41.8,0,,MEL,Non CORE-Cluster,
Yo-Chi Balaclava,VIC,2025-08-17,FY 2026,actual,4800.04,,,,13.9132,345.0,59.86,-325.34,12.8,0.1,29.5,0,,MEL,Non CORE-Cluster,
Yo-Chi Balaclava,VIC,2025-08-18,FY 2026,actual,4096.47,,,,14.029,292.0,59.86,-559.74,11.8,0.0,33.5,0,,MEL,Non CORE-Cluster,
Yo-Chi Balaclava,VIC,2025-08-19,FY 2026,actual,4546.19,,,,13.9027,327.0,48.55,-452.53,14.9,0.0,16.9,0,,MEL,Non CORE-Cluster,
Yo-Chi Balaclava,VIC,2025-08-20,FY 2026,actual,4825.39,,,,12.8335,376.0,66.59,-392.64,16.7,0.0,24.1,0,,MEL,Non CORE-Cluster,
Yo-Chi Balaclava,VIC,2025-08-21,FY 2026,actual,5601.73,,,,13.7974,406.0,110.73,-518.45,18.8,0.0,22.0,0,,MEL,Non CORE-Cluster,
Yo-Chi Balaclava,VIC,2025-08-22,FY 2026,actual,5588.99,,,,14.5927,383.0,100.55,-304.55,18.9,0.5,42.5,0,,MEL,Non CORE-Cluster,
Yo-Chi Balaclava,VIC,2025-08-23,FY 2026,actual,6362.37,,,,13.9526,456.0,66.59,-258.19,14.2,0.3,35.3,0,,MEL,Non CORE-Cluster,
Yo-Chi Balaclava,VIC,2025-08-24,FY 2026,actual,6098.73,,,,13.7669,443.0,37.5,-409.82,14.2,0.0,29.5,0,,MEL,Non CORE-Cluster,
Yo-Chi Balaclava,VIC,2025-08-25,FY 2026,actual,3544.03,,,,13.5787,261.0,88.95,-337.14,18.1,0.1,39.6,0,,MEL,Non CORE-Cluster,
Yo-Chi Balaclava,VIC,2025-08-26,FY 2026,actual,3033.43,,,,11.9898,253.0,30.91,-217.5,15.4,23.8,71.3,0,,MEL,Non CORE-Cluster,
Yo-Chi Balaclava,VIC,2025-08-27,FY 2026,actual,3673.72,,,,13.359,275.0,67.55,-188.95,14.2,3.8,64.1,0,,MEL,Non CORE-Cluster,
Yo-Chi Balaclava,VIC,2025-08-28,FY 2026,actual,4509.04,,,,12.9944,347.0,39.73,-279.5,14.2,0.5,52.2,0,,MEL,Non CORE-Cluster,
Yo-Chi Balaclava,VIC,2025-08-29,FY 2026,actual,4887.21,,,,14.9456,327.0,24.45,-280.24,12.6,2.5,66.6,0,,MEL,Non CORE-Cluster,
Yo-Chi Balaclava,VIC,2025-08-30,FY 2026,actual,5406.39,,,,14.5725,371.0,40.68,-223.92,12.1,10.2,90.0,1,,MEL,Non CORE-Cluster,
Yo-Chi Balaclava,VIC,2025-08-31,FY 2026,actual,5444.39,,,,15.4232,353.0,0.0,-261.83,15.4,0.9,38.2,0,,MEL,Non CORE-Cluster,
Yo-Chi Balaclava,VIC,2025-09-01,FY 2026,actual,4034.06,,,,13.8153,292.0,10.36,-430.44,15.2,0.5,27.7,0,,MEL,Non CORE-Cluster,
Yo-Chi Balaclava,VIC,2025-09-02,FY 2026,actual,5843.43,,,,14.6086,400.0,58.91,-847.01,15.9,0.3,51.5,0,,MEL,Non CORE-Cluster,
Yo-Chi Balaclava,VIC,2025-09-03,FY 2026,actual,6944.65,,,,14.2601,487.0,65.82,-1867.41,17.4,4.4,46.1,0,,MEL,Non CORE-Cluster,
Yo-Chi Balaclava,VIC,2025-09-04,FY 2026,actual,5274.48,,,,12.8333,411.0,27.64,-807.71,13.4,3.6,50.4,0,,MEL,Non CORE-Cluster,
Yo-Chi Balaclava,VIC,2025-09-05,FY 2026,actual,6575.71,,,,13.728,479.0,65.82,-943.96,13.6,0.0,26.3,0,,MEL,Non CORE-Cluster,
Yo-Chi Balaclava,VIC,2025-09-06,FY 2026,actual,12844.55,,,,20.0071,642.0,110.73,-4560.0,20.0,0.4,44.3,0,,MEL,Non CORE-Cluster,
Yo-Chi Balaclava,VIC,2025-09-07,FY 2026,actual,6021.8,,,,15.5201,388.0,10.36,-319.43,18.1,8.7,71.6,0,,MEL,Non CORE-Cluster,
Yo-Chi Balaclava,VIC,2025-09-08,FY 2026,actual,3628.88,,,,13.1959,275.0,27.64,-171.74,18.6,1.6,50.4,0,,MEL,Non CORE-Cluster,
Yo-Chi Balaclava,VIC,2025-09-09,FY 2026,actual,4744.8,,,,14.3347,331.0,10.36,-469.85,15.6,0.7,40.7,0,,MEL,Non CORE-Cluster,
Yo-Chi Balaclava,VIC,2025-09-10,FY 2026,actual,4871.15,,,,14.7165,331.0,8.64,-420.46,12.4,1.2,52.6,0,,MEL,Non CORE-Cluster,
Yo-Chi Balaclava,VIC,2025-09-11,FY 2026,actual,5078.71,,,,14.6784,346.0,15.45,-499.35,14.2,2.7,47.2,0,,MEL,Non CORE-Cluster,
Yo-Chi Balaclava,VIC,2025-09-12,FY 2026,actual,6576.03,,,,14.3896,457.0,38.0,-444.92,16.1,0.4,40.0,0,,MEL,Non CORE-Cluster,
Yo-Chi Balaclava,VIC,2025-09-13,FY 2026,actual,6462.17,,,,15.2051,425.0,44.82,-300.41,17.9,0.2,27.0,0,,MEL,Non CORE-Cluster,
Yo-Chi Balaclava,VIC,2025-09-14,FY 2026,actual,7461.27,,,,14.6875,508.0,45.86,-260.93,20.5,0.0,57.6,0,,MEL,Non CORE-Cluster,
Yo-Chi Balaclava,VIC,2025-09-15,FY 2026,actual,4534.94,,,,13.6184,333.0,39.91,-268.55,23.8,0.0,88.2,0,,MEL,Non CORE-Cluster,
Yo-Chi Balaclava,VIC,2025-09-16,FY 2026,actual,4026.37,,,,15.0238,268.0,17.27,-259.04,21.6,7.9,54.7,0,,MEL,Non CORE-Cluster,
Yo-Chi Balaclava,VIC,2025-09-17,FY 2026,actual,4383.69,,,,13.3243,329.0,38.0,-276.46,14.9,0.3,46.1,0,,MEL,Non CORE-Cluster,
Yo-Chi Balaclava,VIC,2025-09-18,FY 2026,actual,5034.99,,,,13.112,384.0,36.27,-267.85,19.1,0.0,55.1,0,,MEL,Non CORE-Cluster,
Yo-Chi Balaclava,VIC,2025-09-19,FY 2026,actual,7319.45,,,,14.9072,491.0,74.55,-338.45,21.9,4.5,69.8,0,,MEL,Non CORE-Cluster,
Yo-Chi Balaclava,VIC,2025-09-20,FY 2026,actual,6094.35,,,,15.4287,395.0,114.0,-249.81,14.1,0.7,52.2,0,,MEL,Non CORE-Cluster,
Yo-Chi Balaclava,VIC,2025-09-21,FY 2026,actual,5977.9,,,,14.5095,412.0,20.73,-180.11,16.4,6.3,47.2,0,,MEL,Non CORE-Cluster,
Yo-Chi Balaclava,VIC,2025-09-22,FY 2026,actual,3764.67,,,,14.7634,255.0,0.0,-132.15,13.2,2.1,59.8,0,,MEL,Non CORE-Cluster,
Yo-Chi Balaclava,VIC,2025-09-23,FY 2026,actual,4685.65,,,,13.904,337.0,8.64,-294.35,17.1,0.0,37.8,0,,MEL,Non CORE-Cluster,
Yo-Chi Balaclava,VIC,2025-09-24,FY 2026,actual,5141.31,,,,14.7315,349.0,38.55,-336.67,15.9,3.0,49.0,0,,MEL,Non CORE-Cluster,
Yo-Chi Balaclava,VIC,2025-09-25,FY 2026,actual,6268.03,,,,13.6558,459.0,51.82,-472.91,16.7,1.0,51.8,0,,MEL,Non CORE-Cluster,
Yo-Chi Balaclava,VIC,2025-09-26,FY 2026,actual,6068.69,,,,16.7643,362.0,8.64,-293.07,20.8,7.3,43.6,0,Grand Final Day,MEL,Non CORE-Cluster,
Yo-Chi Balaclava,VIC,2025-09-27,FY 2026,actual,4621.8,,,,13.8377,334.0,55.0,-190.24,18.6,0.0,52.6,0,,MEL,Non CORE-Cluster,
Yo-Chi Balaclava,VIC,2025-09-28,FY 2026,actual,6079.11,,,,14.4397,421.0,24.09,-259.83,15.2,0.0,32.8,0,,MEL,Non CORE-Cluster,
Yo-Chi Balaclava,VIC,2025-09-29,FY 2026,actual,6191.19,,,,14.7059,421.0,50.0,-540.15,21.5,0.9,48.2,0,,MEL,Non CORE-Cluster,
Yo-Chi Balaclava,VIC,2025-09-30,FY 2026,actual,4672.85,,,,13.6235,343.0,10.91,-418.96,19.9,8.8,57.6,0,,MEL,Non CORE-Cluster,
Yo-Chi Balaclava,VIC,2025-10-01,FY 2026,actual,6166.41,,,,14.717,419.0,10.91,-529.05,16.5,0.3,61.2,0,,MEL,Non CORE-Cluster,
Yo-Chi Balaclava,VIC,2025-10-02,FY 2026,actual,4309.24,,,,15.227,283.0,8.64,-263.89,14.6,3.2,68.0,0,,MEL,Non CORE-Cluster,
Yo-Chi Balaclava,VIC,2025-10-03,FY 2026,actual,5543.35,,,,14.4358,384.0,28.18,-296.87,17.4,0.3,52.6,0,,MEL,Non CORE-Cluster,
Yo-Chi Balaclava,VIC,2025-10-04,FY 2026,actual,7518.02,,,,14.5136,518.0,47.18,-487.84,24.0,0.0,33.8,0,,MEL,Non CORE-Cluster,
Yo-Chi Balaclava,VIC,2025-10-05,FY 2026,actual,6377.61,,,,15.221,419.0,48.36,-451.71,26.9,2.4,58.3,0,,MEL,Non CORE-Cluster,
Yo-Chi Balaclava,VIC,2025-10-06,FY 2026,actual,4457.71,,,,13.9303,320.0,29.91,-408.68,16.6,2.5,47.2,0,,MEL,Non CORE-Cluster,
Yo-Chi Balaclava,VIC,2025-10-07,FY 2026,actual,5261.68,,,,12.9598,406.0,20.73,-576.69,20.1,0.0,40.7,0,,MEL,Non CORE-Cluster,
Yo-Chi Balaclava,VIC,2025-10-08,FY 2026,actual,5369.56,,,,14.0564,382.0,75.82,-330.36,22.6,0.0,54.4,0,,MEL,Non CORE-Cluster,
Yo-Chi Balaclava,VIC,2025-10-09,FY 2026,actual,5072.87,,,,14.2097,357.0,19.0,-265.64,20.4,0.0,70.6,0,,MEL,Non CORE-Cluster,
Yo-Chi Balaclava,VIC,2025-10-10,FY 2026,actual,6847.49,,,,14.6314,468.0,24.09,-425.66,21.5,0.2,67.3,0,,MEL,Non CORE-Cluster,
Yo-Chi Balaclava,VIC,2025-10-11,FY 2026,actual,6839.75,,,,14.0736,486.0,19.55,-463.76,20.9,1.5,60.8,0,,MEL,Non CORE-Cluster,
Yo-Chi Balaclava,VIC,2025-10-12,FY 2026,actual,6375.14,,,,14.5551,438.0,0.0,-470.17,19.7,4.2,58.7,0,,MEL,Non CORE-Cluster,
Yo-Chi Balaclava,VIC,2025-10-13,FY 2026,actual,4634.77,,,,13.2801,349.0,25.91,-254.35,15.9,0.0,33.8,0,,MEL,Non CORE-Cluster,
Yo-Chi Balaclava,VIC,2025-10-14,FY 2026,actual,4983.21,,,,13.8808,359.0,19.55,-429.11,20.2,0.0,40.3,0,,MEL,Non CORE-Cluster,
Yo-Chi Balaclava,VIC,2025-10-15,FY 2026,actual,6493.59,,,,14.1165,460.0,19.55,-567.45,21.6,0.0,39.2,0,,MEL,Non CORE-Cluster,
Yo-Chi Balaclava,VIC,2025-10-16,FY 2026,actual,7174.15,,,,13.8765,517.0,25.91,-641.47,30.7,2.0,63.4,0,,MEL,Non CORE-Cluster,
Yo-Chi Balaclava,VIC,2025-10-17,FY 2026,actual,7282.27,,,,15.4613,471.0,10.91,-494.27,19.7,0.2,42.5,0,,MEL,Non CORE-Cluster,
Yo-Chi Balaclava,VIC,2025-10-18,FY 2026,actual,7921.82,,,,15.0319,527.0,36.27,-287.05,20.0,0.0,36.0,0,,MEL,Non CORE-Cluster,
Yo-Chi Balaclava,VIC,2025-10-19,FY 2026,actual,6691.85,,,,14.3602,466.0,36.27,-402.13,28.7,0.8,70.2,0,,MEL,Non CORE-Cluster,
Yo-Chi Balaclava,VIC,2025-10-20,FY 2026,actual,4175.48,,,,14.1542,295.0,19.55,-278.35,17.8,8.7,27.7,0,,MEL,Non CORE-Cluster,
Yo-Chi Balaclava,VIC,2025-10-21,FY 2026,actual,4620.9,,,,13.9604,331.0,42.0,-347.83,19.5,0.0,38.2,0,,MEL,Non CORE-Cluster,
Yo-Chi Balaclava,VIC,2025-10-22,FY 2026,actual,4137.85,,,,13.7928,300.0,39.91,-256.56,20.3,14.0,99.4,1,,MEL,Non CORE-Cluster,
Yo-Chi Balaclava,VIC,2025-10-23,FY 2026,actual,5687.67,,,,14.009,406.0,8.64,-259.99,17.0,0.1,34.2,0,,MEL,Non CORE-Cluster,
Yo-Chi Balaclava,VIC,2025-10-24,FY 2026,actual,6290.56,,,,14.3949,437.0,43.64,-249.57,16.4,0.4,29.2,0,,MEL,Non CORE-Cluster,
Yo-Chi Balaclava,VIC,2025-10-25,FY 2026,actual,6747.59,,,,14.5736,463.0,62.5,-377.32,16.2,1.8,28.4,0,,MEL,Non CORE-Cluster,
Yo-Chi Balaclava,VIC,2025-10-26,FY 2026,actual,5750.95,,,,14.9764,384.0,111.77,-312.15,21.0,22.6,40.7,0,,MEL,Non CORE-Cluster,
Yo-Chi Balaclava,VIC,2025-10-27,FY 2026,actual,4037.58,,,,13.5036,299.0,66.32,-299.49,12.5,1.9,65.2,0,,MEL,Non CORE-Cluster,
Yo-Chi Balaclava,VIC,2025-10-28,FY 2026,actual,4925.65,,,,14.5299,339.0,17.27,-418.08,16.9,0.0,35.6,0,,MEL,Non CORE-Cluster,
Yo-Chi Balaclava,VIC,2025-10-29,FY 2026,actual,5634.98,,,,13.7775,409.0,72.55,-365.85,17.8,0.0,33.1,0,,MEL,Non CORE-Cluster,
Yo-Chi Balaclava,VIC,2025-10-30,FY 2026,actual,6551.8,,,,13.0254,503.0,76.27,-425.73,23.5,0.0,24.5,0,,MEL,Non CORE-Cluster,
Yo-Chi Balaclava,VIC,2025-10-31,FY 2026,actual,4035.17,,,,13.9144,290.0,44.91,-374.62,19.5,7.2,42.5,0,,MEL,Non CORE-Cluster,
Yo-Chi Balaclava,VIC,2025-11-01,FY 2026,actual,6782.9,,,,14.8748,456.0,87.05,-457.75,19.9,0.0,31.0,0,,MEL,Non CORE-Cluster,
Yo-Chi Balaclava,VIC,2025-11-02,FY 2026,actual,11596.51,,,,14.4415,803.0,67.27,-634.48,31.5,0.2,54.7,0,,MEL,Non CORE-Cluster,
Yo-Chi Balaclava,VIC,2025-11-03,FY 2026,actual,4001.73,,,,13.5652,295.0,41.36,-248.57,17.4,32.9,32.4,0,,MEL,Non CORE-Cluster,
Yo-Chi Balaclava,VIC,2025-11-04,FY 2026,actual,5580.15,,,,15.8078,353.0,36.82,-306.82,15.6,10.8,50.4,0,Melbourne Cup Day,MEL,Non CORE-Cluster,
Yo-Chi Balaclava,VIC,2025-11-05,FY 2026,actual,4716.17,,,,13.79,342.0,34.55,-288.91,18.4,0.1,50.8,0,,MEL,Non CORE-Cluster,
Yo-Chi Balaclava,VIC,2025-11-06,FY 2026,actual,5446.28,,,,13.1236,415.0,39.5,-224.83,24.0,0.0,51.5,0,,MEL,Non CORE-Cluster,
Yo-Chi Balaclava,VIC,2025-11-07,FY 2026,actual,5792.05,,,,13.6284,425.0,68.0,-602.72,23.9,8.5,52.6,0,,MEL,Non CORE-Cluster,
Yo-Chi Balaclava,VIC,2025-11-08,FY 2026,actual,4586.14,,,,15.5991,294.0,48.0,-195.43,13.9,19.8,67.0,0,,MEL,Non CORE-Cluster,
Yo-Chi Balaclava,VIC,2025-11-09,FY 2026,actual,7109.44,,,,13.5676,524.0,142.95,-338.83,14.3,4.7,47.9,0,,MEL,Non CORE-Cluster,
Yo-Chi Balaclava,VIC,2025-11-10,FY 2026,actual,3891.29,,,,13.3263,292.0,52.91,-258.15,16.6,2.9,34.2,0,,MEL,Non CORE-Cluster,
Yo-Chi Balaclava,VIC,2025-11-11,FY 2026,actual,3501.7,,,,13.066,268.0,37.23,-302.51,12.5,15.6,56.9,0,,MEL,Non CORE-Cluster,
Yo-Chi Balaclava,VIC,2025-11-12,FY 2026,actual,5894.67,,,,13.2464,445.0,55.0,-410.02,19.4,0.0,42.8,0,,MEL,Non CORE-Cluster,
Yo-Chi Balaclava,VIC,2025-11-13,FY 2026,actual,5906.77,,,,13.6101,434.0,41.82,-338.23,22.9,0.0,53.3,0,,MEL,Non CORE-Cluster,
Yo-Chi Balaclava,VIC,2025-11-14,FY 2026,actual,6433.45,,,,13.6882,470.0,99.5,-476.28,16.5,0.0,32.4,0,,MEL,Non CORE-Cluster,
Yo-Chi Balaclava,VIC,2025-11-15,FY 2026,actual,7729.02,,,,14.7219,525.0,44.91,-307.6,21.5,20.0,37.8,0,,MEL,Non CORE-Cluster,
Yo-Chi Balaclava,VIC,2025-11-16,FY 2026,actual,5288.29,,,,14.7718,358.0,28.64,-349.53,18.1,14.3,46.4,0,,MEL,Non CORE-Cluster,
Yo-Chi Balaclava,VIC,2025-11-17,FY 2026,actual,3409.65,,,,13.3189,256.0,108.95,-151.53,16.0,1.0,46.8,0,,MEL,Non CORE-Cluster,
Yo-Chi Balaclava,VIC,2025-11-18,FY 2026,actual,5056.21,,,,12.9315,391.0,8.18,-420.96,22.6,0.3,55.8,0,,MEL,Non CORE-Cluster,
Yo-Chi Balaclava,VIC,2025-11-19,FY 2026,actual,6145.24,,,,13.2727,463.0,26.82,-322.29,20.9,0.0,39.2,0,,MEL,Non CORE-Cluster,
Yo-Chi Balaclava,VIC,2025-11-20,FY 2026,actual,5288.48,,,,13.1882,401.0,70.86,-375.34,14.6,0.1,46.4,0,,MEL,Non CORE-Cluster,
Yo-Chi Balaclava,VIC,2025-11-21,FY 2026,actual,6777.57,,,,14.2987,474.0,40.91,-494.61,18.5,0.0,54.7,0,,MEL,Non CORE-Cluster,
Yo-Chi Balaclava,VIC,2025-11-22,FY 2026,actual,6340.42,,,,14.2802,444.0,41.77,-418.93,24.6,3.1,38.2,0,,MEL,Non CORE-Cluster,
Yo-Chi Balaclava,VIC,2025-11-23,FY 2026,actual,5994.06,,,,14.5841,411.0,44.09,-228.95,18.0,13.2,40.7,0,,MEL,Non CORE-Cluster,
Yo-Chi Balaclava,VIC,2025-11-24,FY 2026,actual,6395.79,,,,13.7544,465.0,30.45,-391.04,25.2,0.0,29.9,0,,MEL,Non CORE-Cluster,
Yo-Chi Balaclava,VIC,2025-11-25,FY 2026,actual,7105.32,,,,13.381,531.0,33.18,-317.75,24.6,0.0,38.2,0,,MEL,Non CORE-Cluster,
Yo-Chi Balaclava,VIC,2025-11-26,FY 2026,actual,5715.47,,,,13.7062,417.0,24.5,-292.07,20.2,2.6,72.7,0,,MEL,Non CORE-Cluster,
Yo-Chi Balaclava,VIC,2025-11-27,FY 2026,actual,5610.0,,,,14.131,397.0,28.64,-382.75,18.8,0.6,51.8,0,,MEL,Non CORE-Cluster,
Yo-Chi Balaclava,VIC,2025-11-28,FY 2026,actual,6022.44,,,,14.2374,423.0,69.41,-271.83,24.0,10.0,40.7,0,,MEL,Non CORE-Cluster,
Yo-Chi Balaclava,VIC,2025-11-29,FY 2026,actual,5357.98,,,,15.3524,349.0,57.68,-285.94,16.4,14.1,48.2,0,,MEL,Non CORE-Cluster,
Yo-Chi Balaclava,VIC,2025-11-30,FY 2026,actual,4896.7,,,,14.5735,336.0,24.5,-458.65,15.4,7.9,51.8,0,,MEL,Non CORE-Cluster,
Yo-Chi Balaclava,VIC,2025-12-01,FY 2026,actual,3438.75,,,,14.1512,243.0,19.0,-222.45,14.2,10.2,60.1,0,,MEL,Non CORE-Cluster,
Yo-Chi Balaclava,VIC,2025-12-02,FY 2026,actual,5010.17,,,,14.1132,355.0,53.14,-409.55,17.6,1.2,34.2,0,,MEL,Non CORE-Cluster,
Yo-Chi Balaclava,VIC,2025-12-03,FY 2026,actual,8704.75,,,,13.8832,627.0,8.64,-350.04,28.0,0.0,41.8,0,,MEL,Non CORE-Cluster,
Yo-Chi Balaclava,VIC,2025-12-04,FY 2026,actual,7812.89,,,,13.5405,577.0,10.36,-336.35,33.0,0.1,58.7,0,,MEL,Non CORE-Cluster,
Yo-Chi Balaclava,VIC,2025-12-05,FY 2026,actual,6549.06,,,,13.1507,498.0,78.55,-343.07,22.6,3.9,37.8,0,,MEL,Non CORE-Cluster,
Yo-Chi Balaclava,VIC,2025-12-06,FY 2026,actual,4621.45,,,,15.6659,295.0,39.27,-306.44,20.0,7.9,45.0,0,,MEL,Non CORE-Cluster,
Yo-Chi Balaclava,VIC,2025-12-07,FY 2026,actual,7640.98,,,,14.309,534.0,114.36,-477.45,17.5,0.0,38.9,0,,MEL,Non CORE-Cluster,
Yo-Chi Balaclava,VIC,2025-12-08,FY 2026,actual,5862.55,,,,12.7724,459.0,20.91,-299.79,27.4,0.7,38.5,0,,MEL,Non CORE-Cluster,
Yo-Chi Balaclava,VIC,2025-12-09,FY 2026,actual,5990.76,,,,13.1089,457.0,76.27,-373.05,19.5,1.1,40.7,0,,MEL,Non CORE-Cluster,
Yo-Chi Balaclava,VIC,2025-12-10,FY 2026,actual,4747.72,,,,13.2248,359.0,79.5,-135.12,17.5,0.0,36.7,0,,MEL,Non CORE-Cluster,
Yo-Chi Balaclava,VIC,2025-12-11,FY 2026,actual,5878.67,,,,14.0975,417.0,64.0,-319.13,19.9,0.0,45.4,0,,MEL,Non CORE-Cluster,
Yo-Chi Balaclava,VIC,2025-12-12,FY 2026,actual,9496.23,,,,13.8228,687.0,40.82,-489.96,31.5,0.0,42.5,0,,MEL,Non CORE-Cluster,
Yo-Chi Balaclava,VIC,2025-12-13,FY 2026,actual,5950.37,,,,14.7652,403.0,108.91,-359.43,25.7,0.9,46.4,0,,MEL,Non CORE-Cluster,
Yo-Chi Balaclava,VIC,2025-12-14,FY 2026,actual,6117.11,,,,14.53,421.0,73.05,-273.16,19.6,0.4,61.9,0,,MEL,Non CORE-Cluster,
Yo-Chi Balaclava,VIC,2025-12-15,FY 2026,actual,5473.19,,,,13.8562,395.0,109.41,-243.16,16.4,0.1,58.0,0,,MEL,Non CORE-Cluster,
Yo-Chi Balaclava,VIC,2025-12-16,FY 2026,actual,6578.55,,,,13.7627,478.0,52.73,-355.34,19.0,0.0,39.6,0,,MEL,Non CORE-Cluster,
Yo-Chi Balaclava,VIC,2025-12-17,FY 2026,actual,8179.53,,,,13.6326,600.0,83.05,-399.32,29.4,0.0,40.7,0,,MEL,Non CORE-Cluster,
Yo-Chi Balaclava,VIC,2025-12-18,FY 2026,actual,8859.35,,,,13.4233,660.0,118.23,-473.53,38.3,0.0,54.4,0,,MEL,Non CORE-Cluster,
Yo-Chi Balaclava,VIC,2025-12-19,FY 2026,actual,6764.6,,,,14.1816,477.0,133.36,-418.97,32.6,0.8,38.9,0,,MEL,Non CORE-Cluster,
Yo-Chi Balaclava,VIC,2025-12-20,FY 2026,actual,5817.8,,,,14.3296,406.0,44.09,-382.31,19.6,0.0,35.3,0,,MEL,Non CORE-Cluster,
Yo-Chi Balaclava,VIC,2025-12-21,FY 2026,actual,3446.66,,,,15.7382,219.0,44.09,-138.21,17.7,18.0,43.2,0,,MEL,Non CORE-Cluster,
Yo-Chi Balaclava,VIC,2025-12-22,FY 2026,actual,6104.58,,,,14.6393,417.0,102.05,-188.03,19.4,0.3,35.3,0,,MEL,Non CORE-Cluster,
Yo-Chi Balaclava,VIC,2025-12-23,FY 2026,actual,5725.67,,,,15.2278,376.0,72.64,-264.69,20.2,0.1,42.5,0,,MEL,Non CORE-Cluster,
Yo-Chi Balaclava,VIC,2025-12-24,FY 2026,actual,829.83,,,,11.2139,74.0,26.36,-33.81,19.9,0.0,56.5,0,,MEL,Non CORE-Cluster,
Yo-Chi Balaclava,VIC,2025-12-25,FY 2026,actual,0.0,,,,,,0.0,-0.0,16.0,0.2,65.5,0,Christmas Day,MEL,Non CORE-Cluster,
Yo-Chi Balaclava,VIC,2025-12-26,FY 2026,actual,3881.07,,,,15.0429,258.0,21.82,-181.48,15.9,0.5,51.8,0,Boxing Day,MEL,Non CORE-Cluster,
Yo-Chi Balaclava,VIC,2025-12-27,FY 2026,actual,5126.45,,,,15.1223,339.0,44.09,-270.83,20.0,0.0,45.0,0,,MEL,Non CORE-Cluster,
Yo-Chi Balaclava,VIC,2025-12-28,FY 2026,actual,7251.98,,,,14.7398,492.0,30.45,-283.55,28.6,0.0,34.9,0,,MEL,Non CORE-Cluster,
Yo-Chi Balaclava,VIC,2025-12-29,FY 2026,actual,7405.06,,,,14.4913,511.0,47.09,-319.05,33.9,0.0,38.2,0,,MEL,Non CORE-Cluster,
Yo-Chi Balaclava,VIC,2025-12-30,FY 2026,actual,4448.53,,,,16.4152,271.0,40.82,-300.34,33.7,1.1,64.4,0,,MEL,Non CORE-Cluster,
Yo-Chi Balaclava,VIC,2025-12-31,FY 2026,actual,2175.44,,,,15.4287,141.0,36.36,-84.7,17.3,0.2,59.4,0,,MEL,Non CORE-Cluster,
Yo-Chi Balaclava,VIC,2026-01-01,FY 2026,actual,6560.91,,,,16.9972,386.0,47.27,-264.3,20.1,0.0,56.5,0,New Year's Day,MEL,Non CORE-Cluster,
Yo-Chi Balaclava,VIC,2026-01-02,FY 2026,actual,6969.24,,,,14.0793,495.0,78.36,-336.89,25.2,0.0,28.1,0,,MEL,Non CORE-Cluster,
Yo-Chi Balaclava,VIC,2026-01-03,FY 2026,actual,6798.35,,,,15.4158,441.0,46.27,-286.93,32.2,1.0,49.0,0,,MEL,Non CORE-Cluster,
Yo-Chi Balaclava,VIC,2026-01-04,FY 2026,actual,7117.36,,,,14.9524,476.0,48.0,-396.22,19.9,1.2,48.2,0,,MEL,Non CORE-Cluster,
Yo-Chi Balaclava,VIC,2026-01-05,FY 2026,actual,6002.0,,,,13.4273,447.0,54.09,-311.66,21.0,0.0,45.4,0,,MEL,Non CORE-Cluster,
Yo-Chi Balaclava,VIC,2026-01-06,FY 2026,actual,7524.94,,,,14.0129,537.0,27.27,-285.09,29.1,0.0,33.5,0,,MEL,Non CORE-Cluster,
Yo-Chi Balaclava,VIC,2026-01-07,FY 2026,actual,8592.08,,,,13.903,618.0,162.41,-397.65,41.7,0.0,60.1,0,,MEL,Non CORE-Cluster,
Yo-Chi Balaclava,VIC,2026-01-08,FY 2026,actual,6494.05,,,,13.6144,477.0,78.36,-281.78,30.9,0.0,55.4,0,,MEL,Non CORE-Cluster,
Yo-Chi Balaclava,VIC,2026-01-09,FY 2026,actual,7660.6,,,,14.3996,532.0,66.73,-358.51,43.2,0.0,80.6,0,,MEL,Non CORE-Cluster,
Yo-Chi Balaclava,VIC,2026-01-10,FY 2026,actual,5927.76,,,,15.0451,394.0,19.95,-357.99,25.8,0.2,61.6,0,,MEL,Non CORE-Cluster,
Yo-Chi Balaclava,VIC,2026-01-11,FY 2026,actual,6575.4,,,,13.8429,475.0,9.09,-514.01,18.3,1.9,51.1,0,,MEL,Non CORE-Cluster,
Yo-Chi Balaclava,VIC,2026-01-12,FY 2026,actual,5023.28,,,,13.254,379.0,65.82,-297.48,22.2,0.0,46.1,0,,MEL,Non CORE-Cluster,
Yo-Chi Balaclava,VIC,2026-01-13,FY 2026,actual,5298.89,,,,14.1304,375.0,40.68,-298.0,20.5,1.3,45.4,0,,MEL,Non CORE-Cluster,
Yo-Chi Balaclava,VIC,2026-01-14,FY 2026,actual,7518.45,,,,14.159,531.0,115.41,-360.06,25.1,0.3,47.5,0,,MEL,Non CORE-Cluster,
Yo-Chi Balaclava,VIC,2026-01-15,FY 2026,actual,6540.66,,,,14.2498,459.0,72.09,-316.9,22.7,2.1,54.0,0,,MEL,Non CORE-Cluster,
Yo-Chi Balaclava,VIC,2026-01-16,FY 2026,actual,6903.76,,,,14.147,488.0,8.18,-363.04,24.8,0.3,64.4,0,,MEL,Non CORE-Cluster,
Yo-Chi Balaclava,VIC,2026-01-17,FY 2026,actual,8027.58,,,,15.7095,511.0,61.73,-351.38,28.5,0.1,56.5,0,,MEL,Non CORE-Cluster,
Yo-Chi Balaclava,VIC,2026-01-18,FY 2026,actual,10855.46,,,,14.0615,772.0,63.14,-980.06,28.0,0.0,44.3,0,,MEL,Non CORE-Cluster,
Yo-Chi Balaclava,VIC,2026-01-19,FY 2026,actual,6549.05,,,,13.8751,472.0,18.55,-396.78,31.7,0.2,47.9,0,,MEL,Non CORE-Cluster,
Yo-Chi Balaclava,VIC,2026-01-20,FY 2026,actual,7764.62,,,,13.7671,564.0,29.05,-375.93,26.5,0.0,37.8,0,,MEL,Non CORE-Cluster,
Yo-Chi Balaclava,VIC,2026-01-21,FY 2026,actual,6125.35,,,,13.8583,442.0,33.64,-390.73,22.7,1.5,59.4,0,,MEL,Non CORE-Cluster,
Yo-Chi Balaclava,VIC,2026-01-22,FY 2026,actual,6227.14,,,,13.8689,449.0,25.45,-219.43,18.8,0.3,58.0,0,,MEL,Non CORE-Cluster,
Yo-Chi Balaclava,VIC,2026-01-23,FY 2026,actual,7649.62,,,,14.7108,520.0,37.23,-400.96,24.6,0.0,35.6,0,,MEL,Non CORE-Cluster,
Yo-Chi Balaclava,VIC,2026-01-24,FY 2026,actual,9250.74,,,,14.5224,637.0,26.82,-457.15,38.2,0.0,37.1,0,,MEL,Non CORE-Cluster,
Yo-Chi Balaclava,VIC,2026-01-25,FY 2026,actual,9400.58,,,,13.9062,676.0,64.82,-1425.46,27.1,0.0,42.1,0,,MEL,Non CORE-Cluster,
Yo-Chi Balaclava,VIC,2026-01-26,FY 2026,actual,9907.8,,,,16.1628,613.0,54.41,-436.41,32.2,0.0,31.7,0,Australia Day,MEL,Non CORE-Cluster,
Yo-Chi Balaclava,VIC,2026-01-27,FY 2026,actual,8904.32,,,,14.5734,611.0,8.64,-512.24,43.3,0.0,59.8,0,,MEL,Non CORE-Cluster,
Yo-Chi Balaclava,VIC,2026-01-28,FY 2026,actual,7408.4,,,,13.7703,538.0,8.64,-383.0,23.5,0.0,49.3,0,,MEL,Non CORE-Cluster,
Yo-Chi Balaclava,VIC,2026-01-29,FY 2026,actual,7699.4,,,,15.1265,509.0,52.73,-338.24,23.9,0.0,40.0,0,,MEL,Non CORE-Cluster,
Yo-Chi Balaclava,VIC,2026-01-30,FY 2026,actual,8827.13,,,,14.2144,621.0,45.86,-504.25,28.2,0.0,38.5,0,,MEL,Non CORE-Cluster,
Yo-Chi Balaclava,VIC,2026-01-31,FY 2026,actual,6791.92,,,,14.733,461.0,62.18,-383.45,27.5,2.2,42.1,0,,MEL,Non CORE-Cluster,
Yo-Chi Balaclava,VIC,2026-02-01,FY 2026,actual,6858.05,,,,12.9153,531.0,95.45,-981.35,20.6,0.6,69.5,0,,MEL,Non CORE-Cluster,
Yo-Chi Balaclava,VIC,2026-02-02,FY 2026,actual,5715.39,,,,12.8436,445.0,43.64,-362.62,20.0,0.0,51.8,0,,MEL,Non CORE-Cluster,
Yo-Chi Balaclava,VIC,2026-02-03,FY 2026,actual,6364.63,,,,13.0959,486.0,18.18,-375.1,31.0,0.0,48.2,0,,MEL,Non CORE-Cluster,
Yo-Chi Balaclava,VIC,2026-02-04,FY 2026,actual,6556.87,,,,13.3814,490.0,27.64,-326.25,32.7,0.1,49.3,0,,MEL,Non CORE-Cluster,
Yo-Chi Balaclava,VIC,2026-02-05,FY 2026,actual,6143.92,,,,14.0272,438.0,56.36,-324.15,22.0,0.0,42.5,0,,MEL,Non CORE-Cluster,
Yo-Chi Balaclava,VIC,2026-02-06,FY 2026,actual,7658.25,,,,14.1557,541.0,78.36,-431.0,23.4,0.0,40.7,0,,MEL,Non CORE-Cluster,
Yo-Chi Balaclava,VIC,2026-02-07,FY 2026,actual,8710.22,,,,14.2092,613.0,49.0,-387.68,25.3,0.0,42.5,0,,MEL,Non CORE-Cluster,
Yo-Chi Balaclava,VIC,2026-02-08,FY 2026,actual,9547.03,,,,14.102,677.0,35.0,-1504.88,32.0,4.2,58.7,0,,MEL,Non CORE-Cluster,
Yo-Chi Balaclava,VIC,2026-02-09,FY 2026,actual,3985.66,,,,12.857,310.0,36.27,-352.47,20.9,0.6,41.0,0,,MEL,Non CORE-Cluster,
Yo-Chi Balaclava,VIC,2026-02-10,FY 2026,actual,5625.93,,,,13.5239,416.0,13.18,-300.03,22.8,0.6,24.8,0,,MEL,Non CORE-Cluster,
Yo-Chi Balaclava,VIC,2026-02-11,FY 2026,actual,3996.32,,,,13.5011,296.0,17.27,-184.53,34.8,8.7,54.0,0,,MEL,Non CORE-Cluster,
Yo-Chi Balaclava,VIC,2026-02-12,FY 2026,actual,5215.15,,,,12.751,409.0,8.64,-267.11,17.1,0.4,58.7,0,,MEL,Non CORE-Cluster,
Yo-Chi Balaclava,VIC,2026-02-13,FY 2026,actual,5865.29,,,,14.2361,412.0,8.64,-317.51,19.7,0.0,43.9,0,,MEL,Non CORE-Cluster,
Yo-Chi Balaclava,VIC,2026-02-14,FY 2026,actual,10067.85,,,,15.8799,634.0,43.18,-588.32,22.2,0.0,38.5,0,,MEL,Non CORE-Cluster,
Yo-Chi Balaclava,VIC,2026-02-15,FY 2026,actual,11446.38,,,,13.8241,828.0,74.27,-2147.61,28.2,0.0,36.0,0,,MEL,Non CORE-Cluster,
Yo-Chi Balaclava,VIC,2026-02-16,FY 2026,actual,6876.81,,,,12.9996,529.0,17.27,-503.24,34.3,0.0,40.7,0,,MEL,Non CORE-Cluster,
Yo-Chi Balaclava,VIC,2026-02-17,FY 2026,actual,5622.42,,,,13.7132,410.0,28.59,-396.95,35.2,4.3,62.6,0,,MEL,Non CORE-Cluster,
Yo-Chi Balaclava,VIC,2026-02-18,FY 2026,actual,6519.58,,,,13.7544,474.0,25.91,-364.95,24.2,0.0,32.4,0,,MEL,Non CORE-Cluster,
Yo-Chi Balaclava,VIC,2026-02-19,FY 2026,actual,6433.77,,,,14.9971,429.0,0.0,-325.85,23.4,0.0,41.4,0,,MEL,Non CORE-Cluster,
Yo-Chi Balaclava,VIC,2026-02-20,FY 2026,actual,7685.36,,,,13.7484,559.0,44.05,-393.27,29.8,0.0,34.6,0,,MEL,Non CORE-Cluster,
Yo-Chi Balaclava,VIC,2026-02-21,FY 2026,actual,7736.07,,,,13.7408,563.0,47.09,-332.79,26.8,0.0,36.4,0,,MEL,Non CORE-Cluster,
Yo-Chi Balaclava,VIC,2026-02-22,FY 2026,actual,5992.25,,,,15.0938,397.0,46.64,-1069.55,27.0,10.5,52.9,0,,MEL,Non CORE-Cluster,
Yo-Chi Balaclava,VIC,2026-02-23,FY 2026,actual,5083.13,,,,13.519,376.0,74.45,-425.22,21.6,0.0,36.4,0,,MEL,Non CORE-Cluster,
Yo-Chi Balaclava,VIC,2026-02-24,FY 2026,actual,4365.27,,,,15.2632,286.0,17.27,-223.12,22.4,51.0,31.0,1,,MEL,Non CORE-Cluster,
Yo-Chi Balaclava,VIC,2026-02-25,FY 2026,actual,4498.59,,,,13.55,332.0,10.36,-288.15,19.6,0.2,45.4,0,,MEL,Non CORE-Cluster,
Yo-Chi Balaclava,VIC,2026-02-26,FY 2026,actual,5651.89,,,,13.7182,412.0,50.45,-338.27,25.3,0.0,32.4,0,,MEL,Non CORE-Cluster,
Yo-Chi Balaclava,VIC,2026-02-27,FY 2026,actual,6730.85,,,,13.7364,490.0,20.73,-304.55,28.2,0.2,22.7,0,,MEL,Non CORE-Cluster,
Yo-Chi Balaclava,VIC,2026-02-28,FY 2026,actual,7393.42,,,,13.4671,549.0,106.05,-306.39,29.1,0.1,20.9,0,,MEL,Non CORE-Cluster,
Yo-Chi Balaclava,VIC,2026-03-01,FY 2026,actual,6710.49,,,,13.6392,492.0,46.64,-496.85,28.5,6.1,47.5,0,,MEL,Non CORE-Cluster,
Yo-Chi Balaclava,VIC,2026-03-02,FY 2026,actual,3687.05,,,,13.5553,272.0,10.36,-213.64,23.0,16.2,39.6,0,,MEL,Non CORE-Cluster,
Yo-Chi Balaclava,VIC,2026-03-03,FY 2026,actual,3907.32,,,,13.156,297.0,32.73,-199.35,19.4,1.0,40.7,0,,MEL,Non CORE-Cluster,
Yo-Chi Balaclava,VIC,2026-03-04,FY 2026,actual,5411.9,,,,13.632,397.0,8.64,-301.37,19.9,0.8,33.5,0,,MEL,Non CORE-Cluster,
Yo-Chi Balaclava,VIC,2026-03-05,FY 2026,actual,5807.86,,,,12.9064,450.0,72.64,-313.73,22.9,0.0,29.9,0,,MEL,Non CORE-Cluster,
Yo-Chi Balaclava,VIC,2026-03-06,FY 2026,actual,7185.85,,,,14.6054,492.0,25.0,-390.26,23.0,0.0,30.2,0,,MEL,Non CORE-Cluster,
Yo-Chi Balaclava,VIC,2026-03-07,FY 2026,actual,7184.65,,,,14.456,497.0,10.36,-371.22,20.8,0.3,46.1,0,,MEL,Non CORE-Cluster,
Yo-Chi Balaclava,VIC,2026-03-08,FY 2026,actual,6131.47,,,,14.7391,416.0,0.0,-288.78,24.4,0.0,43.9,0,,MEL,Non CORE-Cluster,
Yo-Chi Balaclava,VIC,2026-03-09,FY 2026,actual,10342.43,,,,15.3905,672.0,25.91,-452.57,29.4,0.0,49.7,0,Labour Day,MEL,Non CORE-Cluster,
Yo-Chi Balaclava,VIC,2026-03-10,FY 2026,actual,5175.33,,,,12.9061,401.0,36.27,-266.73,28.7,0.0,38.9,0,,MEL,Non CORE-Cluster,
Yo-Chi Balaclava,VIC,2026-03-11,FY 2026,actual,4356.66,,,,12.7016,343.0,8.64,-209.59,28.1,0.2,76.7,0,,MEL,Non CORE-Cluster,
Yo-Chi Balaclava,VIC,2026-03-12,FY 2026,actual,3919.25,,,,12.6837,309.0,17.27,-266.85,17.7,0.0,55.1,0,,MEL,Non CORE-Cluster,
Yo-Chi Balaclava,VIC,2026-03-13,FY 2026,actual,6633.73,,,,13.7344,483.0,80.73,-321.63,18.8,0.9,48.6,0,,MEL,Non CORE-Cluster,
Yo-Chi Balaclava,VIC,2026-03-14,FY 2026,actual,6298.15,,,,13.3435,472.0,16.82,-317.81,22.2,0.0,36.4,0,,MEL,Non CORE-Cluster,
Yo-Chi Balaclava,VIC,2026-03-15,FY 2026,actual,7675.18,,,,14.1088,544.0,25.91,-282.69,27.1,0.0,28.8,0,,MEL,Non CORE-Cluster,
Yo-Chi Balaclava,VIC,2026-03-16,FY 2026,actual,2813.11,,,,12.9636,217.0,0.0,-207.97,19.4,9.9,27.7,0,,MEL,Non CORE-Cluster,
Yo-Chi Balaclava,VIC,2026-03-17,FY 2026,actual,4344.52,,,,12.4129,350.0,17.27,-107.68,19.2,1.5,33.1,0,,MEL,Non CORE-Cluster,
Yo-Chi Balaclava,VIC,2026-03-18,FY 2026,actual,5752.32,,,,13.861,415.0,39.73,-156.69,20.5,0.0,28.4,0,,MEL,Non CORE-Cluster,
Yo-Chi Balaclava,VIC,2026-03-19,FY 2026,actual,4614.72,,,,13.0729,353.0,25.45,-240.52,19.1,1.6,35.3,0,,MEL,Non CORE-Cluster,
Yo-Chi Balaclava,VIC,2026-03-20,FY 2026,actual,6794.04,,,,13.6701,497.0,27.18,-334.87,20.2,0.0,28.8,0,,MEL,Non CORE-Cluster,
Yo-Chi Balaclava,VIC,2026-03-21,FY 2026,actual,7784.28,,,,14.2831,545.0,44.09,-394.07,21.1,0.2,30.2,0,,MEL,Non CORE-Cluster,
Yo-Chi Balaclava,VIC,2026-03-22,FY 2026,actual,7478.3,,,,14.0834,531.0,27.18,-373.98,29.5,0.0,35.3,0,,MEL,Non CORE-Cluster,
Yo-Chi Balaclava,VIC,2026-03-23,FY 2026,actual,5677.35,,,,13.1725,431.0,75.64,-294.65,28.3,0.0,23.8,0,,MEL,Non CORE-Cluster,
Yo-Chi Balaclava,VIC,2026-03-24,FY 2026,actual,4480.82,,,,13.8297,324.0,9.09,-205.94,26.8,3.9,48.2,0,,MEL,Non CORE-Cluster,
Yo-Chi Balaclava,VIC,2026-03-25,FY 2026,actual,15041.0,,,,20.2436,743.0,27.64,-6270.06,25.2,8.7,34.6,0,,MEL,Non CORE-Cluster,
Yo-Chi Balaclava,VIC,2026-03-26,FY 2026,actual,3371.44,,,,13.2734,254.0,25.91,-148.01,17.9,11.7,53.6,0,,MEL,Non CORE-Cluster,
Yo-Chi Balaclava,VIC,2026-03-27,FY 2026,actual,4868.36,,,,15.7552,309.0,25.91,-306.8,15.6,7.4,73.1,0,,MEL,Non CORE-Cluster,
Yo-Chi Balaclava,VIC,2026-03-28,FY 2026,actual,5619.35,,,,13.9093,404.0,79.45,-290.9,18.5,12.0,45.7,0,,MEL,Non CORE-Cluster,
Yo-Chi Balaclava,VIC,2026-03-29,FY 2026,actual,6896.37,,,,14.1609,487.0,32.73,-340.89,20.4,2.2,27.0,0,,MEL,Non CORE-Cluster,
Yo-Chi Balaclava,VIC,2026-03-30,FY 2026,actual,5654.57,,,,13.1808,429.0,74.27,-331.84,25.6,0.0,34.2,0,,MEL,Non CORE-Cluster,
Yo-Chi Balaclava,VIC,2026-03-31,FY 2026,actual,6756.14,,,,13.0427,518.0,18.18,-406.15,27.8,0.0,45.0,0,,MEL,Non CORE-Cluster,
Yo-Chi Balaclava,VIC,2026-04-01,FY 2026,actual,4426.76,,,,13.2538,334.0,8.64,-194.76,28.0,0.0,46.8,0,,MEL,Non CORE-Cluster,
Yo-Chi Balaclava,VIC,2026-04-02,FY 2026,actual,5558.37,,,,12.9566,429.0,17.73,-273.01,23.6,0.0,36.0,0,,MEL,Non CORE-Cluster,
Yo-Chi Balaclava,VIC,2026-04-03,FY 2026,actual,5387.35,,,,14.3663,375.0,25.91,-276.59,17.1,1.7,40.0,0,Good Friday,MEL,Non CORE-Cluster,
Yo-Chi Balaclava,VIC,2026-04-04,FY 2026,actual,5826.77,,,,16.1406,361.0,0.0,-304.85,19.0,0.0,38.9,0,Easter Saturday,MEL,Non CORE-Cluster,
Yo-Chi Balaclava,VIC,2026-04-05,FY 2026,actual,5330.43,,,,15.3173,348.0,25.0,-272.81,25.3,0.0,22.7,0,Easter Sunday,MEL,Non CORE-Cluster,
Yo-Chi Balaclava,VIC,2026-04-06,FY 2026,actual,4468.59,,,,15.0458,297.0,17.27,-268.98,22.1,14.4,37.4,0,Easter Monday,MEL,Non CORE-Cluster,
Yo-Chi Balaclava,VIC,2026-04-07,FY 2026,actual,3277.51,,,,12.7035,258.0,42.73,-125.59,19.5,2.9,44.3,0,,MEL,Non CORE-Cluster,
Yo-Chi Balaclava,VIC,2026-04-08,FY 2026,actual,4600.45,,,,12.8504,358.0,51.82,-310.15,18.8,1.5,28.8,0,,MEL,Non CORE-Cluster,
Yo-Chi Balaclava,VIC,2026-04-09,FY 2026,actual,4707.32,,,,14.1361,333.0,28.91,-164.09,23.6,2.5,70.6,0,,MEL,Non CORE-Cluster,
Yo-Chi Balaclava,VIC,2026-04-10,FY 2026,actual,4887.59,,,,14.126,346.0,51.82,-256.69,18.9,4.2,51.8,0,,MEL,Non CORE-Cluster,
Yo-Chi Balaclava,VIC,2026-04-11,FY 2026,actual,4082.31,,,,13.7916,296.0,8.18,-150.05,15.8,0.6,64.1,0,,MEL,Non CORE-Cluster,
Yo-Chi Balaclava,VIC,2026-04-12,FY 2026,actual,4385.42,,,,13.7474,319.0,29.36,-259.3,15.8,0.2,59.8,0,,MEL,Non CORE-Cluster,
Yo-Chi Balaclava,VIC,2026-04-13,FY 2026,actual,4763.45,,,,14.2193,335.0,38.0,-277.55,19.1,0.9,48.6,0,,MEL,Non CORE-Cluster,
Yo-Chi Balaclava,VIC,2026-04-14,FY 2026,actual,4389.98,,,,13.7187,320.0,25.91,-178.67,19.9,0.0,29.2,0,,MEL,Non CORE-Cluster,
Yo-Chi Balaclava,VIC,2026-04-15,FY 2026,actual,5112.86,,,,13.4196,381.0,105.82,-221.78,22.1,0.9,29.5,0,,MEL,Non CORE-Cluster,
Yo-Chi Balaclava,VIC,2026-04-16,FY 2026,actual,5188.05,,,,14.098,368.0,21.36,-491.9,25.2,3.9,58.7,0,,MEL,Non CORE-Cluster,
Yo-Chi Balaclava,VIC,2026-04-17,FY 2026,actual,5636.29,,,,13.8484,407.0,0.0,-388.95,15.9,0.4,49.7,0,,MEL,Non CORE-Cluster,
Yo-Chi Balaclava,VIC,2026-04-18,FY 2026,actual,5485.51,,,,13.9226,394.0,17.27,-433.25,15.4,0.1,36.7,0,,MEL,Non CORE-Cluster,
Yo-Chi Balaclava,VIC,2026-04-19,FY 2026,actual,5873.99,,,,13.7564,427.0,29.36,-384.96,18.5,0.0,17.3,0,,MEL,Non CORE-Cluster,
Yo-Chi Balaclava,VIC,2026-04-20,FY 2026,actual,4299.06,,,,13.3927,321.0,42.73,-338.5,20.0,0.0,27.7,0,,MEL,Non CORE-Cluster,
Yo-Chi Balaclava,VIC,2026-04-21,FY 2026,actual,5227.95,,,,13.5089,387.0,0.0,-248.91,25.6,0.0,33.5,0,,MEL,Non CORE-Cluster,
Yo-Chi Balaclava,VIC,2026-04-22,FY 2026,actual,4344.45,,,,12.7403,341.0,0.0,-222.04,24.8,0.0,36.4,0,,MEL,Non CORE-Cluster,
Yo-Chi Balaclava,VIC,2026-04-23,FY 2026,actual,4981.45,,,,12.7403,391.0,34.09,-215.36,25.5,0.0,19.1,0,,MEL,Non CORE-Cluster,
Yo-Chi Balaclava,VIC,2026-04-24,FY 2026,actual,6768.92,,,,13.9854,484.0,38.0,-316.48,23.2,0.0,44.3,0,,MEL,Non CORE-Cluster,
Yo-Chi Balaclava,VIC,2026-04-25,FY 2026,actual,8407.71,,,,16.1687,520.0,0.0,-457.54,24.9,0.0,46.4,0,ANZAC Day,MEL,Non CORE-Cluster,
Yo-Chi Balaclava,VIC,2026-04-26,FY 2026,actual,7205.06,,,,14.5557,495.0,0.0,-321.04,26.0,0.0,46.1,0,,MEL,Non CORE-Cluster,
Yo-Chi Balaclava,VIC,2026-04-27,FY 2026,actual,4034.22,,,,12.807,315.0,8.64,-262.3,18.8,0.0,25.6,0,,MEL,Non CORE-Cluster,
Yo-Chi Balaclava,VIC,2026-04-28,FY 2026,actual,4640.6,,,,13.4121,346.0,153.64,-334.28,24.9,0.0,33.5,0,,MEL,Non CORE-Cluster,
Yo-Chi Balaclava,VIC,2026-04-29,FY 2026,actual,5986.08,,,,13.6981,437.0,156.64,-434.75,21.4,0.0,22.0,0,,MEL,Non CORE-Cluster,
Yo-Chi Balaclava,VIC,2026-04-30,FY 2026,actual,5112.65,,,,13.1769,388.0,31.82,-285.06,24.6,0.0,39.6,0,,MEL,Non CORE-Cluster,
Yo-Chi Balaclava,VIC,2026-05-02,FY 2026,forecast,6054.26,2197.05,9469.42,0.95,13.8535,437.02,97.3,-680.1,24.5,1.2,44.6,0,,MEL,Non CORE-Cluster,Prophet+Wx+Hol
Yo-Chi Balaclava,VIC,2026-05-03,FY 2026,forecast,5187.05,1073.91,9097.53,0.95,13.8535,374.42,83.2,-732.64,21.1,11.6,63.4,0,,MEL,Non CORE-Cluster,Prophet+Wx+Hol
Yo-Chi Balaclava,VIC,2026-05-04,FY 2026,forecast,3309.29,0.0,7323.62,0.95,13.8535,238.88,85.95,-466.89,19.0,2.9,70.6,0,,MEL,Non CORE-Cluster,Prophet+Wx+Hol
Yo-Chi Balaclava,VIC,2026-05-05,FY 2026,forecast,4213.13,503.98,7906.54,0.95,13.8535,304.12,88.64,-562.27,17.4,0.0,37.8,0,,MEL,Non CORE-Cluster,Prophet+Wx+Hol
Yo-Chi Balaclava,VIC,2026-05-06,FY 2026,forecast,4281.63,528.89,8172.69,0.95,13.8535,309.07,102.09,-644.41,19.3,3.9,56.2,0,,MEL,Non CORE-Cluster,Prophet+Wx+Hol
Yo-Chi Balaclava,VIC,2026-05-07,FY 2026,forecast,3344.75,0.0,7478.52,0.95,13.8535,241.44,93.99,-486.48,13.0,4.7,52.6,0,,MEL,Non CORE-Cluster,Prophet+Wx+Hol
Yo-Chi Balaclava,VIC,2026-05-08,FY 2026,forecast,4626.38,839.59,8360.73,0.95,13.8535,333.95,113.92,-538.26,16.3,1.0,54.7,0,,MEL,Non CORE-Cluster,Prophet+Wx+Hol
Yo-Chi Balaclava,VIC,2026-05-09,FY 2026,forecast,5059.02,1235.75,9070.96,0.95,13.8535,365.18,128.52,-654.76,16.1,1.0,30.6,0,,MEL,Non CORE-Cluster,Prophet+Wx+Hol
Yo-Chi Balaclava,VIC,2026-05-10,FY 2026,forecast,5640.76,2039.02,9488.98,0.95,13.8535,407.17,129.97,-789.71,16.5,0.9,25.6,0,,MEL,Non CORE-Cluster,Prophet+Wx+Hol
Yo-Chi Balaclava,VIC,2026-05-11,FY 2026,forecast,3970.54,37.48,7786.74,0.95,13.8535,286.61,128.08,-540.52,17.6,0.0,26.3,0,,MEL,Non CORE-Cluster,Prophet+Wx+Hol
Yo-Chi Balaclava,VIC,2026-05-12,FY 2026,forecast,5047.85,1240.6,8626.13,0.95,13.8535,364.37,120.3,-581.21,20.2,0.0,20.2,0,,MEL,Non CORE-Cluster,Prophet+Wx+Hol
Yo-Chi Balaclava,VIC,2026-05-13,FY 2026,forecast,4582.36,1011.17,8142.05,0.95,13.8535,330.77,133.18,-629.86,17.2,1.82,25.8,0,,MEL,Non CORE-Cluster,Prophet+Wx+Hol
Yo-Chi Balaclava,VIC,2026-05-14,FY 2026,forecast,4430.21,294.55,8181.95,0.95,13.8535,319.79,123.65,-470.5,16.1,0.37,34.2,0,,MEL,Non CORE-Cluster,Prophet+Wx+Hol
Yo-Chi Balaclava,VIC,2026-05-15,FY 2026,forecast,5033.5,1336.03,8783.6,0.95,13.8535,363.34,136.13,-478.22,16.4,0.67,34.5,0,,MEL,Non CORE-Cluster,Prophet+Wx+Hol
Yo-Chi Balaclava,VIC,2026-05-16,FY 2026,forecast,5075.03,1201.67,9030.51,0.95,13.8535,366.34,140.44,-515.5,15.8,0.82,33.5,0,,MEL,Non CORE-Cluster,Prophet+Wx+Hol
Yo-Chi Balaclava,VIC,2026-05-17,FY 2026,forecast,5247.28,1523.0,9151.29,0.95,13.8535,378.77,135.09,-607.42,14.6,1.88,34.9,0,,MEL,Non CORE-Cluster,Prophet+Wx+Hol
Yo-Chi Balaclava,VIC,2026-05-18,FY 2026,forecast,3354.27,0.0,7095.64,0.95,13.8535,242.12,129.56,-336.93,14.5,1.23,35.3,0,,MEL,Non CORE-Cluster,Prophet+Wx+Hol
Yo-Chi Balaclava,VIC,2026-05-19,FY 2026,forecast,4053.8,338.47,8008.95,0.95,13.8535,292.62,116.14,-336.87,15.2,0.58,36.6,0,,MEL,Non CORE-Cluster,Prophet+Wx+Hol
Yo-Chi Balaclava,VIC,2026-05-20,FY 2026,forecast,4040.39,202.36,8107.37,0.95,13.8535,291.65,129.25,-430.31,15.2,4.47,36.4,0,,MEL,Non CORE-Cluster,Prophet+Wx+Hol
Yo-Chi Balaclava,VIC,2026-05-21,FY 2026,forecast,4048.54,294.13,7964.62,0.95,13.8535,292.24,122.25,-317.93,14.0,3.72,28.1,0,,MEL,Non CORE-Cluster,Prophet+Wx+Hol
Yo-Chi Balaclava,VIC,2026-05-22,FY 2026,forecast,4957.46,938.98,8586.11,0.95,13.8535,357.85,137.58,-350.64,14.8,0.3,25.2,0,,MEL,Non CORE-Cluster,Prophet+Wx+Hol
Yo-Chi Balaclava,VIC,2026-05-23,FY 2026,forecast,5161.61,1362.78,9229.73,0.95,13.8535,372.59,139.83,-406.67,15.7,1.27,27.6,0,,MEL,Non CORE-Cluster,Prophet+Wx+Hol
Yo-Chi Balaclava,VIC,2026-05-24,FY 2026,forecast,5599.31,1845.37,9382.91,0.95,13.8535,404.18,132.93,-508.46,16.3,0.33,38.9,0,,MEL,Non CORE-Cluster,Prophet+Wx+Hol
Yo-Chi Balaclava,VIC,2026-05-25,FY 2026,forecast,3484.22,0.0,7436.49,0.95,13.8535,251.5,121.39,-244.67,16.6,4.3,43.6,0,,MEL,Non CORE-Cluster,Prophet+Wx+Hol
Yo-Chi Balaclava,VIC,2026-05-26,FY 2026,forecast,4100.94,0.0,8025.67,0.95,13.8535,296.02,108.86,-271.73,15.8,2.48,38.2,0,,MEL,Non CORE-Cluster,Prophet+Wx+Hol
Yo-Chi Balaclava,VIC,2026-05-27,FY 2026,forecast,4272.3,451.63,8117.73,0.95,13.8535,308.39,125.62,-392.37,15.2,1.18,36.6,0,,MEL,Non CORE-Cluster,Prophet+Wx+Hol
Yo-Chi Balaclava,VIC,2026-05-28,FY 2026,forecast,4262.16,448.28,7909.99,0.95,13.8535,307.66,114.44,-292.84,15.0,2.22,36.5,0,,MEL,Non CORE-Cluster,Prophet+Wx+Hol
Yo-Chi Balaclava,VIC,2026-05-29,FY 2026,forecast,5000.3,1079.16,8831.73,0.95,13.8535,360.94,126.41,-338.16,15.5,0.3,38.0,0,,MEL,Non CORE-Cluster,Prophet+Wx+Hol
Yo-Chi Balaclava,VIC,2026-05-30,FY 2026,forecast,4882.48,1068.29,8446.82,0.95,13.8535,352.44,124.46,-405.57,15.2,3.78,42.2,0,,MEL,Non CORE-Cluster,Prophet+Wx+Hol
Yo-Chi Balaclava,VIC,2026-05-31,FY 2026,forecast,5409.34,1153.04,9419.39,0.95,13.8535,390.47,120.89,-553.76,14.9,0.43,44.3,0,,MEL,Non CORE-Cluster,Prophet+Wx+Hol
Yo-Chi Balaclava,VIC,2026-06-01,FY 2026,forecast,3015.32,0.0,6581.01,0.9,13.8535,217.66,102.88,-297.81,14.0,4.42,45.6,0,,MEL,Non CORE-Cluster,Prophet+Wx+Hol
Yo-Chi Balaclava,VIC,2026-06-02,FY 2026,forecast,4034.25,392.94,7527.25,0.9,13.8535,291.21,94.72,-382.83,14.8,0.47,33.4,0,,MEL,Non CORE-Cluster,Prophet+Wx+Hol
Yo-Chi Balaclava,VIC,2026-06-03,FY 2026,forecast,3887.27,99.1,7424.85,0.9,13.8535,280.6,104.97,-496.03,13.5,1.97,38.6,0,,MEL,Non CORE-Cluster,Prophet+Wx+Hol
Yo-Chi Balaclava,VIC,2026-06-04,FY 2026,forecast,4106.72,413.41,7370.13,0.9,13.8535,296.44,96.16,-435.06,13.6,0.45,35.6,0,,MEL,Non CORE-Cluster,Prophet+Wx+Hol
Yo-Chi Balaclava,VIC,2026-06-05,FY 2026,forecast,4554.22,1160.44,8123.83,0.9,13.8535,328.74,101.3,-485.66,14.2,3.5,40.6,0,,MEL,Non CORE-Cluster,Prophet+Wx+Hol
Yo-Chi Balaclava,VIC,2026-06-06,FY 2026,forecast,4731.61,1215.42,8197.96,0.9,13.8535,341.55,102.63,-572.45,14.0,1.5,43.6,0,,MEL,Non CORE-Cluster,Prophet+Wx+Hol
Yo-Chi Balaclava,VIC,2026-06-07,FY 2026,forecast,5031.66,1501.59,8401.31,0.9,13.8535,363.21,93.0,-723.94,14.0,3.77,46.8,0,,MEL,Non CORE-Cluster,Prophet+Wx+Hol
Yo-Chi Balaclava,VIC,2026-06-08,FY 2026,forecast,4154.1,189.35,7768.06,0.9,13.8535,299.86,86.32,-514.68,12.6,5.92,37.2,0,King's Birthday,MEL,Non CORE-Cluster,Prophet+Wx+Hol
Yo-Chi Balaclava,VIC,2026-06-09,FY 2026,forecast,3058.65,0.0,6681.56,0.9,13.8535,220.79,68.6,-535.53,12.5,6.93,47.3,0,,MEL,Non CORE-Cluster,Prophet+Wx+Hol
Yo-Chi Balaclava,VIC,2026-06-10,FY 2026,forecast,4047.09,454.92,7654.1,0.9,13.8535,292.14,78.45,-702.45,13.9,2.68,48.2,0,,MEL,Non CORE-Cluster,Prophet+Wx+Hol
Yo-Chi Balaclava,VIC,2026-06-11,FY 2026,forecast,4312.23,441.53,8199.64,0.9,13.8535,311.27,69.47,-659.8,14.0,2.42,35.7,0,,MEL,Non CORE-Cluster,Prophet+Wx+Hol
Yo-Chi Balaclava,VIC,2026-06-12,FY 2026,forecast,4760.69,1252.93,8334.5,0.9,13.8535,343.65,75.56,-699.58,13.3,2.0,38.1,0,,MEL,Non CORE-Cluster,Prophet+Wx+Hol
Yo-Chi Balaclava,VIC,2026-06-13,FY 2026,forecast,4987.62,1266.59,8492.79,0.9,13.8535,360.03,77.87,-802.48,12.8,1.0,29.3,0,,MEL,Non CORE-Cluster,Prophet+Wx+Hol
Yo-Chi Balaclava,VIC,2026-06-14,FY 2026,forecast,5347.2,1610.55,8806.85,0.9,13.8535,385.98,66.02,-931.85,13.4,2.47,38.0,0,,MEL,Non CORE-Cluster,Prophet+Wx+Hol
Yo-Chi Balaclava,VIC,2026-06-15,FY 2026,forecast,3567.11,35.0,7072.38,0.9,13.8535,257.49,53.35,-690.72,14.0,2.52,45.2,0,,MEL,Non CORE-Cluster,Prophet+Wx+Hol
Yo-Chi Balaclava,VIC,2026-06-16,FY 2026,forecast,4120.88,315.05,7726.09,0.9,13.8535,297.46,33.66,-706.78,14.3,1.98,50.2,0,,MEL,Non CORE-Cluster,Prophet+Wx+Hol
Yo-Chi Balaclava,VIC,2026-06-17,FY 2026,forecast,4353.28,572.57,8086.6,0.9,13.8535,314.24,50.24,-855.06,13.1,1.17,34.9,0,,MEL,Non CORE-Cluster,Prophet+Wx+Hol
Yo-Chi Balaclava,VIC,2026-06-18,FY 2026,forecast,4480.55,842.82,7944.16,0.9,13.8535,323.42,38.12,-764.14,13.2,1.48,30.9,0,,MEL,Non CORE-Cluster,Prophet+Wx+Hol
Yo-Chi Balaclava,VIC,2026-06-19,FY 2026,forecast,4943.6,1585.82,8571.07,0.9,13.8535,356.85,43.55,-773.44,13.3,1.83,37.3,0,,MEL,Non CORE-Cluster,Prophet+Wx+Hol
Yo-Chi Balaclava,VIC,2026-06-20,FY 2026,forecast,5272.53,1660.13,8774.5,0.9,13.8535,380.59,46.95,-858.05,13.9,1.72,29.1,0,,MEL,Non CORE-Cluster,Prophet+Wx+Hol
Yo-Chi Balaclava,VIC,2026-06-21,FY 2026,forecast,5492.83,1354.14,9278.81,0.9,13.8535,396.49,39.15,-964.28,12.7,1.63,29.8,0,,MEL,Non CORE-Cluster,Prophet+Wx+Hol
Yo-Chi Balaclava,VIC,2026-06-22,FY 2026,forecast,3743.8,0.0,7179.47,0.9,13.8535,270.24,28.84,-704.5,13.8,2.98,34.5,0,,MEL,Non CORE-Cluster,Prophet+Wx+Hol
Yo-Chi Balaclava,VIC,2026-06-23,FY 2026,forecast,4232.38,452.29,7864.72,0.9,13.8535,305.51,10.46,-675.76,14.1,1.48,46.6,0,,MEL,Non CORE-Cluster,Prophet+Wx+Hol
Yo-Chi Balaclava,VIC,2026-06-24,FY 2026,forecast,4277.85,788.69,8004.66,0.9,13.8535,308.79,23.39,-755.06,14.2,2.77,52.5,0,,MEL,Non CORE-Cluster,Prophet+Wx+Hol
Yo-Chi Balaclava,VIC,2026-06-25,FY 2026,forecast,4140.52,578.73,7550.48,0.9,13.8535,298.88,13.57,-620.44,13.0,3.13,50.8,0,,MEL,Non CORE-Cluster,Prophet+Wx+Hol
Yo-Chi Balaclava,VIC,2026-06-26,FY 2026,forecast,4893.09,1301.12,8383.57,0.9,13.8535,353.2,31.92,-662.49,12.8,1.42,36.8,0,,MEL,Non CORE-Cluster,Prophet+Wx+Hol
Yo-Chi Balaclava,VIC,2026-06-27,FY 2026,forecast,5245.22,1281.22,8763.72,0.9,13.8535,378.62,41.92,-734.03,13.3,0.37,26.8,0,,MEL,Non CORE-Cluster,Prophet+Wx+Hol
Yo-Chi Balaclava,VIC,2026-06-28,FY 2026,forecast,5525.27,1927.78,9305.54,0.9,13.8535,398.84,38.51,-821.86,13.2,0.57,33.1,0,,MEL,Non CORE-Cluster,Prophet+Wx+Hol
Yo-Chi Balaclava,VIC,2026-06-29,FY 2026,forecast,3584.71,67.1,7181.16,0.9,13.8535,258.76,33.38,-537.84,13.2,1.95,37.5,0,,MEL,Non CORE-Cluster,Prophet+Wx+Hol
Yo-Chi Balaclava,VIC,2026-06-30,FY 2026,forecast,4116.17,703.51,7867.51,0.9,13.8535,297.12,23.84,-524.61,13.1,0.75,39.5,0,,MEL,Non CORE-Cluster,Prophet+Wx+Hol
Yo-Chi Balaclava,VIC,2026-07-01,FY 2027,forecast,4267.26,645.33,7718.55,0.9,13.8535,308.03,45.83,-612.05,13.3,0.68,41.5,0,,MEL,Non CORE-Cluster,Prophet+Wx+Hol
Yo-Chi Balaclava,VIC,2026-07-02,FY 2027,forecast,4000.47,336.65,7554.33,0.9,13.8535,288.77,40.58,-473.6,12.0,3.22,39.5,0,,MEL,Non CORE-Cluster,Prophet+Wx+Hol
Yo-Chi Balaclava,VIC,2026-07-03,FY 2027,forecast,4607.27,1018.95,8076.97,0.9,13.8535,332.57,62.76,-494.79,11.6,1.58,33.6,0,,MEL,Non CORE-Cluster,Prophet+Wx+Hol
Yo-Chi Balaclava,VIC,2026-07-04,FY 2027,forecast,4745.97,1057.27,8059.7,0.9,13.8535,342.58,73.64,-541.5,12.4,2.6,35.6,0,,MEL,Non CORE-Cluster,Prophet+Wx+Hol
Yo-Chi Balaclava,VIC,2026-07-05,FY 2027,forecast,5371.23,1633.44,9010.71,0.9,13.8535,387.72,81.62,-673.43,13.1,0.47,32.5,0,,MEL,Non CORE-Cluster,Prophet+Wx+Hol
Yo-Chi Balaclava,VIC,2026-07-06,FY 2027,forecast,3657.07,52.76,6991.82,0.9,13.8535,263.98,86.76,-430.77,13.3,0.43,25.8,0,,MEL,Non CORE-Cluster,Prophet+Wx+Hol
Yo-Chi Balaclava,VIC,2026-07-07,FY 2027,forecast,4152.91,560.23,7708.74,0.9,13.8535,299.77,80.51,-427.29,13.5,0.37,29.9,0,,MEL,Non CORE-Cluster,Prophet+Wx+Hol
Yo-Chi Balaclava,VIC,2026-07-08,FY 2027,forecast,3911.6,331.36,7520.07,0.9,13.8535,282.35,99.11,-479.56,13.3,2.78,48.5,0,,MEL,Non CORE-Cluster,Prophet+Wx+Hol
Yo-Chi Balaclava,VIC,2026-07-09,FY 2027,forecast,3995.98,410.81,7904.67,0.9,13.8535,288.45,103.01,-393.53,12.8,3.15,36.2,0,,MEL,Non CORE-Cluster,Prophet+Wx+Hol
Yo-Chi Balaclava,VIC,2026-07-10,FY 2027,forecast,4788.2,1076.77,8555.53,0.9,13.8535,345.63,128.28,-432.8,13.7,0.58,34.8,0,,MEL,Non CORE-Cluster,Prophet+Wx+Hol
Yo-Chi Balaclava,VIC,2026-07-11,FY 2027,forecast,4715.07,1168.07,7974.13,0.9,13.8535,340.35,138.29,-480.26,13.7,2.88,40.2,0,,MEL,Non CORE-Cluster,Prophet+Wx+Hol
Yo-Chi Balaclava,VIC,2026-07-12,FY 2027,forecast,5184.31,1751.83,8749.07,0.9,13.8535,374.22,145.15,-626.42,14.0,2.92,36.7,0,,MEL,Non CORE-Cluster,Prophet+Wx+Hol
Yo-Chi Balaclava,VIC,2026-07-13,FY 2027,forecast,3194.72,0.0,6951.15,0.9,13.8535,230.61,144.97,-349.12,13.4,2.38,45.5,0,,MEL,Non CORE-Cluster,Prophet+Wx+Hol
Yo-Chi Balaclava,VIC,2026-07-14,FY 2027,forecast,3585.14,231.27,7254.54,0.9,13.8535,258.79,138.86,-364.71,12.3,1.92,43.6,0,,MEL,Non CORE-Cluster,Prophet+Wx+Hol
Yo-Chi Balaclava,VIC,2026-07-15,FY 2027,forecast,3779.81,99.96,7278.7,0.9,13.8535,272.84,163.61,-494.94,13.0,3.4,42.8,0,,MEL,Non CORE-Cluster,Prophet+Wx+Hol
Yo-Chi Balaclava,VIC,2026-07-16,FY 2027,forecast,3808.44,74.03,7514.63,0.9,13.8535,274.91,161.42,-389.6,12.8,2.87,43.4,0,,MEL,Non CORE-Cluster,Prophet+Wx+Hol
Yo-Chi Balaclava,VIC,2026-07-17,FY 2027,forecast,4460.41,755.95,8070.16,0.9,13.8535,321.97,181.6,-441.56,13.4,2.97,39.5,0,,MEL,Non CORE-Cluster,Prophet+Wx+Hol
Yo-Chi Balaclava,VIC,2026-07-18,FY 2027,forecast,4501.68,966.77,8079.11,0.9,13.8535,324.95,191.95,-501.85,12.3,0.57,40.5,0,,MEL,Non CORE-Cluster,Prophet+Wx+Hol
Yo-Chi Balaclava,VIC,2026-07-19,FY 2027,forecast,4834.54,1219.11,8371.47,0.9,13.8535,348.98,190.16,-628.78,12.5,1.15,46.4,0,,MEL,Non CORE-Cluster,Prophet+Wx+Hol
Yo-Chi Balaclava,VIC,2026-07-20,FY 2027,forecast,2706.39,0.0,6558.92,0.9,13.8535,195.36,182.96,-365.59,11.7,4.53,48.6,0,,MEL,Non CORE-Cluster,Prophet+Wx+Hol
Yo-Chi Balaclava,VIC,2026-07-21,FY 2027,forecast,3881.02,296.63,7362.25,0.9,13.8535,280.15,180.75,-450.54,13.2,0.15,32.9,0,,MEL,Non CORE-Cluster,Prophet+Wx+Hol
Yo-Chi Balaclava,VIC,2026-07-22,FY 2027,forecast,3957.13,183.63,7494.74,0.9,13.8535,285.64,195.87,-563.28,14.2,3.33,38.9,0,,MEL,Non CORE-Cluster,Prophet+Wx+Hol
Yo-Chi Balaclava,VIC,2026-07-23,FY 2027,forecast,3842.08,185.32,7478.09,0.9,13.8535,277.34,187.86,-447.51,12.4,1.83,36.2,0,,MEL,Non CORE-Cluster,Prophet+Wx+Hol
Yo-Chi Balaclava,VIC,2026-07-24,FY 2027,forecast,4651.27,1165.22,8121.75,0.9,13.8535,335.75,201.57,-489.83,14.0,0.75,38.3,0,,MEL,Non CORE-Cluster,Prophet+Wx+Hol
Yo-Chi Balaclava,VIC,2026-07-25,FY 2027,forecast,4343.81,865.68,7653.94,0.9,13.8535,313.55,199.36,-524.13,12.5,3.45,43.5,0,,MEL,Non CORE-Cluster,Prophet+Wx+Hol
Yo-Chi Balaclava,VIC,2026-07-26,FY 2027,forecast,4872.66,1289.93,8550.12,0.9,13.8535,351.73,193.59,-647.83,13.2,1.45,50.3,0,,MEL,Non CORE-Cluster,Prophet+Wx+Hol
Yo-Chi Balaclava,VIC,2026-07-27,FY 2027,forecast,3070.82,0.0,6408.91,0.9,13.8535,221.66,182.77,-395.25,14.1,4.2,50.8,0,,MEL,Non CORE-Cluster,Prophet+Wx+Hol
Yo-Chi Balaclava,VIC,2026-07-28,FY 2027,forecast,3722.81,0.0,7365.93,0.9,13.8535,268.73,167.27,-410.76,14.0,1.45,49.7,0,,MEL,Non CORE-Cluster,Prophet+Wx+Hol
Yo-Chi Balaclava,VIC,2026-07-29,FY 2027,forecast,4119.27,724.82,7674.32,0.9,13.8535,297.35,189.03,-577.97,13.5,0.88,28.8,0,,MEL,Non CORE-Cluster,Prophet+Wx+Hol
Yo-Chi Balaclava,VIC,2026-07-30,FY 2027,forecast,3980.47,434.9,7517.94,0.9,13.8535,287.33,171.22,-419.65,13.2,0.47,42.2,0,,MEL,Non CORE-Cluster,Prophet+Wx+Hol
Yo-Chi Balaclava,VIC,2026-07-31,FY 2027,forecast,4520.01,1020.76,8009.86,0.9,13.8535,326.27,178.81,-446.03,13.8,2.32,41.8,0,,MEL,Non CORE-Cluster,Prophet+Wx+Hol
Yo-Chi Balaclava,VIC,2026-08-01,FY 2027,forecast,4813.81,1248.12,8333.15,0.9,13.8535,347.48,182.44,-519.79,13.8,0.35,36.6,0,,MEL,Non CORE-Cluster,Prophet+Wx+Hol
Yo-Chi Balaclava,VIC,2026-08-02,FY 2027,forecast,5239.0,1587.1,9073.63,0.9,13.8535,378.17,172.0,-628.54,14.6,0.02,46.1,0,,MEL,Non CORE-Cluster,Prophet+Wx+Hol
Yo-Chi Balaclava,VIC,2026-08-03,FY 2027,forecast,3480.04,0.0,7255.23,0.9,13.8535,251.2,160.63,-370.12,15.4,1.85,45.5,0,,MEL,Non CORE-Cluster,Prophet+Wx+Hol
Yo-Chi Balaclava,VIC,2026-08-04,FY 2027,forecast,3763.8,214.85,7470.67,0.9,13.8535,271.69,137.96,-349.59,14.5,2.42,52.3,0,,MEL,Non CORE-Cluster,Prophet+Wx+Hol
Yo-Chi Balaclava,VIC,2026-08-05,FY 2027,forecast,3942.03,443.03,7490.17,0.9,13.8535,284.55,156.22,-484.39,13.5,1.98,40.2,0,,MEL,Non CORE-Cluster,Prophet+Wx+Hol
Yo-Chi Balaclava,VIC,2026-08-06,FY 2027,forecast,4141.62,441.25,7846.96,0.9,13.8535,298.96,147.19,-390.88,13.3,0.97,31.1,0,,MEL,Non CORE-Cluster,Prophet+Wx+Hol
Yo-Chi Balaclava,VIC,2026-08-07,FY 2027,forecast,4726.17,1087.66,8181.93,0.9,13.8535,341.15,158.03,-423.08,13.4,1.0,28.6,0,,MEL,Non CORE-Cluster,Prophet+Wx+Hol
Yo-Chi Balaclava,VIC,2026-08-08,FY 2027,forecast,4862.8,1200.75,8437.54,0.9,13.8535,351.02,159.51,-482.18,13.6,0.62,30.8,0,,MEL,Non CORE-Cluster,Prophet+Wx+Hol
Yo-Chi Balaclava,VIC,2026-08-09,FY 2027,forecast,5337.77,1784.65,9112.61,0.9,13.8535,385.3,151.95,-606.89,14.5,0.08,38.3,0,,MEL,Non CORE-Cluster,Prophet+Wx+Hol
Yo-Chi Balaclava,VIC,2026-08-10,FY 2027,forecast,3530.44,0.0,7220.87,0.9,13.8535,254.84,142.69,-346.42,14.8,0.78,40.1,0,,MEL,Non CORE-Cluster,Prophet+Wx+Hol
Yo-Chi Balaclava,VIC,2026-08-11,FY 2027,forecast,4148.38,447.97,7870.98,0.9,13.8535,299.45,125.25,-371.66,15.8,1.62,42.1,0,,MEL,Non CORE-Cluster,Prophet+Wx+Hol
Yo-Chi Balaclava,VIC,2026-08-12,FY 2027,forecast,4211.16,654.31,7833.03,0.9,13.8535,303.98,142.23,-500.9,15.3,2.77,39.3,0,,MEL,Non CORE-Cluster,Prophet+Wx+Hol
Yo-Chi Balaclava,VIC,2026-08-13,FY 2027,forecast,4355.95,979.38,8234.65,0.9,13.8535,314.43,134.36,-405.6,15.2,0.88,36.5,0,,MEL,Non CORE-Cluster,Prophet+Wx+Hol
Yo-Chi Balaclava,VIC,2026-08-14,FY 2027,forecast,4969.52,1367.93,8540.31,0.9,13.8535,358.72,147.06,-452.0,15.8,1.0,37.6,0,,MEL,Non CORE-Cluster,Prophet+Wx+Hol
Yo-Chi Balaclava,VIC,2026-08-15,FY 2027,forecast,4965.09,1345.97,8521.33,0.9,13.8535,358.4,149.02,-514.14,15.5,0.77,44.0,0,,MEL,Non CORE-Cluster,Prophet+Wx+Hol
Yo-Chi Balaclava,VIC,2026-08-16,FY 2027,forecast,4922.94,1406.47,8401.17,0.9,13.8535,355.36,140.41,-635.12,13.4,2.05,49.1,0,,MEL,Non CORE-Cluster,Prophet+Wx+Hol
Yo-Chi Balaclava,VIC,2026-08-17,FY 2027,forecast,3214.43,0.0,6862.82,0.9,13.8535,232.03,137.23,-419.32,13.2,1.68,40.0,0,,MEL,Non CORE-Cluster,Prophet+Wx+Hol
Yo-Chi Balaclava,VIC,2026-08-18,FY 2027,forecast,3701.05,108.02,7473.35,0.9,13.8535,267.16,119.85,-456.79,13.6,3.02,42.6,0,,MEL,Non CORE-Cluster,Prophet+Wx+Hol
Yo-Chi Balaclava,VIC,2026-08-19,FY 2027,forecast,4187.52,733.56,7836.91,0.9,13.8535,302.27,142.5,-634.74,15.0,1.78,37.5,0,,MEL,Non CORE-Cluster,Prophet+Wx+Hol
Yo-Chi Balaclava,VIC,2026-08-20,FY 2027,forecast,4196.24,511.93,7737.12,0.9,13.8535,302.9,129.53,-538.73,15.7,3.25,43.7,0,,MEL,Non CORE-Cluster,Prophet+Wx+Hol
Yo-Chi Balaclava,VIC,2026-08-21,FY 2027,forecast,4925.86,1354.04,8542.4,0.9,13.8535,355.57,144.83,-606.84,16.3,1.08,43.9,0,,MEL,Non CORE-Cluster,Prophet+Wx+Hol
Yo-Chi Balaclava,VIC,2026-08-22,FY 2027,forecast,4593.04,1036.49,7936.23,0.9,13.8535,331.54,139.35,-676.11,16.2,7.88,52.3,0,,MEL,Non CORE-Cluster,Prophet+Wx+Hol
Yo-Chi Balaclava,VIC,2026-08-23,FY 2027,forecast,4993.27,1268.62,8566.17,0.9,13.8535,360.43,138.76,-842.8,14.4,2.9,48.6,0,,MEL,Non CORE-Cluster,Prophet+Wx+Hol
Yo-Chi Balaclava,VIC,2026-08-24,FY 2027,forecast,3351.57,0.0,7114.16,0.9,13.8535,241.93,134.06,-624.12,14.5,0.85,45.1,0,,MEL,Non CORE-Cluster,Prophet+Wx+Hol
Yo-Chi Balaclava,VIC,2026-08-25,FY 2027,forecast,4139.19,571.67,7774.27,0.9,13.8535,298.78,118.2,-696.95,16.2,1.43,43.1,0,,MEL,Non CORE-Cluster,Prophet+Wx+Hol
Yo-Chi Balaclava,VIC,2026-08-26,FY 2027,forecast,3977.73,366.09,7518.48,0.9,13.8535,287.13,133.19,-847.38,14.5,4.25,37.1,0,,MEL,Non CORE-Cluster,Prophet+Wx+Hol
Yo-Chi Balaclava,VIC,2026-08-27,FY 2027,forecast,4301.88,659.39,7753.76,0.9,13.8535,310.53,121.44,-754.17,16.1,1.32,46.6,0,,MEL,Non CORE-Cluster,Prophet+Wx+Hol
Yo-Chi Balaclava,VIC,2026-08-28,FY 2027,forecast,4992.2,1232.44,8598.02,0.9,13.8535,360.36,133.49,-818.92,16.8,0.23,47.0,0,,MEL,Non CORE-Cluster,Prophet+Wx+Hol
Yo-Chi Balaclava,VIC,2026-08-29,FY 2027,forecast,4684.87,1130.74,8117.94,0.9,13.8535,338.17,126.44,-868.07,16.1,4.1,59.2,0,,MEL,Non CORE-Cluster,Prophet+Wx+Hol
Yo-Chi Balaclava,VIC,2026-08-30,FY 2027,forecast,4949.35,1408.01,8394.33,0.9,13.8535,357.26,115.45,-1007.5,16.0,4.78,66.8,0,,MEL,Non CORE-Cluster,Prophet+Wx+Hol
Yo-Chi Balaclava,VIC,2026-08-31,FY 2027,forecast,3536.6,0.0,7189.17,0.9,13.8535,255.29,116.13,-818.29,15.4,0.48,45.9,0,,MEL,Non CORE-Cluster,Prophet+Wx+Hol
Yo-Chi Balaclava,VIC,2026-09-01,FY 2027,forecast,4269.64,696.33,7765.21,0.9,13.8535,308.2,98.31,-870.41,16.3,0.33,42.9,0,,MEL,Non CORE-Cluster,Prophet+Wx+Hol
Yo-Chi Balaclava,VIC,2026-09-02,FY 2027,forecast,4384.05,853.82,7804.92,0.9,13.8535,316.46,108.26,-975.85,17.3,1.47,56.8,0,,MEL,Non CORE-Cluster,Prophet+Wx+Hol
Yo-Chi Balaclava,VIC,2026-09-03,FY 2027,forecast,4338.71,669.07,8101.43,0.9,13.8535,313.19,91.86,-892.44,17.8,7.45,48.7,0,,MEL,Non CORE-Cluster,Prophet+Wx+Hol
Yo-Chi Balaclava,VIC,2026-09-04,FY 2027,forecast,4800.02,1208.77,8445.63,0.9,13.8535,346.49,104.41,-904.35,15.5,1.98,49.6,0,,MEL,Non CORE-Cluster,Prophet+Wx+Hol
Yo-Chi Balaclava,VIC,2026-09-05,FY 2027,forecast,4757.68,1022.32,8475.04,0.9,13.8535,343.43,103.44,-972.82,14.7,4.3,46.4,0,,MEL,Non CORE-Cluster,Prophet+Wx+Hol
Yo-Chi Balaclava,VIC,2026-09-06,FY 2027,forecast,5933.0,2302.26,9453.48,0.9,13.8535,428.27,101.56,-1147.68,18.5,0.4,48.7,0,,MEL,Non CORE-Cluster,Prophet+Wx+Hol
Yo-Chi Balaclava,VIC,2026-09-07,FY 2027,forecast,4068.28,352.28,7761.81,0.9,13.8535,293.67,88.77,-861.4,18.6,1.82,52.1,0,,MEL,Non CORE-Cluster,Prophet+Wx+Hol
Yo-Chi Balaclava,VIC,2026-09-08,FY 2027,forecast,4287.99,437.18,7898.86,0.9,13.8535,309.52,65.59,-834.43,17.0,2.48,57.4,0,,MEL,Non CORE-Cluster,Prophet+Wx+Hol
Yo-Chi Balaclava,VIC,2026-09-09,FY 2027,forecast,4746.66,1025.22,8402.56,0.9,13.8535,342.63,88.63,-980.67,17.1,0.25,45.3,0,,MEL,Non CORE-Cluster,Prophet+Wx+Hol
Yo-Chi Balaclava,VIC,2026-09-10,FY 2027,forecast,4726.85,1238.37,8117.59,0.9,13.8535,341.2,75.04,-844.38,16.6,1.45,43.8,0,,MEL,Non CORE-Cluster,Prophet+Wx+Hol
Yo-Chi Balaclava,VIC,2026-09-11,FY 2027,forecast,5359.17,1595.26,8999.54,0.9,13.8535,386.85,85.22,-853.62,17.6,2.6,47.2,0,,MEL,Non CORE-Cluster,Prophet+Wx+Hol
Yo-Chi Balaclava,VIC,2026-09-12,FY 2027,forecast,5255.85,1660.1,8922.66,0.9,13.8535,379.39,87.65,-886.72,15.7,2.62,44.4,0,,MEL,Non CORE-Cluster,Prophet+Wx+Hol
Yo-Chi Balaclava,VIC,2026-09-13,FY 2027,forecast,5990.98,2290.96,9627.59,0.9,13.8535,432.45,88.45,-1056.82,16.4,2.72,28.8,0,,MEL,Non CORE-Cluster,Prophet+Wx+Hol
Yo-Chi Balaclava,VIC,2026-09-14,FY 2027,forecast,4064.58,397.92,7760.56,0.9,13.8535,293.4,74.88,-699.97,16.6,1.03,49.5,0,,MEL,Non CORE-Cluster,Prophet+Wx+Hol
Yo-Chi Balaclava,VIC,2026-09-15,FY 2027,forecast,4764.81,1321.57,8558.32,0.9,13.8535,343.94,59.08,-696.37,17.4,0.6,49.9,0,,MEL,Non CORE-Cluster,Prophet+Wx+Hol
Yo-Chi Balaclava,VIC,2026-09-16,FY 2027,forecast,5096.92,1471.62,8556.08,0.9,13.8535,367.92,79.55,-811.87,18.4,1.8,46.5,0,,MEL,Non CORE-Cluster,Prophet+Wx+Hol
Yo-Chi Balaclava,VIC,2026-09-17,FY 2027,forecast,4897.43,1518.8,8492.23,0.9,13.8535,353.52,68.29,-643.96,16.5,1.42,46.4,0,,MEL,Non CORE-Cluster,Prophet+Wx+Hol
Yo-Chi Balaclava,VIC,2026-09-18,FY 2027,forecast,5491.07,2071.98,9115.0,0.9,13.8535,396.37,81.17,-651.76,17.4,3.57,47.0,0,,MEL,Non CORE-Cluster,Prophet+Wx+Hol
Yo-Chi Balaclava,VIC,2026-09-19,FY 2027,forecast,6045.97,2568.66,9563.09,0.9,13.8535,436.42,87.58,-703.91,20.3,2.27,54.0,0,,MEL,Non CORE-Cluster,Prophet+Wx+Hol
Yo-Chi Balaclava,VIC,2026-09-20,FY 2027,forecast,5846.06,2168.12,9283.81,0.9,13.8535,421.99,79.58,-778.56,16.8,3.62,54.7,0,,MEL,Non CORE-Cluster,Prophet+Wx+Hol
Yo-Chi Balaclava,VIC,2026-09-21,FY 2027,forecast,4061.19,325.25,7593.24,0.9,13.8535,293.15,77.5,-498.09,15.6,2.37,44.3,0,,MEL,Non CORE-Cluster,Prophet+Wx+Hol
Yo-Chi Balaclava,VIC,2026-09-22,FY 2027,forecast,4738.29,850.06,8189.52,0.9,13.8535,342.03,62.72,-489.27,16.3,0.58,47.8,0,,MEL,Non CORE-Cluster,Prophet+Wx+Hol
Yo-Chi Balaclava,VIC,2026-09-23,FY 2027,forecast,5108.15,1783.53,9033.27,0.9,13.8535,368.73,86.8,-630.34,17.0,1.33,37.9,0,,MEL,Non CORE-Cluster,Prophet+Wx+Hol
Yo-Chi Balaclava,VIC,2026-09-24,FY 2027,forecast,5113.53,1528.92,8824.28,0.9,13.8535,369.12,73.44,-467.24,17.6,1.37,48.2,0,,MEL,Non CORE-Cluster,Prophet+Wx+Hol
Yo-Chi Balaclava,VIC,2026-09-25,FY 2027,forecast,5596.27,1860.35,8995.33,0.9,13.8535,403.96,37.11,-453.85,15.6,3.23,43.7,0,Grand Final Day,MEL,Non CORE-Cluster,Prophet+Wx+Hol
Yo-Chi Balaclava,VIC,2026-09-26,FY 2027,forecast,4454.43,1040.08,8218.16,0.9,13.8535,321.54,113.55,-494.75,15.4,2.87,40.7,0,,MEL,Non CORE-Cluster,Prophet+Wx+Hol
Yo-Chi Balaclava,VIC,2026-09-27,FY 2027,forecast,5896.58,2267.73,9569.8,0.9,13.8535,425.64,86.74,-674.3,16.2,3.8,41.2,0,,MEL,Non CORE-Cluster,Prophet+Wx+Hol
Yo-Chi Balaclava,VIC,2026-09-28,FY 2027,forecast,4508.64,757.14,8188.95,0.9,13.8535,325.45,85.79,-425.26,17.4,0.27,34.7,0,,MEL,Non CORE-Cluster,Prophet+Wx+Hol
Yo-Chi Balaclava,VIC,2026-09-29,FY 2027,forecast,5166.97,1570.57,8816.48,0.9,13.8535,372.97,64.41,-430.14,19.7,1.85,45.1,0,,MEL,Non CORE-Cluster,Prophet+Wx+Hol
Yo-Chi Balaclava,VIC,2026-09-30,FY 2027,forecast,5124.96,1614.09,8494.57,0.9,13.8535,369.94,78.7,-555.18,19.9,6.58,44.3,0,,MEL,Non CORE-Cluster,Prophet+Wx+Hol
Yo-Chi Balaclava,VIC,2026-10-01,FY 2027,forecast,5143.92,1634.78,8725.82,0.9,13.8535,371.31,68.33,-414.82,18.7,2.03,47.8,0,,MEL,Non CORE-Cluster,Prophet+Wx+Hol
Yo-Chi Balaclava,VIC,2026-10-02,FY 2027,forecast,5726.82,2213.67,9579.0,0.9,13.8535,413.39,80.63,-445.67,19.0,1.1,49.9,0,,MEL,Non CORE-Cluster,Prophet+Wx+Hol
Yo-Chi Balaclava,VIC,2026-10-03,FY 2027,forecast,5970.93,2369.94,9521.8,0.9,13.8535,431.01,78.53,-542.38,22.1,7.2,52.3,0,,MEL,Non CORE-Cluster,Prophet+Wx+Hol
Yo-Chi Balaclava,VIC,2026-10-04,FY 2027,forecast,6182.84,2344.5,9522.31,0.9,13.8535,446.3,72.74,-678.02,20.0,4.52,51.1,0,,MEL,Non CORE-Cluster,Prophet+Wx+Hol
Yo-Chi Balaclava,VIC,2026-10-05,FY 2027,forecast,3963.66,431.9,7668.89,0.9,13.8535,286.11,60.43,-387.62,17.6,5.53,48.6,0,,MEL,Non CORE-Cluster,Prophet+Wx+Hol
Yo-Chi Balaclava,VIC,2026-10-06,FY 2027,forecast,4562.06,620.38,7978.42,0.9,13.8535,329.31,43.54,-420.82,17.2,3.22,45.6,0,,MEL,Non CORE-Cluster,Prophet+Wx+Hol
Yo-Chi Balaclava,VIC,2026-10-07,FY 2027,forecast,4643.54,1081.13,8062.58,0.9,13.8535,335.19,61.34,-569.93,16.7,4.42,39.6,0,,MEL,Non CORE-Cluster,Prophet+Wx+Hol
Yo-Chi Balaclava,VIC,2026-10-08,FY 2027,forecast,4650.94,1068.76,8436.97,0.9,13.8535,335.72,45.68,-439.17,16.8,3.67,47.1,0,,MEL,Non CORE-Cluster,Prophet+Wx+Hol
Yo-Chi Balaclava,VIC,2026-10-09,FY 2027,forecast,5434.41,1832.25,9030.47,0.9,13.8535,392.28,61.28,-494.89,17.5,0.75,45.6,0,,MEL,Non CORE-Cluster,Prophet+Wx+Hol
Yo-Chi Balaclava,VIC,2026-10-10,FY 2027,forecast,5597.63,1952.6,9306.72,0.9,13.8535,404.06,64.23,-581.13,17.7,0.55,45.1,0,,MEL,Non CORE-Cluster,Prophet+Wx+Hol
Yo-Chi Balaclava,VIC,2026-10-11,FY 2027,forecast,6101.32,2367.39,9800.1,0.9,13.8535,440.42,58.09,-744.98,18.4,0.62,45.7,0,,MEL,Non CORE-Cluster,Prophet+Wx+Hol
Yo-Chi Balaclava,VIC,2026-10-12,FY 2027,forecast,4214.62,837.82,7878.78,0.9,13.8535,304.23,45.36,-477.85,19.3,4.88,46.8,0,,MEL,Non CORE-Cluster,Prophet+Wx+Hol
Yo-Chi Balaclava,VIC,2026-10-13,FY 2027,forecast,4410.33,958.95,7866.31,0.9,13.8535,318.36,23.3,-488.63,17.9,7.82,46.4,0,,MEL,Non CORE-Cluster,Prophet+Wx+Hol
Yo-Chi Balaclava,VIC,2026-10-14,FY 2027,forecast,4947.89,1231.37,8515.27,0.9,13.8535,357.16,48.91,-635.46,18.8,2.65,47.4,0,,MEL,Non CORE-Cluster,Prophet+Wx+Hol
Yo-Chi Balaclava,VIC,2026-10-15,FY 2027,forecast,5145.1,1599.93,9030.3,0.9,13.8535,371.39,38.56,-549.03,20.1,5.75,42.2,0,,MEL,Non CORE-Cluster,Prophet+Wx+Hol
Yo-Chi Balaclava,VIC,2026-10-16,FY 2027,forecast,5554.11,1917.05,9270.35,0.9,13.8535,400.92,50.89,-548.74,19.6,4.52,52.7,0,,MEL,Non CORE-Cluster,Prophet+Wx+Hol
Yo-Chi Balaclava,VIC,2026-10-17,FY 2027,forecast,5755.25,1934.45,9498.47,0.9,13.8535,415.44,62.58,-652.16,18.7,3.55,40.4,0,,MEL,Non CORE-Cluster,Prophet+Wx+Hol
Yo-Chi Balaclava,VIC,2026-10-18,FY 2027,forecast,6196.02,2632.94,9906.62,0.9,13.8535,447.25,60.71,-815.74,19.0,5.28,36.9,0,,MEL,Non CORE-Cluster,Prophet+Wx+Hol
Yo-Chi Balaclava,VIC,2026-10-19,FY 2027,forecast,4713.5,1261.55,8243.55,0.9,13.8535,340.24,59.31,-528.15,20.2,1.07,44.1,0,,MEL,Non CORE-Cluster,Prophet+Wx+Hol
Yo-Chi Balaclava,VIC,2026-10-20,FY 2027,forecast,5376.45,1796.25,8830.62,0.9,13.8535,388.09,50.13,-578.61,20.1,1.52,32.5,0,,MEL,Non CORE-Cluster,Prophet+Wx+Hol
Yo-Chi Balaclava,VIC,2026-10-21,FY 2027,forecast,5779.14,2277.7,9441.82,0.9,13.8535,417.16,75.3,-717.75,21.9,2.47,35.1,0,,MEL,Non CORE-Cluster,Prophet+Wx+Hol
Yo-Chi Balaclava,VIC,2026-10-22,FY 2027,forecast,5397.47,1813.82,8778.14,0.9,13.8535,389.61,59.95,-524.52,21.0,4.62,52.7,0,,MEL,Non CORE-Cluster,Prophet+Wx+Hol
Yo-Chi Balaclava,VIC,2026-10-23,FY 2027,forecast,5807.76,2189.88,9554.46,0.9,13.8535,419.23,85.64,-562.86,18.2,2.48,39.0,0,,MEL,Non CORE-Cluster,Prophet+Wx+Hol
Yo-Chi Balaclava,VIC,2026-10-24,FY 2027,forecast,5544.48,1974.21,9048.3,0.9,13.8535,400.22,87.75,-585.53,17.8,6.8,50.3,0,,MEL,Non CORE-Cluster,Prophet+Wx+Hol
Yo-Chi Balaclava,VIC,2026-10-25,FY 2027,forecast,5751.92,2241.33,9421.85,0.9,13.8535,415.2,91.81,-728.35,15.5,6.27,41.6,0,,MEL,Non CORE-Cluster,Prophet+Wx+Hol
Yo-Chi Balaclava,VIC,2026-10-26,FY 2027,forecast,4404.15,689.38,7884.12,0.9,13.8535,317.91,93.68,-467.58,18.3,6.38,41.4,0,,MEL,Non CORE-Cluster,Prophet+Wx+Hol
Yo-Chi Balaclava,VIC,2026-10-27,FY 2027,forecast,5292.76,1511.81,8992.88,0.9,13.8535,382.05,86.53,-483.84,19.7,2.82,44.9,0,,MEL,Non CORE-Cluster,Prophet+Wx+Hol
Yo-Chi Balaclava,VIC,2026-10-28,FY 2027,forecast,5447.8,2166.03,8916.35,0.9,13.8535,393.24,115.0,-600.04,19.1,1.55,44.9,0,,MEL,Non CORE-Cluster,Prophet+Wx+Hol
Yo-Chi Balaclava,VIC,2026-10-29,FY 2027,forecast,5540.88,1696.07,9025.71,0.9,13.8535,399.96,109.98,-459.5,19.4,0.92,48.3,0,,MEL,Non CORE-Cluster,Prophet+Wx+Hol
Yo-Chi Balaclava,VIC,2026-10-30,FY 2027,forecast,6116.11,2592.24,9564.63,0.9,13.8535,441.49,130.2,-485.06,19.9,1.82,48.9,0,,MEL,Non CORE-Cluster,Prophet+Wx+Hol
Yo-Chi Balaclava,VIC,2026-10-31,FY 2027,forecast,5844.79,2395.01,9601.16,0.9,13.8535,421.9,136.59,-522.93,18.1,3.85,50.0,0,,MEL,Non CORE-Cluster,Prophet+Wx+Hol
Yo-Chi Balaclava,VIC,2026-11-01,FY 2027,forecast,6386.75,2674.23,9986.96,0.9,13.8535,461.02,143.27,-696.7,17.3,1.87,37.7,0,,MEL,Non CORE-Cluster,Prophet+Wx+Hol
Yo-Chi Balaclava,VIC,2026-11-02,FY 2027,forecast,5486.84,1961.67,8810.37,0.9,13.8535,396.06,143.79,-448.94,23.5,0.55,45.5,0,,MEL,Non CORE-Cluster,Prophet+Wx+Hol
Yo-Chi Balaclava,VIC,2026-11-03,FY 2027,forecast,6482.56,3125.14,10110.83,0.9,13.8535,467.94,82.38,-405.89,20.1,11.6,49.9,0,Melbourne Cup Day,MEL,Non CORE-Cluster,Prophet+Wx+Hol
Yo-Chi Balaclava,VIC,2026-11-04,FY 2027,forecast,3832.94,83.84,7430.31,0.9,13.8535,276.68,80.81,-497.91,18.1,3.47,45.7,0,,MEL,Non CORE-Cluster,Prophet+Wx+Hol
Yo-Chi Balaclava,VIC,2026-11-05,FY 2027,forecast,5896.84,2251.04,9459.81,0.9,13.8535,425.66,144.33,-451.16,20.9,0.33,37.9,0,,MEL,Non CORE-Cluster,Prophet+Wx+Hol
Yo-Chi Balaclava,VIC,2026-11-06,FY 2027,forecast,6901.16,3411.41,10824.91,0.9,13.8535,498.15,158.82,-498.18,25.2,1.37,47.3,0,,MEL,Non CORE-Cluster,Prophet+Wx+Hol
Yo-Chi Balaclava,VIC,2026-11-07,FY 2027,forecast,6422.83,2994.45,10014.09,0.9,13.8535,463.63,160.62,-545.44,21.6,3.2,41.2,0,,MEL,Non CORE-Cluster,Prophet+Wx+Hol
Yo-Chi Balaclava,VIC,2026-11-08,FY 2027,forecast,6624.93,2909.95,10334.46,0.9,13.8535,478.21,152.11,-676.6,20.8,3.53,44.6,0,,MEL,Non CORE-Cluster,Prophet+Wx+Hol
Yo-Chi Balaclava,VIC,2026-11-09,FY 2027,forecast,5139.86,1553.45,8576.86,0.9,13.8535,371.02,149.49,-428.34,21.4,0.83,34.8,0,,MEL,Non CORE-Cluster,Prophet+Wx+Hol
Yo-Chi Balaclava,VIC,2026-11-10,FY 2027,forecast,5614.94,2238.77,9137.27,0.9,13.8535,405.31,123.44,-435.78,22.8,3.52,42.9,0,,MEL,Non CORE-Cluster,Prophet+Wx+Hol
Yo-Chi Balaclava,VIC,2026-11-11,FY 2027,forecast,5293.83,1621.7,8938.24,0.9,13.8535,382.13,134.39,-520.22,20.8,4.42,51.8,0,,MEL,Non CORE-Cluster,Prophet+Wx+Hol
Yo-Chi Balaclava,VIC,2026-11-12,FY 2027,forecast,5269.46,1714.16,8767.41,0.9,13.8535,380.37,120.04,-416.79,20.1,5.5,43.2,0,,MEL,Non CORE-Cluster,Prophet+Wx+Hol
Yo-Chi Balaclava,VIC,2026-11-13,FY 2027,forecast,5572.07,2239.29,9076.02,0.9,13.8535,402.21,125.7,-442.54,19.8,8.47,45.0,0,,MEL,Non CORE-Cluster,Prophet+Wx+Hol
Yo-Chi Balaclava,VIC,2026-11-14,FY 2027,forecast,5258.1,1714.91,8736.15,0.9,13.8535,379.55,124.89,-488.97,16.3,6.18,43.2,0,,MEL,Non CORE-Cluster,Prophet+Wx+Hol
Yo-Chi Balaclava,VIC,2026-11-15,FY 2027,forecast,6051.97,2385.92,9757.42,0.9,13.8535,436.86,115.04,-656.75,19.2,4.68,51.2,0,,MEL,Non CORE-Cluster,Prophet+Wx+Hol
Yo-Chi Balaclava,VIC,2026-11-16,FY 2027,forecast,4443.37,724.84,8320.87,0.9,13.8535,320.74,102.47,-380.68,20.4,3.68,53.4,0,,MEL,Non CORE-Cluster,Prophet+Wx+Hol
Yo-Chi Balaclava,VIC,2026-11-17,FY 2027,forecast,5000.6,1357.38,8600.68,0.9,13.8535,360.96,83.68,-426.78,19.1,1.48,42.6,0,,MEL,Non CORE-Cluster,Prophet+Wx+Hol
Yo-Chi Balaclava,VIC,2026-11-18,FY 2027,forecast,5760.73,2101.53,9540.92,0.9,13.8535,415.83,102.91,-604.27,22.8,0.27,45.1,0,,MEL,Non CORE-Cluster,Prophet+Wx+Hol
Yo-Chi Balaclava,VIC,2026-11-19,FY 2027,forecast,5497.8,2002.43,8828.31,0.9,13.8535,396.85,81.21,-463.49,21.8,2.8,47.1,0,,MEL,Non CORE-Cluster,Prophet+Wx+Hol
Yo-Chi Balaclava,VIC,2026-11-20,FY 2027,forecast,5545.06,1939.31,9337.27,0.9,13.8535,400.26,89.86,-462.07,17.9,1.0,46.4,0,,MEL,Non CORE-Cluster,Prophet+Wx+Hol
Yo-Chi Balaclava,VIC,2026-11-21,FY 2027,forecast,5981.37,2504.86,9810.82,0.9,13.8535,431.76,91.35,-562.88,20.1,1.22,48.1,0,,MEL,Non CORE-Cluster,Prophet+Wx+Hol
Yo-Chi Balaclava,VIC,2026-11-22,FY 2027,forecast,7048.26,3333.11,10784.8,0.9,13.8535,508.77,87.06,-790.19,24.4,3.05,42.2,0,,MEL,Non CORE-Cluster,Prophet+Wx+Hol
Yo-Chi Balaclava,VIC,2026-11-23,FY 2027,forecast,4884.85,1375.44,8258.35,0.9,13.8535,352.61,69.82,-477.58,23.4,6.88,45.2,0,,MEL,Non CORE-Cluster,Prophet+Wx+Hol
Yo-Chi Balaclava,VIC,2026-11-24,FY 2027,forecast,5578.97,1935.96,9188.49,0.9,13.8535,402.71,54.22,-527.3,23.1,5.42,36.1,0,,MEL,Non CORE-Cluster,Prophet+Wx+Hol
Yo-Chi Balaclava,VIC,2026-11-25,FY 2027,forecast,5707.95,2108.09,9493.54,0.9,13.8535,412.02,75.8,-658.35,22.2,3.75,35.0,0,,MEL,Non CORE-Cluster,Prophet+Wx+Hol
Yo-Chi Balaclava,VIC,2026-11-26,FY 2027,forecast,5394.53,1767.22,9242.16,0.9,13.8535,389.4,56.33,-467.92,20.8,3.55,50.2,0,,MEL,Non CORE-Cluster,Prophet+Wx+Hol
Yo-Chi Balaclava,VIC,2026-11-27,FY 2027,forecast,6297.48,2775.62,9893.71,0.9,13.8535,454.58,75.42,-531.7,22.6,3.12,47.6,0,,MEL,Non CORE-Cluster,Prophet+Wx+Hol
Yo-Chi Balaclava,VIC,2026-11-28,FY 2027,forecast,6477.71,2778.93,10113.95,0.9,13.8535,467.59,86.28,-627.61,21.7,2.0,37.8,0,,MEL,Non CORE-Cluster,Prophet+Wx+Hol
Yo-Chi Balaclava,VIC,2026-11-29,FY 2027,forecast,6523.44,2920.22,10290.93,0.9,13.8535,470.89,75.08,-734.31,21.1,5.03,49.3,0,,MEL,Non CORE-Cluster,Prophet+Wx+Hol
Yo-Chi Balaclava,VIC,2026-11-30,FY 2027,forecast,5029.39,1419.64,8645.2,0.9,13.8535,363.04,76.76,-477.36,21.7,3.57,38.7,0,,MEL,Non CORE-Cluster,Prophet+Wx+Hol
Yo-Chi Balaclava,VIC,2026-12-01,FY 2027,forecast,5591.04,1955.93,9258.62,0.9,13.8535,403.58,58.81,-469.17,22.5,3.4,48.8,0,,MEL,Non CORE-Cluster,Prophet+Wx+Hol
Yo-Chi Balaclava,VIC,2026-12-02,FY 2027,forecast,5719.44,1993.68,9318.84,0.9,13.8535,412.85,85.22,-618.93,22.4,6.02,41.9,0,,MEL,Non CORE-Cluster,Prophet+Wx+Hol
Yo-Chi Balaclava,VIC,2026-12-03,FY 2027,forecast,6392.45,2950.41,10180.78,0.9,13.8535,461.43,85.48,-511.24,25.0,0.95,43.9,0,,MEL,Non CORE-Cluster,Prophet+Wx+Hol
Yo-Chi Balaclava,VIC,2026-12-04,FY 2027,forecast,7172.46,3558.57,10721.58,0.9,13.8535,517.74,109.03,-555.91,26.2,0.1,42.5,0,,MEL,Non CORE-Cluster,Prophet+Wx+Hol
Yo-Chi Balaclava,VIC,2026-12-05,FY 2027,forecast,6789.89,3341.51,10315.76,0.9,13.8535,490.12,113.68,-584.38,24.1,2.57,46.0,0,,MEL,Non CORE-Cluster,Prophet+Wx+Hol
Yo-Chi Balaclava,VIC,2026-12-06,FY 2027,forecast,6930.02,3228.91,10766.27,0.9,13.8535,500.24,111.94,-713.69,22.8,3.62,46.8,0,,MEL,Non CORE-Cluster,Prophet+Wx+Hol
Yo-Chi Balaclava,VIC,2026-12-07,FY 2027,forecast,4679.78,1096.22,8318.53,0.9,13.8535,337.81,108.78,-376.1,19.7,2.55,44.6,0,,MEL,Non CORE-Cluster,Prophet+Wx+Hol
Yo-Chi Balaclava,VIC,2026-12-08,FY 2027,forecast,5392.24,2082.7,8764.46,0.9,13.8535,389.23,95.32,-377.83,21.3,1.05,53.0,0,,MEL,Non CORE-Cluster,Prophet+Wx+Hol
Yo-Chi Balaclava,VIC,2026-12-09,FY 2027,forecast,5210.56,1442.85,8885.19,0.9,13.8535,376.12,121.53,-508.93,19.6,4.0,44.6,0,,MEL,Non CORE-Cluster,Prophet+Wx+Hol
Yo-Chi Balaclava,VIC,2026-12-10,FY 2027,forecast,5424.55,1861.23,9013.13,0.9,13.8535,391.57,120.24,-385.29,19.6,0.48,40.3,0,,MEL,Non CORE-Cluster,Prophet+Wx+Hol
Yo-Chi Balaclava,VIC,2026-12-11,FY 2027,forecast,6088.02,2627.46,9914.88,0.9,13.8535,439.46,135.04,-412.28,22.8,4.47,50.0,0,,MEL,Non CORE-Cluster,Prophet+Wx+Hol
Yo-Chi Balaclava,VIC,2026-12-12,FY 2027,forecast,6920.3,3332.99,10526.71,0.9,13.8535,499.54,152.69,-554.57,26.9,3.32,41.8,0,,MEL,Non CORE-Cluster,Prophet+Wx+Hol
Yo-Chi Balaclava,VIC,2026-12-13,FY 2027,forecast,7185.42,3380.06,10787.07,0.9,13.8535,518.67,148.74,-669.78,26.7,1.32,51.7,0,,MEL,Non CORE-Cluster,Prophet+Wx+Hol
Yo-Chi Balaclava,VIC,2026-12-14,FY 2027,forecast,4622.24,961.48,8361.41,0.9,13.8535,333.65,138.51,-314.78,22.7,2.35,50.6,0,,MEL,Non CORE-Cluster,Prophet+Wx+Hol
Yo-Chi Balaclava,VIC,2026-12-15,FY 2027,forecast,5171.28,1418.7,8676.2,0.9,13.8535,373.28,124.85,-339.93,22.6,0.7,46.1,0,,MEL,Non CORE-Cluster,Prophet+Wx+Hol
Yo-Chi Balaclava,VIC,2026-12-16,FY 2027,forecast,5503.8,1700.93,8940.98,0.9,13.8535,397.29,149.7,-487.33,24.3,0.27,47.4,0,,MEL,Non CORE-Cluster,Prophet+Wx+Hol
Yo-Chi Balaclava,VIC,2026-12-17,FY 2027,forecast,5686.14,2109.0,9326.44,0.9,13.8535,410.45,139.25,-375.62,26.0,1.12,45.4,0,,MEL,Non CORE-Cluster,Prophet+Wx+Hol
Yo-Chi Balaclava,VIC,2026-12-18,FY 2027,forecast,6150.14,2601.36,9827.43,0.9,13.8535,443.94,153.57,-392.8,26.3,0.3,50.2,0,,MEL,Non CORE-Cluster,Prophet+Wx+Hol
Yo-Chi Balaclava,VIC,2026-12-19,FY 2027,forecast,5762.82,2312.46,9362.36,0.9,13.8535,415.98,154.01,-447.01,24.3,2.57,47.5,0,,MEL,Non CORE-Cluster,Prophet+Wx+Hol
Yo-Chi Balaclava,VIC,2026-12-20,FY 2027,forecast,6262.26,2434.51,9790.73,0.9,13.8535,452.04,150.02,-609.75,24.9,0.07,47.9,0,,MEL,Non CORE-Cluster,Prophet+Wx+Hol
Yo-Chi Balaclava,VIC,2026-12-21,FY 2027,forecast,3897.46,72.99,7474.43,0.9,13.8535,281.33,134.93,-296.57,22.8,4.4,41.9,0,,MEL,Non CORE-Cluster,Prophet+Wx+Hol
Yo-Chi Balaclava,VIC,2026-12-22,FY 2027,forecast,3850.13,252.92,7556.45,0.9,13.8535,277.92,105.88,-286.09,21.1,8.45,43.1,0,,MEL,Non CORE-Cluster,Prophet+Wx+Hol
Yo-Chi Balaclava,VIC,2026-12-23,FY 2027,forecast,4183.82,585.6,7722.53,0.9,13.8535,302.01,133.18,-422.71,20.3,0.37,42.6,0,,MEL,Non CORE-Cluster,Prophet+Wx+Hol
Yo-Chi Balaclava,VIC,2026-12-24,FY 2027,forecast,4312.29,489.43,7768.45,0.9,13.8535,311.28,117.02,-302.35,21.8,0.98,44.3,0,,MEL,Non CORE-Cluster,Prophet+Wx+Hol
Yo-Chi Balaclava,VIC,2026-12-25,FY 2027,forecast,720.1,0.0,4404.35,0.9,13.8535,51.98,31.87,-272.98,23.4,6.45,48.3,0,Christmas Day,MEL,Non CORE-Cluster,Prophet+Wx+Hol
Yo-Chi Balaclava,VIC,2026-12-26,FY 2027,forecast,3782.09,308.72,7253.05,0.9,13.8535,273.01,57.11,-433.1,25.2,2.47,46.4,0,Boxing Day,MEL,Non CORE-Cluster,Prophet+Wx+Hol
Yo-Chi Balaclava,VIC,2026-12-27,FY 2027,forecast,6569.25,2748.78,10366.96,0.9,13.8535,474.2,83.0,-603.7,26.0,1.78,50.2,0,,MEL,Non CORE-Cluster,Prophet+Wx+Hol
Yo-Chi Balaclava,VIC,2026-12-28,FY 2027,forecast,3865.63,302.91,7605.6,0.9,13.8535,279.04,106.28,-298.04,23.3,2.95,46.3,0,Boxing Day (observed),MEL,Non CORE-Cluster,Prophet+Wx+Hol
Yo-Chi Balaclava,VIC,2026-12-29,FY 2027,forecast,4432.85,932.81,8172.47,0.9,13.8535,319.98,88.24,-333.67,23.8,0.32,41.9,0,,MEL,Non CORE-Cluster,Prophet+Wx+Hol
Yo-Chi Balaclava,VIC,2026-12-30,FY 2027,forecast,4613.0,1001.71,8092.45,0.9,13.8535,332.99,107.57,-489.41,26.1,0.33,46.6,0,,MEL,Non CORE-Cluster,Prophet+Wx+Hol
Yo-Chi Balaclava,VIC,2026-12-31,FY 2027,forecast,4459.12,912.76,8290.36,0.9,13.8535,321.88,90.24,-341.79,24.8,0.22,48.1,0,,MEL,Non CORE-Cluster,Prophet+Wx+Hol
Yo-Chi Balaclava,VIC,2027-01-01,FY 2027,forecast,8187.53,4593.76,11832.18,0.9,13.8535,591.01,114.15,-463.83,26.9,1.4,46.1,0,New Year's Day,MEL,Non CORE-Cluster,Prophet+Wx+Hol
Yo-Chi Balaclava,VIC,2027-01-02,FY 2027,forecast,6475.5,2995.89,10181.0,0.9,13.8535,467.43,139.52,-479.95,26.5,2.43,46.0,0,,MEL,Non CORE-Cluster,Prophet+Wx+Hol
Yo-Chi Balaclava,VIC,2027-01-03,FY 2027,forecast,5576.72,1606.5,8944.48,0.9,13.8535,402.55,97.92,-646.8,25.3,3.25,43.7,0,,MEL,Non CORE-Cluster,Prophet+Wx+Hol
Yo-Chi Balaclava,VIC,2027-01-04,FY 2027,forecast,3426.4,0.0,6902.46,0.9,13.8535,247.33,84.0,-295.19,23.0,2.17,50.4,0,,MEL,Non CORE-Cluster,Prophet+Wx+Hol
Yo-Chi Balaclava,VIC,2027-01-05,FY 2027,forecast,4372.15,752.19,7993.35,0.9,13.8535,315.6,64.73,-363.17,25.8,4.77,47.0,0,,MEL,Non CORE-Cluster,Prophet+Wx+Hol
Yo-Chi Balaclava,VIC,2027-01-06,FY 2027,forecast,4868.52,1174.43,8612.94,0.9,13.8535,351.43,91.41,-545.32,26.8,4.57,40.0,0,,MEL,Non CORE-Cluster,Prophet+Wx+Hol
Yo-Chi Balaclava,VIC,2027-01-07,FY 2027,forecast,5004.51,1350.81,8640.07,0.9,13.8535,361.25,74.22,-410.08,28.1,7.33,46.4,0,,MEL,Non CORE-Cluster,Prophet+Wx+Hol
Yo-Chi Balaclava,VIC,2027-01-08,FY 2027,forecast,5456.27,1803.15,8890.57,0.9,13.8535,393.86,93.29,-441.42,25.8,5.1,40.9,0,,MEL,Non CORE-Cluster,Prophet+Wx+Hol
Yo-Chi Balaclava,VIC,2027-01-09,FY 2027,forecast,6291.98,2748.96,9908.45,0.9,13.8535,454.18,104.64,-541.3,28.8,0.0,48.3,0,,MEL,Non CORE-Cluster,Prophet+Wx+Hol
Yo-Chi Balaclava,VIC,2027-01-10,FY 2027,forecast,6665.65,2894.59,10164.25,0.9,13.8535,481.15,101.51,-712.97,27.4,0.03,42.0,0,,MEL,Non CORE-Cluster,Prophet+Wx+Hol
Yo-Chi Balaclava,VIC,2027-01-11,FY 2027,forecast,5046.79,1631.57,8690.49,0.9,13.8535,364.3,92.13,-403.67,28.5,0.37,47.8,0,,MEL,Non CORE-Cluster,Prophet+Wx+Hol
Yo-Chi Balaclava,VIC,2027-01-12,FY 2027,forecast,5341.96,1768.45,9093.78,0.9,13.8535,385.6,71.52,-415.41,26.3,1.72,43.6,0,,MEL,Non CORE-Cluster,Prophet+Wx+Hol
Yo-Chi Balaclava,VIC,2027-01-13,FY 2027,forecast,5645.94,2035.45,9199.31,0.9,13.8535,407.55,97.47,-568.87,26.0,0.85,41.3,0,,MEL,Non CORE-Cluster,Prophet+Wx+Hol
Yo-Chi Balaclava,VIC,2027-01-14,FY 2027,forecast,5871.04,2293.61,9329.01,0.9,13.8535,423.8,84.2,-436.3,26.9,1.27,46.2,0,,MEL,Non CORE-Cluster,Prophet+Wx+Hol
Yo-Chi Balaclava,VIC,2027-01-15,FY 2027,forecast,5991.75,2519.43,9702.66,0.9,13.8535,432.51,96.36,-431.95,23.9,2.0,49.1,0,,MEL,Non CORE-Cluster,Prophet+Wx+Hol
Yo-Chi Balaclava,VIC,2027-01-16,FY 2027,forecast,6487.58,2797.75,10060.38,0.9,13.8535,468.3,105.9,-545.71,25.2,1.18,46.1,0,,MEL,Non CORE-Cluster,Prophet+Wx+Hol
Yo-Chi Balaclava,VIC,2027-01-17,FY 2027,forecast,6748.08,3337.2,10281.6,0.9,13.8535,487.1,93.33,-703.8,25.6,6.45,50.8,0,,MEL,Non CORE-Cluster,Prophet+Wx+Hol
Yo-Chi Balaclava,VIC,2027-01-18,FY 2027,forecast,5073.21,1458.97,8726.25,0.9,13.8535,366.21,89.98,-396.17,24.2,1.5,48.9,0,,MEL,Non CORE-Cluster,Prophet+Wx+Hol
Yo-Chi Balaclava,VIC,2027-01-19,FY 2027,forecast,5835.16,2513.77,9295.45,0.9,13.8535,421.21,72.06,-435.1,24.6,0.05,48.7,0,,MEL,Non CORE-Cluster,Prophet+Wx+Hol
Yo-Chi Balaclava,VIC,2027-01-20,FY 2027,forecast,6471.92,2587.94,10013.87,0.9,13.8535,467.17,100.67,-642.83,26.4,0.0,40.1,0,,MEL,Non CORE-Cluster,Prophet+Wx+Hol
Yo-Chi Balaclava,VIC,2027-01-21,FY 2027,forecast,6477.13,2846.73,10266.05,0.9,13.8535,467.55,83.6,-497.34,26.4,0.37,46.7,0,,MEL,Non CORE-Cluster,Prophet+Wx+Hol
Yo-Chi Balaclava,VIC,2027-01-22,FY 2027,forecast,6596.51,2913.02,10228.9,0.9,13.8535,476.16,94.68,-501.03,23.5,0.3,49.8,0,,MEL,Non CORE-Cluster,Prophet+Wx+Hol
Yo-Chi Balaclava,VIC,2027-01-23,FY 2027,forecast,7424.1,3668.06,10958.26,0.9,13.8535,535.9,106.73,-677.29,26.9,0.55,38.5,0,,MEL,Non CORE-Cluster,Prophet+Wx+Hol
Yo-Chi Balaclava,VIC,2027-01-24,FY 2027,forecast,8363.86,4686.32,12058.02,0.9,13.8535,603.74,99.75,-890.04,31.0,1.82,43.7,0,,MEL,Non CORE-Cluster,Prophet+Wx+Hol
Yo-Chi Balaclava,VIC,2027-01-25,FY 2027,forecast,6150.19,2616.13,9752.25,0.9,13.8535,443.95,82.66,-559.41,29.3,4.4,47.2,0,,MEL,Non CORE-Cluster,Prophet+Wx+Hol
Yo-Chi Balaclava,VIC,2027-01-26,FY 2027,forecast,6913.36,3679.52,10490.24,0.9,13.8535,499.03,63.11,-531.7,26.0,2.37,41.6,0,Australia Day,MEL,Non CORE-Cluster,Prophet+Wx+Hol
Yo-Chi Balaclava,VIC,2027-01-27,FY 2027,forecast,6851.28,3004.11,10553.58,0.9,13.8535,494.55,31.94,-761.95,32.1,0.23,53.9,0,,MEL,Non CORE-Cluster,Prophet+Wx+Hol
Yo-Chi Balaclava,VIC,2027-01-28,FY 2027,forecast,6500.31,3052.06,10486.73,0.9,13.8535,469.22,63.57,-617.9,26.6,4.93,44.3,0,,MEL,Non CORE-Cluster,Prophet+Wx+Hol
Yo-Chi Balaclava,VIC,2027-01-29,FY 2027,forecast,6168.23,2701.35,9842.1,0.9,13.8535,445.25,66.47,-627.95,23.1,12.02,42.7,0,,MEL,Non CORE-Cluster,Prophet+Wx+Hol
Yo-Chi Balaclava,VIC,2027-01-30,FY 2027,forecast,6882.32,3238.73,10462.43,0.9,13.8535,496.79,81.93,-739.62,23.9,1.2,44.4,0,,MEL,Non CORE-Cluster,Prophet+Wx+Hol
Yo-Chi Balaclava,VIC,2027-01-31,FY 2027,forecast,7424.37,3750.47,11075.19,0.9,13.8535,535.92,76.9,-941.77,24.4,0.4,41.3,0,,MEL,Non CORE-Cluster,Prophet+Wx+Hol
Yo-Chi Balaclava,VIC,2027-02-01,FY 2027,forecast,5388.45,1684.78,9123.36,0.9,13.8535,388.96,61.59,-607.06,23.8,0.18,49.8,0,,MEL,Non CORE-Cluster,Prophet+Wx+Hol
Yo-Chi Balaclava,VIC,2027-02-02,FY 2027,forecast,5554.4,2002.77,8951.14,0.9,13.8535,400.94,32.31,-610.23,23.1,2.93,56.0,0,,MEL,Non CORE-Cluster,Prophet+Wx+Hol
Yo-Chi Balaclava,VIC,2027-02-03,FY 2027,forecast,6346.51,2752.16,9748.63,0.9,13.8535,458.12,62.34,-848.05,26.6,2.97,46.2,0,,MEL,Non CORE-Cluster,Prophet+Wx+Hol
Yo-Chi Balaclava,VIC,2027-02-04,FY 2027,forecast,6904.92,3313.38,10556.96,0.9,13.8535,498.43,51.35,-755.25,30.1,1.57,50.1,0,,MEL,Non CORE-Cluster,Prophet+Wx+Hol
Yo-Chi Balaclava,VIC,2027-02-05,FY 2027,forecast,6447.44,2953.64,9944.92,0.9,13.8535,465.4,62.38,-738.04,23.6,1.92,44.8,0,,MEL,Non CORE-Cluster,Prophet+Wx+Hol
Yo-Chi Balaclava,VIC,2027-02-06,FY 2027,forecast,6779.72,3134.24,10710.33,0.9,13.8535,489.39,71.14,-850.68,24.6,0.43,42.1,0,,MEL,Non CORE-Cluster,Prophet+Wx+Hol
Yo-Chi Balaclava,VIC,2027-02-07,FY 2027,forecast,6812.52,3067.47,10318.08,0.9,13.8535,491.75,61.87,-988.93,22.8,0.43,45.5,0,,MEL,Non CORE-Cluster,Prophet+Wx+Hol
Yo-Chi Balaclava,VIC,2027-02-08,FY 2027,forecast,5213.35,1547.25,8813.9,0.9,13.8535,376.32,54.74,-699.08,24.6,0.85,44.7,0,,MEL,Non CORE-Cluster,Prophet+Wx+Hol
Yo-Chi Balaclava,VIC,2027-02-09,FY 2027,forecast,5763.24,2134.36,9273.37,0.9,13.8535,416.01,34.78,-724.77,25.1,1.0,44.9,0,,MEL,Non CORE-Cluster,Prophet+Wx+Hol
Yo-Chi Balaclava,VIC,2027-02-10,FY 2027,forecast,6125.71,2517.68,9719.49,0.9,13.8535,442.18,64.29,-901.39,25.8,0.22,38.5,0,,MEL,Non CORE-Cluster,Prophet+Wx+Hol
Yo-Chi Balaclava,VIC,2027-02-11,FY 2027,forecast,6479.77,2720.47,10331.6,0.9,13.8535,467.74,48.74,-760.84,29.5,1.7,50.5,0,,MEL,Non CORE-Cluster,Prophet+Wx+Hol
Yo-Chi Balaclava,VIC,2027-02-12,FY 2027,forecast,6485.86,2733.34,10157.54,0.9,13.8535,468.18,64.03,-750.41,26.3,1.82,49.3,0,,MEL,Non CORE-Cluster,Prophet+Wx+Hol
Yo-Chi Balaclava,VIC,2027-02-13,FY 2027,forecast,6598.61,3059.99,10324.01,0.9,13.8535,476.31,68.5,-804.05,27.1,1.77,56.6,0,,MEL,Non CORE-Cluster,Prophet+Wx+Hol
Yo-Chi Balaclava,VIC,2027-02-14,FY 2027,forecast,6459.1,2902.06,10031.45,0.9,13.8535,466.24,65.37,-946.22,22.9,2.15,44.3,0,,MEL,Non CORE-Cluster,Prophet+Wx+Hol
Yo-Chi Balaclava,VIC,2027-02-15,FY 2027,forecast,4952.87,1419.95,8528.69,0.9,13.8535,357.52,62.35,-637.36,24.5,0.78,42.1,0,,MEL,Non CORE-Cluster,Prophet+Wx+Hol
Yo-Chi Balaclava,VIC,2027-02-16,FY 2027,forecast,5925.79,2122.83,9514.23,0.9,13.8535,427.75,45.62,-670.31,27.6,0.7,44.3,0,,MEL,Non CORE-Cluster,Prophet+Wx+Hol
Yo-Chi Balaclava,VIC,2027-02-17,FY 2027,forecast,6201.94,2894.16,9487.98,0.9,13.8535,447.68,72.17,-809.63,28.6,1.22,43.5,0,,MEL,Non CORE-Cluster,Prophet+Wx+Hol
Yo-Chi Balaclava,VIC,2027-02-18,FY 2027,forecast,5500.41,2143.34,9068.71,0.9,13.8535,397.04,55.88,-579.58,23.7,0.13,44.7,0,,MEL,Non CORE-Cluster,Prophet+Wx+Hol
Yo-Chi Balaclava,VIC,2027-02-19,FY 2027,forecast,6127.76,2584.64,9813.29,0.9,13.8535,442.33,75.13,-602.37,24.3,0.4,43.4,0,,MEL,Non CORE-Cluster,Prophet+Wx+Hol
Yo-Chi Balaclava,VIC,2027-02-20,FY 2027,forecast,6585.8,3010.89,10094.31,0.9,13.8535,475.39,85.17,-690.82,26.4,0.0,41.3,0,,MEL,Non CORE-Cluster,Prophet+Wx+Hol
Yo-Chi Balaclava,VIC,2027-02-21,FY 2027,forecast,6853.61,3279.92,10308.86,0.9,13.8535,494.72,79.2,-823.37,25.6,0.17,41.2,0,,MEL,Non CORE-Cluster,Prophet+Wx+Hol
Yo-Chi Balaclava,VIC,2027-02-22,FY 2027,forecast,5386.64,1799.82,8955.47,0.9,13.8535,388.83,67.13,-482.97,29.4,2.0,52.0,0,,MEL,Non CORE-Cluster,Prophet+Wx+Hol
Yo-Chi Balaclava,VIC,2027-02-23,FY 2027,forecast,5406.99,1724.77,9089.24,0.9,13.8535,390.3,43.08,-439.72,26.1,2.15,50.5,0,,MEL,Non CORE-Cluster,Prophet+Wx+Hol
Yo-Chi Balaclava,VIC,2027-02-24,FY 2027,forecast,4834.86,1319.67,8306.97,0.9,13.8535,349.0,57.43,-551.57,23.5,11.15,41.9,0,,MEL,Non CORE-Cluster,Prophet+Wx+Hol
Yo-Chi Balaclava,VIC,2027-02-25,FY 2027,forecast,5582.65,2038.72,9222.55,0.9,13.8535,402.98,55.13,-396.83,25.3,0.32,48.2,0,,MEL,Non CORE-Cluster,Prophet+Wx+Hol
Yo-Chi Balaclava,VIC,2027-02-26,FY 2027,forecast,6184.73,2247.02,9729.51,0.9,13.8535,446.44,73.35,-429.88,25.5,0.47,43.4,0,,MEL,Non CORE-Cluster,Prophet+Wx+Hol
Yo-Chi Balaclava,VIC,2027-02-27,FY 2027,forecast,6310.53,2607.92,10056.3,0.9,13.8535,455.52,81.43,-525.16,24.8,1.02,31.9,0,,MEL,Non CORE-Cluster,Prophet+Wx+Hol
Yo-Chi Balaclava,VIC,2027-02-28,FY 2027,forecast,6965.21,2960.31,10631.2,0.9,13.8535,502.78,74.11,-683.92,26.8,0.17,37.9,0,,MEL,Non CORE-Cluster,Prophet+Wx+Hol
Yo-Chi Balaclava,VIC,2027-03-01,FY 2027,forecast,4610.03,1133.92,8276.54,0.9,13.8535,332.77,55.06,-294.83,24.5,2.25,44.0,0,,MEL,Non CORE-Cluster,Prophet+Wx+Hol
Yo-Chi Balaclava,VIC,2027-03-02,FY 2027,forecast,4679.3,1004.79,8102.68,0.9,13.8535,337.77,28.39,-277.46,21.8,3.22,42.1,0,,MEL,Non CORE-Cluster,Prophet+Wx+Hol
Yo-Chi Balaclava,VIC,2027-03-03,FY 2027,forecast,4882.29,1272.78,8500.34,0.9,13.8535,352.42,52.73,-412.12,21.4,0.33,44.3,0,,MEL,Non CORE-Cluster,Prophet+Wx+Hol
Yo-Chi Balaclava,VIC,2027-03-04,FY 2027,forecast,5706.12,2125.05,9174.65,0.9,13.8535,411.89,44.89,-362.12,26.0,1.23,35.4,0,,MEL,Non CORE-Cluster,Prophet+Wx+Hol
Yo-Chi Balaclava,VIC,2027-03-05,FY 2027,forecast,5918.52,2538.58,9876.94,0.9,13.8535,427.22,48.35,-360.26,26.6,6.17,48.4,0,,MEL,Non CORE-Cluster,Prophet+Wx+Hol
Yo-Chi Balaclava,VIC,2027-03-06,FY 2027,forecast,5727.04,2044.2,9299.94,0.9,13.8535,413.4,56.04,-427.8,22.8,1.58,42.6,0,,MEL,Non CORE-Cluster,Prophet+Wx+Hol
Yo-Chi Balaclava,VIC,2027-03-07,FY 2027,forecast,6410.55,2714.61,10140.69,0.9,13.8535,462.74,51.18,-631.71,24.4,0.28,43.3,0,,MEL,Non CORE-Cluster,Prophet+Wx+Hol
Yo-Chi Balaclava,VIC,2027-03-08,FY 2027,forecast,6528.65,2983.81,10058.1,0.9,13.8535,471.26,40.91,-349.4,23.5,1.18,41.8,0,Labour Day,MEL,Non CORE-Cluster,Prophet+Wx+Hol
Yo-Chi Balaclava,VIC,2027-03-09,FY 2027,forecast,4234.74,716.72,7950.16,0.9,13.8535,305.68,53.71,-340.59,27.3,0.38,52.6,0,,MEL,Non CORE-Cluster,Prophet+Wx+Hol
Yo-Chi Balaclava,VIC,2027-03-10,FY 2027,forecast,5729.13,1990.83,9204.44,0.9,13.8535,413.55,46.64,-593.36,27.0,0.08,38.6,0,,MEL,Non CORE-Cluster,Prophet+Wx+Hol
Yo-Chi Balaclava,VIC,2027-03-11,FY 2027,forecast,5731.38,2252.29,9469.1,0.9,13.8535,413.71,29.33,-460.66,27.4,0.28,45.5,0,,MEL,Non CORE-Cluster,Prophet+Wx+Hol
Yo-Chi Balaclava,VIC,2027-03-12,FY 2027,forecast,5826.16,2279.49,9433.43,0.9,13.8535,420.56,42.8,-503.01,25.0,2.13,43.7,0,,MEL,Non CORE-Cluster,Prophet+Wx+Hol
Yo-Chi Balaclava,VIC,2027-03-13,FY 2027,forecast,5509.64,2023.85,9220.67,0.9,13.8535,397.71,43.43,-614.14,23.4,7.2,38.4,0,,MEL,Non CORE-Cluster,Prophet+Wx+Hol
Yo-Chi Balaclava,VIC,2027-03-14,FY 2027,forecast,6325.61,2658.41,9990.38,0.9,13.8535,456.61,47.18,-833.18,24.1,0.35,39.6,0,,MEL,Non CORE-Cluster,Prophet+Wx+Hol
Yo-Chi Balaclava,VIC,2027-03-15,FY 2027,forecast,5088.28,1558.58,8708.79,0.9,13.8535,367.29,44.83,-601.57,27.5,0.53,35.4,0,,MEL,Non CORE-Cluster,Prophet+Wx+Hol
Yo-Chi Balaclava,VIC,2027-03-16,FY 2027,forecast,4851.2,1377.24,8327.76,0.9,13.8535,350.18,12.67,-583.21,24.5,4.32,44.8,0,,MEL,Non CORE-Cluster,Prophet+Wx+Hol
Yo-Chi Balaclava,VIC,2027-03-17,FY 2027,forecast,5217.97,1639.12,8898.21,0.9,13.8535,376.65,47.79,-794.2,24.1,0.48,37.6,0,,MEL,Non CORE-Cluster,Prophet+Wx+Hol
Yo-Chi Balaclava,VIC,2027-03-18,FY 2027,forecast,5561.93,1846.32,9297.21,0.9,13.8535,401.48,38.48,-707.77,26.0,0.27,38.9,0,,MEL,Non CORE-Cluster,Prophet+Wx+Hol
Yo-Chi Balaclava,VIC,2027-03-19,FY 2027,forecast,6010.49,2381.97,9595.11,0.9,13.8535,433.86,57.77,-767.0,25.5,0.4,40.4,0,,MEL,Non CORE-Cluster,Prophet+Wx+Hol
Yo-Chi Balaclava,VIC,2027-03-20,FY 2027,forecast,5442.43,1720.4,8832.4,0.9,13.8535,392.86,56.8,-811.28,22.4,2.6,48.2,0,,MEL,Non CORE-Cluster,Prophet+Wx+Hol
Yo-Chi Balaclava,VIC,2027-03-21,FY 2027,forecast,5886.01,2497.6,9586.49,0.9,13.8535,424.88,59.73,-1053.28,21.6,3.02,34.0,0,,MEL,Non CORE-Cluster,Prophet+Wx+Hol
Yo-Chi Balaclava,VIC,2027-03-22,FY 2027,forecast,4335.38,586.51,7866.61,0.9,13.8535,312.95,54.36,-749.08,23.3,1.67,40.1,0,,MEL,Non CORE-Cluster,Prophet+Wx+Hol
Yo-Chi Balaclava,VIC,2027-03-23,FY 2027,forecast,4701.57,1206.09,8438.8,0.9,13.8535,339.38,36.74,-790.76,21.8,1.88,34.6,0,,MEL,Non CORE-Cluster,Prophet+Wx+Hol
Yo-Chi Balaclava,VIC,2027-03-24,FY 2027,forecast,4747.79,1242.03,8388.51,0.9,13.8535,342.71,62.09,-930.07,21.4,1.52,41.4,0,,MEL,Non CORE-Cluster,Prophet+Wx+Hol
Yo-Chi Balaclava,VIC,2027-03-25,FY 2027,forecast,4870.24,1332.24,8782.52,0.9,13.8535,351.55,52.57,-812.16,21.7,1.92,38.3,0,,MEL,Non CORE-Cluster,Prophet+Wx+Hol
Yo-Chi Balaclava,VIC,2027-03-26,FY 2027,forecast,5478.29,1872.14,9197.12,0.9,13.8535,395.45,43.29,-815.26,20.4,2.12,36.4,0,Good Friday,MEL,Non CORE-Cluster,Prophet+Wx+Hol
Yo-Chi Balaclava,VIC,2027-03-27,FY 2027,forecast,4240.45,634.8,7586.9,0.9,13.8535,306.09,3.3,-753.15,21.0,3.82,42.3,0,Easter Saturday,MEL,Non CORE-Cluster,Prophet+Wx+Hol
Yo-Chi Balaclava,VIC,2027-03-28,FY 2027,forecast,3876.98,218.91,7405.48,0.9,13.8535,279.86,34.81,-794.66,22.3,2.48,39.7,0,Easter Sunday,MEL,Non CORE-Cluster,Prophet+Wx+Hol
Yo-Chi Balaclava,VIC,2027-03-29,FY 2027,forecast,5022.44,1406.3,8721.74,0.9,13.8535,362.54,51.7,-735.47,21.1,2.97,39.0,0,Easter Monday,MEL,Non CORE-Cluster,Prophet+Wx+Hol
Yo-Chi Balaclava,VIC,2027-03-30,FY 2027,forecast,4378.11,737.32,8142.04,0.9,13.8535,316.03,86.11,-719.99,21.0,0.28,40.7,0,,MEL,Non CORE-Cluster,Prophet+Wx+Hol
Yo-Chi Balaclava,VIC,2027-03-31,FY 2027,forecast,4927.29,1302.68,8432.78,0.9,13.8535,355.67,75.33,-916.65,22.1,0.77,39.4,0,,MEL,Non CORE-Cluster,Prophet+Wx+Hol
Yo-Chi Balaclava,VIC,2027-04-01,FY 2027,forecast,5038.62,1284.83,8763.55,0.9,13.8535,363.71,57.65,-755.65,23.6,3.48,42.9,0,,MEL,Non CORE-Cluster,Prophet+Wx+Hol
Yo-Chi Balaclava,VIC,2027-04-02,FY 2027,forecast,5396.81,1409.96,9043.7,0.9,13.8535,389.56,74.84,-770.36,22.3,4.52,37.6,0,,MEL,Non CORE-Cluster,Prophet+Wx+Hol
Yo-Chi Balaclava,VIC,2027-04-03,FY 2027,forecast,5461.47,1874.15,8791.1,0.9,13.8535,394.23,83.16,-824.29,20.9,1.65,34.0,0,,MEL,Non CORE-Cluster,Prophet+Wx+Hol
Yo-Chi Balaclava,VIC,2027-04-04,FY 2027,forecast,5797.91,2223.24,9292.22,0.9,13.8535,418.52,75.87,-957.51,20.2,0.15,35.6,0,,MEL,Non CORE-Cluster,Prophet+Wx+Hol
Yo-Chi Balaclava,VIC,2027-04-05,FY 2027,forecast,3987.05,118.6,7431.55,0.9,13.8535,287.8,64.83,-597.03,20.2,0.22,34.1,0,,MEL,Non CORE-Cluster,Prophet+Wx+Hol
Yo-Chi Balaclava,VIC,2027-04-06,FY 2027,forecast,4568.51,987.42,8076.47,0.9,13.8535,329.77,36.79,-593.35,21.7,3.02,37.6,0,,MEL,Non CORE-Cluster,Prophet+Wx+Hol
Yo-Chi Balaclava,VIC,2027-04-07,FY 2027,forecast,4445.45,717.46,8001.22,0.9,13.8535,320.89,57.28,-691.21,20.2,3.27,38.8,0,,MEL,Non CORE-Cluster,Prophet+Wx+Hol
Yo-Chi Balaclava,VIC,2027-04-08,FY 2027,forecast,4708.67,863.0,8138.58,0.9,13.8535,339.89,43.56,-533.91,21.2,2.07,37.9,0,,MEL,Non CORE-Cluster,Prophet+Wx+Hol
Yo-Chi Balaclava,VIC,2027-04-09,FY 2027,forecast,4742.99,1407.83,8452.72,0.9,13.8535,342.37,49.52,-475.49,19.4,3.37,49.8,0,,MEL,Non CORE-Cluster,Prophet+Wx+Hol
Yo-Chi Balaclava,VIC,2027-04-10,FY 2027,forecast,5058.83,1341.56,8420.01,0.9,13.8535,365.17,56.33,-555.96,20.3,2.15,47.7,0,,MEL,Non CORE-Cluster,Prophet+Wx+Hol
Yo-Chi Balaclava,VIC,2027-04-11,FY 2027,forecast,5115.23,1569.77,8539.62,0.9,13.8535,369.24,47.53,-687.54,17.7,1.35,44.8,0,,MEL,Non CORE-Cluster,Prophet+Wx+Hol
Yo-Chi Balaclava,VIC,2027-04-12,FY 2027,forecast,3505.17,71.11,7215.12,0.9,13.8535,253.02,39.08,-374.31,19.0,2.78,37.5,0,,MEL,Non CORE-Cluster,Prophet+Wx+Hol
Yo-Chi Balaclava,VIC,2027-04-13,FY 2027,forecast,4451.14,721.6,8226.0,0.9,13.8535,321.3,19.15,-401.07,21.4,0.28,41.4,0,,MEL,Non CORE-Cluster,Prophet+Wx+Hol
Yo-Chi Balaclava,VIC,2027-04-14,FY 2027,forecast,4735.09,1220.55,8299.12,0.9,13.8535,341.8,48.32,-576.16,21.6,0.03,34.3,0,,MEL,Non CORE-Cluster,Prophet+Wx+Hol
Yo-Chi Balaclava,VIC,2027-04-15,FY 2027,forecast,4733.62,1407.69,8277.15,0.9,13.8535,341.69,30.47,-428.88,22.4,2.95,35.2,0,,MEL,Non CORE-Cluster,Prophet+Wx+Hol
Yo-Chi Balaclava,VIC,2027-04-16,FY 2027,forecast,5043.89,1302.2,8478.96,0.9,13.8535,364.09,45.09,-441.1,21.7,3.97,39.4,0,,MEL,Non CORE-Cluster,Prophet+Wx+Hol
Yo-Chi Balaclava,VIC,2027-04-17,FY 2027,forecast,5212.61,1519.26,8911.02,0.9,13.8535,376.27,56.42,-533.27,21.0,0.92,37.5,0,,MEL,Non CORE-Cluster,Prophet+Wx+Hol
Yo-Chi Balaclava,VIC,2027-04-18,FY 2027,forecast,5232.68,1922.88,8971.31,0.9,13.8535,377.72,45.02,-711.08,20.2,6.52,36.4,0,,MEL,Non CORE-Cluster,Prophet+Wx+Hol
Yo-Chi Balaclava,VIC,2027-04-19,FY 2027,forecast,3318.58,0.0,6865.29,0.9,13.8535,239.55,38.36,-369.84,19.3,5.1,38.1,0,,MEL,Non CORE-Cluster,Prophet+Wx+Hol
Yo-Chi Balaclava,VIC,2027-04-20,FY 2027,forecast,3906.09,225.0,7358.04,0.9,13.8535,281.96,22.21,-407.02,19.1,2.73,38.8,0,,MEL,Non CORE-Cluster,Prophet+Wx+Hol
Yo-Chi Balaclava,VIC,2027-04-21,FY 2027,forecast,4193.34,324.95,7593.13,0.9,13.8535,302.69,59.58,-616.05,18.6,1.0,29.8,0,,MEL,Non CORE-Cluster,Prophet+Wx+Hol
Yo-Chi Balaclava,VIC,2027-04-22,FY 2027,forecast,4388.61,917.55,8086.2,0.9,13.8535,316.79,50.83,-493.47,19.7,0.22,34.7,0,,MEL,Non CORE-Cluster,Prophet+Wx+Hol
Yo-Chi Balaclava,VIC,2027-04-23,FY 2027,forecast,5054.42,1451.47,8525.67,0.9,13.8535,364.85,78.58,-584.24,20.2,0.23,30.4,0,,MEL,Non CORE-Cluster,Prophet+Wx+Hol
Yo-Chi Balaclava,VIC,2027-04-24,FY 2027,forecast,5086.1,1599.09,8611.45,0.9,13.8535,367.14,87.11,-674.26,20.4,0.73,39.4,0,,MEL,Non CORE-Cluster,Prophet+Wx+Hol
Yo-Chi Balaclava,VIC,2027-04-25,FY 2027,forecast,10510.01,6811.78,14318.19,0.9,13.8535,758.65,0.0,-1177.38,21.2,1.97,33.9,0,ANZAC Day,MEL,Non CORE-Cluster,Prophet+Wx+Hol
Yo-Chi Balaclava,VIC,2027-04-26,FY 2027,forecast,3113.51,0.0,6807.61,0.9,13.8535,224.75,0.0,-453.45,20.6,1.1,34.0,0,,MEL,Non CORE-Cluster,Prophet+Wx+Hol
Yo-Chi Balaclava,VIC,2027-04-27,FY 2027,forecast,4038.72,645.49,7547.02,0.9,13.8535,291.53,76.13,-642.49,18.5,0.77,31.6,0,,MEL,Non CORE-Cluster,Prophet+Wx+Hol
Yo-Chi Balaclava,VIC,2027-04-28,FY 2027,forecast,4439.12,681.05,8169.69,0.9,13.8535,320.43,111.79,-845.32,20.3,1.17,35.4,0,,MEL,Non CORE-Cluster,Prophet+Wx+Hol
Yo-Chi Balaclava,VIC,2027-04-29,FY 2027,forecast,4125.87,524.47,7659.47,0.9,13.8535,297.82,103.04,-711.56,18.3,3.63,32.6,0,,MEL,Non CORE-Cluster,Prophet+Wx+Hol
Yo-Chi Balaclava,VIC,2027-04-30,FY 2027,forecast,4766.97,1226.4,8659.49,0.9,13.8535,344.1,131.86,-769.91,18.7,1.92,37.4,0,,MEL,Non CORE-Cluster,Prophet+Wx+Hol
Yo-Chi Balaclava,VIC,2027-05-01,FY 2027,forecast,4980.36,1328.64,8648.56,0.9,13.8535,359.5,149.28,-888.77,18.9,0.96,37.3,0,,MEL,Non CORE-Cluster,Prophet+Wx+Hol
Yo-Chi Balaclava,VIC,2027-05-02,FY 2027,forecast,5478.66,1960.1,9047.45,0.9,13.8535,395.47,152.83,-1098.46,19.4,1.17,38.3,0,,MEL,Non CORE-Cluster,Prophet+Wx+Hol
Yo-Chi Balaclava,VIC,2027-05-03,FY 2027,forecast,3084.07,0.0,6635.37,0.9,13.8535,222.62,141.37,-714.1,17.3,4.86,45.7,0,,MEL,Non CORE-Cluster,Prophet+Wx+Hol
Yo-Chi Balaclava,VIC,2027-05-04,FY 2027,forecast,3622.47,153.57,7263.88,0.9,13.8535,261.48,131.4,-773.25,16.4,4.7,36.7,0,,MEL,Non CORE-Cluster,Prophet+Wx+Hol
Yo-Chi Balaclava,VIC,2027-05-05,FY 2027,forecast,4140.7,797.47,7627.84,0.9,13.8535,298.89,172.14,-952.98,17.5,0.8,38.7,0,,MEL,Non CORE-Cluster,Prophet+Wx+Hol
Yo-Chi Balaclava,VIC,2027-05-06,FY 2027,forecast,4268.34,833.16,7883.51,0.9,13.8535,308.11,164.41,-816.0,18.3,2.2,39.6,0,,MEL,Non CORE-Cluster,Prophet+Wx+Hol
Yo-Chi Balaclava,VIC,2027-05-07,FY 2027,forecast,4446.82,744.17,7909.78,0.9,13.8535,320.99,185.03,-809.98,16.5,2.99,44.7,0,,MEL,Non CORE-Cluster,Prophet+Wx+Hol
Yo-Chi Balaclava,VIC,2027-05-08,FY 2027,forecast,4858.79,1207.7,8437.53,0.9,13.8535,350.73,206.14,-933.26,16.7,0.61,35.5,0,,MEL,Non CORE-Cluster,Prophet+Wx+Hol
Yo-Chi Balaclava,VIC,2027-05-09,FY 2027,forecast,5176.19,1565.83,8682.06,0.9,13.8535,373.64,205.85,-1113.83,16.1,2.19,30.6,0,,MEL,Non CORE-Cluster,Prophet+Wx+Hol
Yo-Chi Balaclava,VIC,2027-05-10,FY 2027,forecast,3435.11,0.0,6951.06,0.9,13.8535,247.96,202.97,-762.46,16.2,1.87,28.4,0,,MEL,Non CORE-Cluster,Prophet+Wx+Hol
Yo-Chi Balaclava,VIC,2027-05-11,FY 2027,forecast,4225.03,504.25,7710.46,0.9,13.8535,304.98,185.59,-772.81,17.8,0.93,32.5,0,,MEL,Non CORE-Cluster,Prophet+Wx+Hol
Yo-Chi Balaclava,VIC,2027-05-12,FY 2027,forecast,4517.36,804.13,8197.95,0.9,13.8535,326.08,220.27,-930.67,17.8,0.17,27.1,0,,MEL,Non CORE-Cluster,Prophet+Wx+Hol
Yo-Chi Balaclava,VIC,2027-05-13,FY 2027,forecast,4424.53,824.97,8117.6,0.9,13.8535,319.38,206.63,-749.08,17.2,1.82,25.8,0,,MEL,Non CORE-Cluster,Prophet+Wx+Hol
Yo-Chi Balaclava,VIC,2027-05-14,FY 2027,forecast,4768.03,1300.3,8412.48,0.9,13.8535,344.18,224.45,-713.26,16.1,0.37,34.2,0,,MEL,Non CORE-Cluster,Prophet+Wx+Hol
Yo-Chi Balaclava,VIC,2027-05-15,FY 2027,forecast,4923.13,1035.11,8548.97,0.9,13.8535,355.37,232.29,-773.83,16.4,0.67,34.5,0,,MEL,Non CORE-Cluster,Prophet+Wx+Hol
Yo-Chi Balaclava,VIC,2027-05-16,FY 2027,forecast,5250.98,1649.84,8930.76,0.9,13.8535,379.04,227.01,-920.93,15.8,0.82,33.5,0,,MEL,Non CORE-Cluster,Prophet+Wx+Hol
Yo-Chi Balaclava,VIC,2027-05-17,FY 2027,forecast,3192.33,0.0,6620.52,0.9,13.8535,230.44,214.24,-518.37,14.6,1.88,34.9,0,,MEL,Non CORE-Cluster,Prophet+Wx+Hol
Yo-Chi Balaclava,VIC,2027-05-18,FY 2027,forecast,3734.81,232.31,7140.98,0.9,13.8535,269.59,191.78,-506.85,14.5,1.23,35.3,0,,MEL,Non CORE-Cluster,Prophet+Wx+Hol
Yo-Chi Balaclava,VIC,2027-05-19,FY 2027,forecast,4034.19,462.01,7478.43,0.9,13.8535,291.2,219.89,-643.98,15.2,0.58,36.6,0,,MEL,Non CORE-Cluster,Prophet+Wx+Hol
Yo-Chi Balaclava,VIC,2027-05-20,FY 2027,forecast,3908.65,294.61,7763.91,0.9,13.8535,282.14,199.51,-462.97,15.2,4.47,36.4,0,,MEL,Non CORE-Cluster,Prophet+Wx+Hol
Yo-Chi Balaclava,VIC,2027-05-21,FY 2027,forecast,4404.76,770.37,7733.77,0.9,13.8535,317.95,221.79,-493.98,14.0,3.72,28.1,0,,MEL,Non CORE-Cluster,Prophet+Wx+Hol
Yo-Chi Balaclava,VIC,2027-05-22,FY 2027,forecast,4851.05,1229.46,8327.99,0.9,13.8535,350.17,234.02,-588.74,14.8,0.3,25.2,0,,MEL,Non CORE-Cluster,Prophet+Wx+Hol
Yo-Chi Balaclava,VIC,2027-05-23,FY 2027,forecast,5333.61,1540.84,8920.57,0.9,13.8535,385.0,225.09,-761.44,15.7,1.27,27.6,0,,MEL,Non CORE-Cluster,Prophet+Wx+Hol
Yo-Chi Balaclava,VIC,2027-05-24,FY 2027,forecast,3527.48,0.0,7172.17,0.9,13.8535,254.63,209.71,-367.84,16.3,0.33,38.9,0,,MEL,Non CORE-Cluster,Prophet+Wx+Hol
Yo-Chi Balaclava,VIC,2027-05-25,FY 2027,forecast,3857.65,263.77,7547.04,0.9,13.8535,278.46,177.25,-368.24,16.6,4.3,43.6,0,,MEL,Non CORE-Cluster,Prophet+Wx+Hol
Yo-Chi Balaclava,VIC,2027-05-26,FY 2027,forecast,4077.31,456.61,7730.52,0.9,13.8535,294.32,207.33,-543.52,15.8,2.48,38.2,0,,MEL,Non CORE-Cluster,Prophet+Wx+Hol
Yo-Chi Balaclava,VIC,2027-05-27,FY 2027,forecast,4127.64,638.87,7879.13,0.9,13.8535,297.95,192.45,-397.66,15.2,1.18,36.6,0,,MEL,Non CORE-Cluster,Prophet+Wx+Hol
Yo-Chi Balaclava,VIC,2027-05-28,FY 2027,forecast,4605.87,743.35,8340.72,0.9,13.8535,332.47,208.2,-447.87,15.0,2.22,36.5,0,,MEL,Non CORE-Cluster,Prophet+Wx+Hol
Yo-Chi Balaclava,VIC,2027-05-29,FY 2027,forecast,4888.6,1136.17,8468.0,0.9,13.8535,352.88,214.66,-560.2,15.5,0.3,38.0,0,,MEL,Non CORE-Cluster,Prophet+Wx+Hol
Yo-Chi Balaclava,VIC,2027-05-30,FY 2027,forecast,5063.44,1213.67,8593.4,0.9,13.8535,365.5,198.76,-749.11,15.2,3.78,42.2,0,,MEL,Non CORE-Cluster,Prophet+Wx+Hol
Yo-Chi Balaclava,VIC,2027-05-31,FY 2027,forecast,3341.85,0.0,7075.91,0.9,13.8535,241.23,188.93,-416.98,14.9,0.43,44.3,0,,MEL,Non CORE-Cluster,Prophet+Wx+Hol
Yo-Chi Balaclava,VIC,2027-06-01,FY 2027,forecast,3565.86,88.0,7337.77,0.9,13.8535,257.4,155.31,-455.36,14.0,4.42,45.6,0,,MEL,Non CORE-Cluster,Prophet+Wx+Hol
Yo-Chi Balaclava,VIC,2027-06-02,FY 2027,forecast,4223.55,706.07,7698.11,0.9,13.8535,304.87,192.4,-719.81,14.8,0.47,33.4,0,,MEL,Non CORE-Cluster,Prophet+Wx+Hol
Yo-Chi Balaclava,VIC,2027-06-03,FY 2027,forecast,3962.16,345.47,7631.22,0.9,13.8535,286.0,167.39,-570.54,13.5,1.97,38.6,0,,MEL,Non CORE-Cluster,Prophet+Wx+Hol
Yo-Chi Balaclava,VIC,2027-06-04,FY 2027,forecast,4671.51,1121.59,8167.93,0.9,13.8535,337.21,186.67,-672.52,13.6,0.45,35.6,0,,MEL,Non CORE-Cluster,Prophet+Wx+Hol
Yo-Chi Balaclava,VIC,2027-06-05,FY 2027,forecast,4700.69,1059.85,8503.01,0.9,13.8535,339.31,182.33,-797.31,14.2,3.5,40.6,0,,MEL,Non CORE-Cluster,Prophet+Wx+Hol
Yo-Chi Balaclava,VIC,2027-06-06,FY 2027,forecast,5167.24,1481.24,8655.62,0.9,13.8535,372.99,171.91,-1021.59,14.0,1.5,43.6,0,,MEL,Non CORE-Cluster,Prophet+Wx+Hol
Yo-Chi Balaclava,VIC,2027-06-07,FY 2027,forecast,3245.14,0.0,6814.67,0.9,13.8535,234.25,151.43,-703.14,14.0,3.77,46.8,0,,MEL,Non CORE-Cluster,Prophet+Wx+Hol
Yo-Chi Balaclava,VIC,2027-06-08,FY 2027,forecast,3613.15,0.0,7038.83,0.9,13.8535,260.81,122.06,-790.41,12.6,5.92,37.2,0,,MEL,Non CORE-Cluster,Prophet+Wx+Hol
Yo-Chi Balaclava,VIC,2027-06-09,FY 2027,forecast,3628.45,240.78,7241.47,0.9,13.8535,261.92,136.61,-961.19,12.5,6.93,47.3,0,,MEL,Non CORE-Cluster,Prophet+Wx+Hol
Yo-Chi Balaclava,VIC,2027-06-10,FY 2027,forecast,4122.38,629.28,7457.28,0.9,13.8535,297.57,121.56,-872.67,13.9,2.68,48.2,0,,MEL,Non CORE-Cluster,Prophet+Wx+Hol
Yo-Chi Balaclava,VIC,2027-06-11,FY 2027,forecast,4878.56,1445.74,8544.18,0.9,13.8535,352.15,140.94,-1004.54,14.0,2.42,35.7,0,,MEL,Non CORE-Cluster,Prophet+Wx+Hol
Yo-Chi Balaclava,VIC,2027-06-12,FY 2027,forecast,4909.38,1330.03,8623.61,0.9,13.8535,354.38,138.08,-1114.8,13.3,2.0,38.1,0,,MEL,Non CORE-Cluster,Prophet+Wx+Hol
Yo-Chi Balaclava,VIC,2027-06-13,FY 2027,forecast,5426.65,1518.25,9004.51,0.9,13.8535,391.72,129.17,-1364.3,12.8,1.0,29.3,0,,MEL,Non CORE-Cluster,Prophet+Wx+Hol
Yo-Chi Balaclava,VIC,2027-06-14,FY 2027,forecast,4663.51,1084.86,8264.56,0.9,13.8535,336.63,109.28,-991.95,13.4,2.47,38.0,0,King's Birthday,MEL,Non CORE-Cluster,Prophet+Wx+Hol
Yo-Chi Balaclava,VIC,2027-06-15,FY 2027,forecast,3732.97,405.86,7223.77,0.9,13.8535,269.46,80.64,-1019.07,14.0,2.52,45.2,0,,MEL,Non CORE-Cluster,Prophet+Wx+Hol
Yo-Chi Balaclava,VIC,2027-06-16,FY 2027,forecast,4312.78,661.11,7627.62,0.9,13.8535,311.31,87.86,-1202.85,14.3,1.98,50.2,0,,MEL,Non CORE-Cluster,Prophet+Wx+Hol
Yo-Chi Balaclava,VIC,2027-06-17,FY 2027,forecast,4435.03,643.11,8086.0,0.9,13.8535,320.14,72.67,-1102.42,13.1,1.17,34.9,0,,MEL,Non CORE-Cluster,Prophet+Wx+Hol
Yo-Chi Balaclava,VIC,2027-06-18,FY 2027,forecast,5052.89,1437.65,8737.72,0.9,13.8535,364.74,86.9,-1165.19,13.2,1.48,30.9,0,,MEL,Non CORE-Cluster,Prophet+Wx+Hol
Yo-Chi Balaclava,VIC,2027-06-19,FY 2027,forecast,5098.82,1531.53,8617.45,0.9,13.8535,368.05,82.56,-1231.11,13.3,1.83,37.3,0,,MEL,Non CORE-Cluster,Prophet+Wx+Hol
Yo-Chi Balaclava,VIC,2027-06-20,FY 2027,forecast,5719.35,2137.73,9134.12,0.9,13.8535,412.85,75.18,-1454.03,13.9,1.72,29.1,0,,MEL,Non CORE-Cluster,Prophet+Wx+Hol
Yo-Chi Balaclava,VIC,2027-06-21,FY 2027,forecast,3717.24,227.89,7220.07,0.9,13.8535,268.33,57.65,-1062.13,12.7,1.63,29.8,0,,MEL,Non CORE-Cluster,Prophet+Wx+Hol
Yo-Chi Balaclava,VIC,2027-06-22,FY 2027,forecast,4306.94,611.5,7819.99,0.9,13.8535,310.89,26.08,-1064.16,13.8,2.98,34.5,0,,MEL,Non CORE-Cluster,Prophet+Wx+Hol
Yo-Chi Balaclava,VIC,2027-06-23,FY 2027,forecast,4431.31,495.63,7849.59,0.9,13.8535,319.87,47.0,-1164.94,14.1,1.48,46.6,0,,MEL,Non CORE-Cluster,Prophet+Wx+Hol
Yo-Chi Balaclava,VIC,2027-06-24,FY 2027,forecast,4365.18,842.38,7902.06,0.9,13.8535,315.1,24.89,-960.1,14.2,2.77,52.5,0,,MEL,Non CORE-Cluster,Prophet+Wx+Hol
Yo-Chi Balaclava,VIC,2027-06-25,FY 2027,forecast,4716.34,1247.91,8484.76,0.9,13.8535,340.44,43.2,-959.62,13.0,3.13,50.8,0,,MEL,Non CORE-Cluster,Prophet+Wx+Hol
Yo-Chi Balaclava,VIC,2027-06-26,FY 2027,forecast,5053.87,1404.38,8330.32,0.9,13.8535,364.81,60.39,-1072.96,12.8,1.42,36.8,0,,MEL,Non CORE-Cluster,Prophet+Wx+Hol
Yo-Chi Balaclava,VIC,2027-06-27,FY 2027,forecast,5697.6,1855.05,9365.08,0.9,13.8535,411.28,63.87,-1275.97,13.3,0.37,26.8,0,,MEL,Non CORE-Cluster,Prophet+Wx+Hol
Yo-Chi Balaclava,VIC,2027-06-28,FY 2027,forecast,3755.07,358.64,7405.99,0.9,13.8535,271.06,53.65,-852.21,13.2,0.57,33.1,0,,MEL,Non CORE-Cluster,Prophet+Wx+Hol
Yo-Chi Balaclava,VIC,2027-06-29,FY 2027,forecast,4151.69,581.89,7582.34,0.9,13.8535,299.69,30.69,-821.03,13.2,1.95,37.5,0,,MEL,Non CORE-Cluster,Prophet+Wx+Hol
Yo-Chi Balaclava,VIC,2027-06-30,FY 2027,forecast,4318.81,640.65,7855.07,0.9,13.8535,311.75,67.05,-944.34,13.1,0.75,39.5,0,,MEL,Non CORE-Cluster,Prophet+Wx+Hol
Yo-Chi Balaclava,VIC,2027-07-01,FY 2028,forecast,4318.81,640.65,7855.07,0.9,13.8535,311.75,67.05,-944.34,,,,0,,MEL,Non CORE-Cluster,Prophet+Wx+Hol
