venue,state,date,servings_sales,servings_lower_90,servings_upper_90,multiplier,atp_forecast,transactions,retail_sales,pos_discounts,weather_temp_max,public_holiday,cluster,cluster_type,model
Yo-Chi Albert St,QLD,2026-05-02,17239.66,14010.12,20428.27,0.95,13.5972,1267.88,258.92,726.05,24.3,,BRIS,CORE Cluster,Prophet+Wx+Hol
Yo-Chi Albert St,QLD,2026-05-03,15470.85,12642.24,18502.7,0.95,13.5972,1137.8,252.58,977.45,24.8,,BRIS,CORE Cluster,Prophet+Wx+Hol
Yo-Chi Albert St,QLD,2026-05-04,18732.33,15665.16,21848.87,0.95,13.5972,1377.66,252.74,685.17,25.5,Labour Day,BRIS,CORE Cluster,Prophet+Wx+Hol
Yo-Chi Albert St,QLD,2026-05-05,11712.75,8635.09,14887.07,0.95,13.5972,861.41,264.84,783.06,25.8,,BRIS,CORE Cluster,Prophet+Wx+Hol
Yo-Chi Albert St,QLD,2026-05-06,12699.6,9711.81,15872.4,0.95,13.5972,933.99,260.24,913.11,24.8,,BRIS,CORE Cluster,Prophet+Wx+Hol
Yo-Chi Albert St,QLD,2026-05-07,13055.94,9891.57,15946.5,0.95,13.5972,960.19,268.17,719.06,25.6,,BRIS,CORE Cluster,Prophet+Wx+Hol
Yo-Chi Albert St,QLD,2026-05-08,15451.38,12459.08,18734.62,0.95,13.5972,1136.37,292.24,817.4,21.0,,BRIS,CORE Cluster,Prophet+Wx+Hol
Yo-Chi Albert St,QLD,2026-05-09,17194.79,14060.87,20505.07,0.95,13.5972,1264.59,301.34,785.16,23.2,,BRIS,CORE Cluster,Prophet+Wx+Hol
Yo-Chi Albert St,QLD,2026-05-10,15529.86,12487.0,18552.85,0.95,13.5972,1142.14,285.77,1012.05,23.9,,BRIS,CORE Cluster,Prophet+Wx+Hol
Yo-Chi Albert St,QLD,2026-05-11,11737.5,8519.55,15132.11,0.95,13.5972,863.23,286.51,683.08,23.7,,BRIS,CORE Cluster,Prophet+Wx+Hol
Yo-Chi Albert St,QLD,2026-05-12,11889.46,8630.69,14818.16,0.95,13.5972,874.41,269.19,742.39,22.5,,BRIS,CORE Cluster,Prophet+Wx+Hol
Yo-Chi Albert St,QLD,2026-05-13,12691.77,9643.63,15911.12,0.95,13.5972,933.41,263.96,859.04,23.2,,BRIS,CORE Cluster,Prophet+Wx+Hol
Yo-Chi Albert St,QLD,2026-05-14,12826.03,9703.9,16018.39,0.95,13.5972,943.29,261.55,631.51,23.1,,BRIS,CORE Cluster,Prophet+Wx+Hol
Yo-Chi Albert St,QLD,2026-05-15,16385.51,13390.98,19698.32,0.95,13.5972,1205.07,287.37,745.34,23.3,,BRIS,CORE Cluster,Prophet+Wx+Hol
Yo-Chi Albert St,QLD,2026-05-16,17241.6,14203.91,20247.32,0.95,13.5972,1268.03,282.68,666.9,21.9,,BRIS,CORE Cluster,Prophet+Wx+Hol
Yo-Chi Albert St,QLD,2026-05-17,15581.18,12330.86,18665.3,0.95,13.5972,1145.91,261.2,882.05,22.7,,BRIS,CORE Cluster,Prophet+Wx+Hol
Yo-Chi Albert St,QLD,2026-05-18,11855.76,8798.21,14726.04,0.95,13.5972,871.93,258.05,543.5,22.9,,BRIS,CORE Cluster,Prophet+Wx+Hol
Yo-Chi Albert St,QLD,2026-05-19,11958.73,9130.99,14878.42,0.95,13.5972,879.5,236.96,597.72,21.7,,BRIS,CORE Cluster,Prophet+Wx+Hol
Yo-Chi Albert St,QLD,2026-05-20,12508.23,9829.28,15644.12,0.95,13.5972,919.91,227.9,708.52,21.5,,BRIS,CORE Cluster,Prophet+Wx+Hol
Yo-Chi Albert St,QLD,2026-05-21,12512.97,9480.94,15535.77,0.95,13.5972,920.26,224.06,481.49,21.0,,BRIS,CORE Cluster,Prophet+Wx+Hol
Yo-Chi Albert St,QLD,2026-05-22,15946.69,13068.26,19072.16,0.95,13.5972,1172.79,250.24,603.86,20.9,,BRIS,CORE Cluster,Prophet+Wx+Hol
Yo-Chi Albert St,QLD,2026-05-23,17096.95,13913.76,20216.76,0.95,13.5972,1257.39,250.12,550.71,20.9,,BRIS,CORE Cluster,Prophet+Wx+Hol
Yo-Chi Albert St,QLD,2026-05-24,15595.1,12442.63,18634.4,0.95,13.5972,1146.94,233.03,793.93,22.6,,BRIS,CORE Cluster,Prophet+Wx+Hol
Yo-Chi Albert St,QLD,2026-05-25,11838.61,8757.33,14876.88,0.95,13.5972,870.67,234.04,477.15,22.8,,BRIS,CORE Cluster,Prophet+Wx+Hol
Yo-Chi Albert St,QLD,2026-05-26,12402.31,9151.21,15560.48,0.95,13.5972,912.12,221.65,575.48,23.7,,BRIS,CORE Cluster,Prophet+Wx+Hol
Yo-Chi Albert St,QLD,2026-05-27,12956.24,9862.55,15997.84,0.95,13.5972,952.86,218.38,719.29,23.7,,BRIS,CORE Cluster,Prophet+Wx+Hol
Yo-Chi Albert St,QLD,2026-05-28,12676.9,9471.5,15684.72,0.95,13.5972,932.32,218.47,515.51,22.1,,BRIS,CORE Cluster,Prophet+Wx+Hol
Yo-Chi Albert St,QLD,2026-05-29,15883.61,12734.16,19117.13,0.95,13.5972,1168.15,249.64,667.05,21.2,,BRIS,CORE Cluster,Prophet+Wx+Hol
Yo-Chi Albert St,QLD,2026-05-30,16881.6,13739.73,19855.75,0.95,13.5972,1241.55,254.64,644.53,20.6,,BRIS,CORE Cluster,Prophet+Wx+Hol
Yo-Chi Albert St,QLD,2026-05-31,15075.67,12025.56,18097.33,0.95,13.5972,1108.73,240.84,915.57,21.0,,BRIS,CORE Cluster,Prophet+Wx+Hol
Yo-Chi Albert St,QLD,2026-06-01,10975.19,7931.17,14045.02,0.9,13.5972,807.17,236.41,605.41,22.4,,BRIS,CORE Cluster,Prophet+Wx+Hol
Yo-Chi Albert St,QLD,2026-06-02,11021.48,8152.66,13656.16,0.9,13.5972,810.57,224.91,714.12,21.0,,BRIS,CORE Cluster,Prophet+Wx+Hol
Yo-Chi Albert St,QLD,2026-06-03,11516.89,8679.31,14504.79,0.9,13.5972,847.01,225.03,878.1,20.8,,BRIS,CORE Cluster,Prophet+Wx+Hol
Yo-Chi Albert St,QLD,2026-06-04,11631.75,8768.62,14215.13,0.9,13.5972,855.45,230.66,719.76,20.8,,BRIS,CORE Cluster,Prophet+Wx+Hol
Yo-Chi Albert St,QLD,2026-06-05,14871.24,12097.08,17868.32,0.9,13.5972,1093.7,263.47,890.83,20.5,,BRIS,CORE Cluster,Prophet+Wx+Hol
Yo-Chi Albert St,QLD,2026-06-06,16097.32,13042.36,19039.37,0.9,13.5972,1183.87,270.47,893.58,20.9,,BRIS,CORE Cluster,Prophet+Wx+Hol
Yo-Chi Albert St,QLD,2026-06-07,14205.31,11163.56,17042.62,0.9,13.5972,1044.72,254.17,1156.75,20.3,,BRIS,CORE Cluster,Prophet+Wx+Hol
Yo-Chi Albert St,QLD,2026-06-08,10727.04,7690.17,13561.95,0.9,13.5972,788.92,258.2,891.91,20.7,,BRIS,CORE Cluster,Prophet+Wx+Hol
Yo-Chi Albert St,QLD,2026-06-09,10930.9,7974.62,13643.36,0.9,13.5972,803.91,243.56,1005.62,19.7,,BRIS,CORE Cluster,Prophet+Wx+Hol
Yo-Chi Albert St,QLD,2026-06-10,11532.47,8571.27,14594.51,0.9,13.5972,848.15,238.98,1167.71,19.6,,BRIS,CORE Cluster,Prophet+Wx+Hol
Yo-Chi Albert St,QLD,2026-06-11,11828.82,9034.96,15084.95,0.9,13.5972,869.95,239.48,1001.74,20.0,,BRIS,CORE Cluster,Prophet+Wx+Hol
Yo-Chi Albert St,QLD,2026-06-12,15333.32,12377.32,18470.93,0.9,13.5972,1127.68,267.23,1165.06,20.6,,BRIS,CORE Cluster,Prophet+Wx+Hol
Yo-Chi Albert St,QLD,2026-06-13,16563.82,13563.94,19344.49,0.9,13.5972,1218.18,265.78,1145.27,20.6,,BRIS,CORE Cluster,Prophet+Wx+Hol
Yo-Chi Albert St,QLD,2026-06-14,15089.71,11956.32,17996.22,0.9,13.5972,1109.77,243.62,1396.79,21.5,,BRIS,CORE Cluster,Prophet+Wx+Hol
Yo-Chi Albert St,QLD,2026-06-15,11565.86,8606.29,14330.6,0.9,13.5972,850.61,237.85,1097.07,21.3,,BRIS,CORE Cluster,Prophet+Wx+Hol
Yo-Chi Albert St,QLD,2026-06-16,12077.99,9323.81,15068.66,0.9,13.5972,888.27,216.06,1186.9,21.3,,BRIS,CORE Cluster,Prophet+Wx+Hol
Yo-Chi Albert St,QLD,2026-06-17,12605.54,9783.56,15462.21,0.9,13.5972,927.07,201.47,1310.37,20.6,,BRIS,CORE Cluster,Prophet+Wx+Hol
Yo-Chi Albert St,QLD,2026-06-18,12927.35,9698.61,15652.08,0.9,13.5972,950.74,193.39,1104.51,20.8,,BRIS,CORE Cluster,Prophet+Wx+Hol
Yo-Chi Albert St,QLD,2026-06-19,16270.16,13432.72,19151.67,0.9,13.5972,1196.58,212.18,1223.28,20.4,,BRIS,CORE Cluster,Prophet+Wx+Hol
Yo-Chi Albert St,QLD,2026-06-20,17563.24,14576.09,20446.02,0.9,13.5972,1291.68,204.36,1164.58,20.5,,BRIS,CORE Cluster,Prophet+Wx+Hol
Yo-Chi Albert St,QLD,2026-06-21,16098.75,13079.26,19028.62,0.9,13.5972,1183.98,176.45,1378.23,21.2,,BRIS,CORE Cluster,Prophet+Wx+Hol
Yo-Chi Albert St,QLD,2026-06-22,12564.89,9567.41,15420.69,0.9,13.5972,924.08,166.61,1037.1,20.8,,BRIS,CORE Cluster,Prophet+Wx+Hol
Yo-Chi Albert St,QLD,2026-06-23,13129.24,10273.33,15918.58,0.9,13.5972,965.59,142.84,1092.71,21.0,,BRIS,CORE Cluster,Prophet+Wx+Hol
Yo-Chi Albert St,QLD,2026-06-24,13983.83,11156.26,16949.98,0.9,13.5972,1028.44,130.71,1194.11,21.7,,BRIS,CORE Cluster,Prophet+Wx+Hol
Yo-Chi Albert St,QLD,2026-06-25,14237.77,11279.59,16940.13,0.9,13.5972,1047.11,123.86,954.21,21.7,,BRIS,CORE Cluster,Prophet+Wx+Hol
Yo-Chi Albert St,QLD,2026-06-26,17497.28,14374.04,20488.61,0.9,13.5972,1286.83,146.27,1045.03,21.0,,BRIS,CORE Cluster,Prophet+Wx+Hol
Yo-Chi Albert St,QLD,2026-06-27,18881.65,15930.71,21744.17,0.9,13.5972,1388.64,145.37,967.28,21.6,,BRIS,CORE Cluster,Prophet+Wx+Hol
Yo-Chi Albert St,QLD,2026-06-28,16964.33,14207.41,19853.93,0.9,13.5972,1247.64,121.52,1151.06,20.6,,BRIS,CORE Cluster,Prophet+Wx+Hol
Yo-Chi Albert St,QLD,2026-06-29,13368.28,10596.14,16348.97,0.9,13.5972,983.17,121.43,793.69,20.2,,BRIS,CORE Cluster,Prophet+Wx+Hol
Yo-Chi Albert St,QLD,2026-06-30,13845.32,10702.5,16630.89,0.9,13.5972,1018.25,108.85,840.48,20.3,,BRIS,CORE Cluster,Prophet+Wx+Hol
Yo-Chi Albert St,QLD,2026-07-01,14132.33,11280.56,17135.26,0.9,13.5972,1039.36,105.57,922.77,18.8,,BRIS,CORE Cluster,Prophet+Wx+Hol
Yo-Chi Albert St,QLD,2026-07-02,14394.28,11595.13,17215.9,0.9,13.5972,1058.62,114.13,685.14,19.2,,BRIS,CORE Cluster,Prophet+Wx+Hol
Yo-Chi Albert St,QLD,2026-07-03,17714.88,14712.95,20646.78,0.9,13.5972,1302.83,153.97,787.31,19.3,,BRIS,CORE Cluster,Prophet+Wx+Hol
Yo-Chi Albert St,QLD,2026-07-04,18716.59,15756.13,21626.29,0.9,13.5972,1376.5,167.13,709.44,18.7,,BRIS,CORE Cluster,Prophet+Wx+Hol
Yo-Chi Albert St,QLD,2026-07-05,17108.67,14202.66,19903.37,0.9,13.5972,1258.25,163.6,922.1,19.6,,BRIS,CORE Cluster,Prophet+Wx+Hol
Yo-Chi Albert St,QLD,2026-07-06,13771.44,10784.47,16812.14,0.9,13.5972,1012.82,183.86,591.29,20.9,,BRIS,CORE Cluster,Prophet+Wx+Hol
Yo-Chi Albert St,QLD,2026-07-07,14098.39,11021.43,17172.29,0.9,13.5972,1036.86,187.58,657.05,20.9,,BRIS,CORE Cluster,Prophet+Wx+Hol
Yo-Chi Albert St,QLD,2026-07-08,14336.83,11406.51,17250.69,0.9,13.5972,1054.4,200.99,764.21,19.8,,BRIS,CORE Cluster,Prophet+Wx+Hol
Yo-Chi Albert St,QLD,2026-07-09,14377.47,11400.55,17279.01,0.9,13.5972,1057.39,223.84,544.83,19.7,,BRIS,CORE Cluster,Prophet+Wx+Hol
Yo-Chi Albert St,QLD,2026-07-10,17803.5,14872.06,20704.53,0.9,13.5972,1309.35,279.92,679.58,20.7,,BRIS,CORE Cluster,Prophet+Wx+Hol
Yo-Chi Albert St,QLD,2026-07-11,18918.48,15995.6,21830.03,0.9,13.5972,1391.35,307.31,633.44,21.2,,BRIS,CORE Cluster,Prophet+Wx+Hol
Yo-Chi Albert St,QLD,2026-07-12,16876.85,13816.42,19619.15,0.9,13.5972,1241.2,310.92,861.43,20.6,,BRIS,CORE Cluster,Prophet+Wx+Hol
Yo-Chi Albert St,QLD,2026-07-13,12973.69,10253.92,15839.17,0.9,13.5972,954.15,335.16,536.29,19.8,,BRIS,CORE Cluster,Prophet+Wx+Hol
Yo-Chi Albert St,QLD,2026-07-14,13171.14,10138.21,16039.39,0.9,13.5972,968.67,344.02,623.6,19.7,,BRIS,CORE Cluster,Prophet+Wx+Hol
Yo-Chi Albert St,QLD,2026-07-15,13825.76,10760.81,16794.18,0.9,13.5972,1016.81,364.95,768.72,20.7,,BRIS,CORE Cluster,Prophet+Wx+Hol
Yo-Chi Albert St,QLD,2026-07-16,13867.67,10977.76,17016.01,0.9,13.5972,1019.89,388.97,568.33,20.9,,BRIS,CORE Cluster,Prophet+Wx+Hol
Yo-Chi Albert St,QLD,2026-07-17,16719.97,13845.58,19684.3,0.9,13.5972,1229.66,438.67,702.51,19.6,,BRIS,CORE Cluster,Prophet+Wx+Hol
Yo-Chi Albert St,QLD,2026-07-18,17861.53,14942.73,21072.03,0.9,13.5972,1313.62,461.92,671.33,20.4,,BRIS,CORE Cluster,Prophet+Wx+Hol
Yo-Chi Albert St,QLD,2026-07-19,16109.76,13241.17,19083.64,0.9,13.5972,1184.79,460.74,921.89,21.1,,BRIS,CORE Cluster,Prophet+Wx+Hol
Yo-Chi Albert St,QLD,2026-07-20,12268.1,9232.34,15214.54,0.9,13.5972,902.25,475.85,604.03,20.7,,BRIS,CORE Cluster,Prophet+Wx+Hol
Yo-Chi Albert St,QLD,2026-07-21,12309.24,9493.98,15265.93,0.9,13.5972,905.28,470.97,690.92,19.8,,BRIS,CORE Cluster,Prophet+Wx+Hol
Yo-Chi Albert St,QLD,2026-07-22,12666.69,9770.77,15557.41,0.9,13.5972,931.57,474.89,827.97,19.4,,BRIS,CORE Cluster,Prophet+Wx+Hol
Yo-Chi Albert St,QLD,2026-07-23,12890.51,10123.45,15778.83,0.9,13.5972,948.03,484.44,629.89,20.3,,BRIS,CORE Cluster,Prophet+Wx+Hol
Yo-Chi Albert St,QLD,2026-07-24,16021.93,13110.41,19017.65,0.9,13.5972,1178.33,519.35,769.3,20.0,,BRIS,CORE Cluster,Prophet+Wx+Hol
Yo-Chi Albert St,QLD,2026-07-25,17198.71,14232.9,20014.1,0.9,13.5972,1264.87,524.05,731.39,20.6,,BRIS,CORE Cluster,Prophet+Wx+Hol
Yo-Chi Albert St,QLD,2026-07-26,15709.66,13041.14,18697.6,0.9,13.5972,1155.36,505.27,982.96,22.2,,BRIS,CORE Cluster,Prophet+Wx+Hol
Yo-Chi Albert St,QLD,2026-07-27,11595.1,8774.59,14708.38,0.9,13.5972,852.76,497.68,642.0,20.2,,BRIS,CORE Cluster,Prophet+Wx+Hol
Yo-Chi Albert St,QLD,2026-07-28,12147.86,9264.95,15039.46,0.9,13.5972,893.41,476.99,734.11,21.2,,BRIS,CORE Cluster,Prophet+Wx+Hol
Yo-Chi Albert St,QLD,2026-07-29,12804.48,9675.36,15888.51,0.9,13.5972,941.7,463.62,868.77,21.8,,BRIS,CORE Cluster,Prophet+Wx+Hol
Yo-Chi Albert St,QLD,2026-07-30,12960.9,9942.44,15796.01,0.9,13.5972,953.2,453.31,653.04,21.9,,BRIS,CORE Cluster,Prophet+Wx+Hol
Yo-Chi Albert St,QLD,2026-07-31,16154.38,13433.25,18932.54,0.9,13.5972,1188.07,470.95,781.81,21.5,,BRIS,CORE Cluster,Prophet+Wx+Hol
Yo-Chi Albert St,QLD,2026-08-01,17275.29,14393.67,20021.34,0.9,13.5972,1270.51,458.27,728.48,21.5,,BRIS,CORE Cluster,Prophet+Wx+Hol
Yo-Chi Albert St,QLD,2026-08-02,15469.66,12760.74,18368.14,0.9,13.5972,1137.71,421.06,958.92,21.4,,BRIS,CORE Cluster,Prophet+Wx+Hol
Yo-Chi Albert St,QLD,2026-08-03,11970.36,8786.68,15129.19,0.9,13.5972,880.36,405.76,625.45,21.8,,BRIS,CORE Cluster,Prophet+Wx+Hol
Yo-Chi Albert St,QLD,2026-08-04,12313.01,9247.65,15251.51,0.9,13.5972,905.56,371.58,701.63,21.6,,BRIS,CORE Cluster,Prophet+Wx+Hol
Yo-Chi Albert St,QLD,2026-08-05,13128.47,10122.45,16225.11,0.9,13.5972,965.53,350.47,835.04,22.6,,BRIS,CORE Cluster,Prophet+Wx+Hol
Yo-Chi Albert St,QLD,2026-08-06,13090.54,10229.63,15942.55,0.9,13.5972,962.74,331.48,605.27,21.8,,BRIS,CORE Cluster,Prophet+Wx+Hol
Yo-Chi Albert St,QLD,2026-08-07,16317.81,13191.23,19425.95,0.9,13.5972,1200.09,345.24,732.31,21.4,,BRIS,CORE Cluster,Prophet+Wx+Hol
Yo-Chi Albert St,QLD,2026-08-08,17325.55,14585.06,20282.29,0.9,13.5972,1274.2,329.22,672.89,20.8,,BRIS,CORE Cluster,Prophet+Wx+Hol
Yo-Chi Albert St,QLD,2026-08-09,15285.64,12543.41,18205.28,0.9,13.5972,1124.18,289.45,897.18,19.7,,BRIS,CORE Cluster,Prophet+Wx+Hol
Yo-Chi Albert St,QLD,2026-08-10,11894.61,9016.83,14722.06,0.9,13.5972,874.79,277.18,566.94,20.6,,BRIS,CORE Cluster,Prophet+Wx+Hol
Yo-Chi Albert St,QLD,2026-08-11,12596.84,9685.32,15460.57,0.9,13.5972,926.43,250.07,659.6,22.1,,BRIS,CORE Cluster,Prophet+Wx+Hol
Yo-Chi Albert St,QLD,2026-08-12,15107.03,11937.91,18169.47,0.9,13.5972,1111.04,255.91,774.98,21.3,The Royal Queensland Show,BRIS,CORE Cluster,Prophet+Wx+Hol
Yo-Chi Albert St,QLD,2026-08-13,11277.53,8425.0,14257.26,0.9,13.5972,829.4,135.89,566.04,22.2,,BRIS,CORE Cluster,Prophet+Wx+Hol
Yo-Chi Albert St,QLD,2026-08-14,16595.9,13731.98,19485.48,0.9,13.5972,1220.54,245.0,708.21,22.4,,BRIS,CORE Cluster,Prophet+Wx+Hol
Yo-Chi Albert St,QLD,2026-08-15,17826.43,14824.05,20720.79,0.9,13.5972,1311.04,240.34,663.43,23.1,,BRIS,CORE Cluster,Prophet+Wx+Hol
Yo-Chi Albert St,QLD,2026-08-16,15964.52,13014.17,18928.46,0.9,13.5972,1174.1,211.85,903.17,23.0,,BRIS,CORE Cluster,Prophet+Wx+Hol
Yo-Chi Albert St,QLD,2026-08-17,12197.37,9065.06,15326.32,0.9,13.5972,897.05,206.31,564.99,22.7,,BRIS,CORE Cluster,Prophet+Wx+Hol
Yo-Chi Albert St,QLD,2026-08-18,12312.43,9332.88,15333.52,0.9,13.5972,905.51,183.74,644.96,21.8,,BRIS,CORE Cluster,Prophet+Wx+Hol
Yo-Chi Albert St,QLD,2026-08-19,12868.05,9865.62,15768.47,0.9,13.5972,946.38,175.8,782.52,22.2,,BRIS,CORE Cluster,Prophet+Wx+Hol
Yo-Chi Albert St,QLD,2026-08-20,12703.54,9800.72,15712.61,0.9,13.5972,934.28,172.35,556.26,21.3,,BRIS,CORE Cluster,Prophet+Wx+Hol
Yo-Chi Albert St,QLD,2026-08-21,16211.72,13042.99,19243.02,0.9,13.5972,1192.29,206.92,705.72,22.6,,BRIS,CORE Cluster,Prophet+Wx+Hol
Yo-Chi Albert St,QLD,2026-08-22,17484.55,14460.4,20457.78,0.9,13.5972,1285.89,210.89,664.63,23.7,,BRIS,CORE Cluster,Prophet+Wx+Hol
Yo-Chi Albert St,QLD,2026-08-23,15628.77,12787.86,18497.18,0.9,13.5972,1149.41,189.37,907.45,23.8,,BRIS,CORE Cluster,Prophet+Wx+Hol
Yo-Chi Albert St,QLD,2026-08-24,11591.0,8645.98,14746.03,0.9,13.5972,852.46,187.31,556.96,22.3,,BRIS,CORE Cluster,Prophet+Wx+Hol
Yo-Chi Albert St,QLD,2026-08-25,12025.61,8972.73,15003.56,0.9,13.5972,884.42,172.46,646.63,23.0,,BRIS,CORE Cluster,Prophet+Wx+Hol
Yo-Chi Albert St,QLD,2026-08-26,12350.81,9520.2,15415.5,0.9,13.5972,908.34,165.86,773.65,22.3,,BRIS,CORE Cluster,Prophet+Wx+Hol
Yo-Chi Albert St,QLD,2026-08-27,12690.12,9605.77,15627.34,0.9,13.5972,933.29,169.68,558.44,23.5,,BRIS,CORE Cluster,Prophet+Wx+Hol
Yo-Chi Albert St,QLD,2026-08-28,16299.52,13217.46,19159.1,0.9,13.5972,1198.74,206.89,706.42,25.1,,BRIS,CORE Cluster,Prophet+Wx+Hol
Yo-Chi Albert St,QLD,2026-08-29,17199.29,14151.58,20097.73,0.9,13.5972,1264.92,207.39,644.93,24.3,,BRIS,CORE Cluster,Prophet+Wx+Hol
Yo-Chi Albert St,QLD,2026-08-30,15262.78,12281.9,18421.7,0.9,13.5972,1122.5,183.91,878.95,23.7,,BRIS,CORE Cluster,Prophet+Wx+Hol
Yo-Chi Albert St,QLD,2026-08-31,12169.77,9182.49,14990.37,0.9,13.5972,895.02,189.27,550.87,26.1,,BRIS,CORE Cluster,Prophet+Wx+Hol
Yo-Chi Albert St,QLD,2026-09-01,12445.02,9375.31,15547.32,0.9,13.5972,915.26,170.17,627.26,25.6,,BRIS,CORE Cluster,Prophet+Wx+Hol
Yo-Chi Albert St,QLD,2026-09-02,12722.38,9586.19,15509.15,0.9,13.5972,935.66,159.95,745.36,24.1,,BRIS,CORE Cluster,Prophet+Wx+Hol
Yo-Chi Albert St,QLD,2026-09-03,12644.42,9728.18,15893.5,0.9,13.5972,929.93,156.27,506.25,23.0,,BRIS,CORE Cluster,Prophet+Wx+Hol
Yo-Chi Albert St,QLD,2026-09-04,15941.58,12862.29,18972.69,0.9,13.5972,1172.42,187.21,637.36,22.6,,BRIS,CORE Cluster,Prophet+Wx+Hol
Yo-Chi Albert St,QLD,2026-09-05,17601.47,14672.54,20539.78,0.9,13.5972,1294.49,191.52,596.35,24.5,,BRIS,CORE Cluster,Prophet+Wx+Hol
Yo-Chi Albert St,QLD,2026-09-06,15544.19,12408.32,18711.62,0.9,13.5972,1143.19,163.06,823.4,22.8,,BRIS,CORE Cluster,Prophet+Wx+Hol
Yo-Chi Albert St,QLD,2026-09-07,12238.06,9409.49,15315.27,0.9,13.5972,900.04,163.19,482.6,23.6,,BRIS,CORE Cluster,Prophet+Wx+Hol
Yo-Chi Albert St,QLD,2026-09-08,12849.75,10048.2,15772.23,0.9,13.5972,945.03,144.42,570.27,23.9,,BRIS,CORE Cluster,Prophet+Wx+Hol
Yo-Chi Albert St,QLD,2026-09-09,13730.6,10792.81,16850.33,0.9,13.5972,1009.81,137.86,711.28,24.6,,BRIS,CORE Cluster,Prophet+Wx+Hol
Yo-Chi Albert St,QLD,2026-09-10,14067.34,11353.51,16969.77,0.9,13.5972,1034.58,136.71,487.81,24.7,,BRIS,CORE Cluster,Prophet+Wx+Hol
Yo-Chi Albert St,QLD,2026-09-11,17201.42,14126.12,20136.94,0.9,13.5972,1265.07,165.56,618.7,23.1,,BRIS,CORE Cluster,Prophet+Wx+Hol
Yo-Chi Albert St,QLD,2026-09-12,18693.02,15843.52,21639.91,0.9,13.5972,1374.77,168.15,577.99,23.9,,BRIS,CORE Cluster,Prophet+Wx+Hol
Yo-Chi Albert St,QLD,2026-09-13,17071.1,14105.49,20030.74,0.9,13.5972,1255.49,144.33,830.57,23.8,,BRIS,CORE Cluster,Prophet+Wx+Hol
Yo-Chi Albert St,QLD,2026-09-14,13479.35,10401.57,16159.5,0.9,13.5972,991.33,143.0,487.33,23.1,,BRIS,CORE Cluster,Prophet+Wx+Hol
Yo-Chi Albert St,QLD,2026-09-15,14177.27,11201.07,17170.07,0.9,13.5972,1042.66,126.88,590.24,23.7,,BRIS,CORE Cluster,Prophet+Wx+Hol
Yo-Chi Albert St,QLD,2026-09-16,14896.6,11862.08,17880.7,0.9,13.5972,1095.57,121.23,739.26,23.6,,BRIS,CORE Cluster,Prophet+Wx+Hol
Yo-Chi Albert St,QLD,2026-09-17,15690.34,12794.5,18586.82,0.9,13.5972,1153.94,127.76,544.15,25.7,,BRIS,CORE Cluster,Prophet+Wx+Hol
Yo-Chi Albert St,QLD,2026-09-18,19136.65,16102.43,22175.94,0.9,13.5972,1407.4,163.59,701.37,25.7,,BRIS,CORE Cluster,Prophet+Wx+Hol
Yo-Chi Albert St,QLD,2026-09-19,20633.6,17564.0,23837.03,0.9,13.5972,1517.49,170.02,675.14,26.7,,BRIS,CORE Cluster,Prophet+Wx+Hol
Yo-Chi Albert St,QLD,2026-09-20,18961.2,15936.58,21878.36,0.9,13.5972,1394.49,149.32,942.29,26.8,,BRIS,CORE Cluster,Prophet+Wx+Hol
Yo-Chi Albert St,QLD,2026-09-21,15481.94,12443.15,18676.77,0.9,13.5972,1138.61,153.03,614.8,27.1,,BRIS,CORE Cluster,Prophet+Wx+Hol
Yo-Chi Albert St,QLD,2026-09-22,15565.84,12488.63,18517.12,0.9,13.5972,1144.78,134.29,709.81,25.6,,BRIS,CORE Cluster,Prophet+Wx+Hol
Yo-Chi Albert St,QLD,2026-09-23,16116.9,12974.11,19277.97,0.9,13.5972,1185.31,130.41,866.08,25.4,,BRIS,CORE Cluster,Prophet+Wx+Hol
Yo-Chi Albert St,QLD,2026-09-24,16402.65,13403.52,19466.59,0.9,13.5972,1206.33,135.06,662.2,26.1,,BRIS,CORE Cluster,Prophet+Wx+Hol
Yo-Chi Albert St,QLD,2026-09-25,19744.17,16796.15,22835.94,0.9,13.5972,1452.08,173.0,825.87,26.3,,BRIS,CORE Cluster,Prophet+Wx+Hol
Yo-Chi Albert St,QLD,2026-09-26,20744.42,17811.04,23880.18,0.9,13.5972,1525.64,176.72,788.86,26.0,,BRIS,CORE Cluster,Prophet+Wx+Hol
Yo-Chi Albert St,QLD,2026-09-27,18528.8,15596.31,21472.9,0.9,13.5972,1362.69,151.97,1043.62,24.6,,BRIS,CORE Cluster,Prophet+Wx+Hol
Yo-Chi Albert St,QLD,2026-09-28,14799.19,11851.25,18090.71,0.9,13.5972,1088.4,154.36,707.88,24.6,,BRIS,CORE Cluster,Prophet+Wx+Hol
Yo-Chi Albert St,QLD,2026-09-29,15145.47,12296.71,18114.43,0.9,13.5972,1113.87,138.71,813.77,25.1,,BRIS,CORE Cluster,Prophet+Wx+Hol
Yo-Chi Albert St,QLD,2026-09-30,15829.87,12912.21,18673.45,0.9,13.5972,1164.2,136.26,974.47,26.4,,BRIS,CORE Cluster,Prophet+Wx+Hol
Yo-Chi Albert St,QLD,2026-10-01,15608.68,12723.07,18596.37,0.9,13.5972,1147.93,135.43,747.17,25.7,,BRIS,CORE Cluster,Prophet+Wx+Hol
Yo-Chi Albert St,QLD,2026-10-02,18889.85,15903.32,22006.77,0.9,13.5972,1389.25,172.48,903.95,26.4,,BRIS,CORE Cluster,Prophet+Wx+Hol
Yo-Chi Albert St,QLD,2026-10-03,19708.88,16690.85,22776.88,0.9,13.5972,1449.48,173.38,852.37,26.0,,BRIS,CORE Cluster,Prophet+Wx+Hol
Yo-Chi Albert St,QLD,2026-10-04,17768.73,14769.57,20719.73,0.9,13.5972,1306.79,150.04,1109.42,26.4,,BRIS,CORE Cluster,Prophet+Wx+Hol
Yo-Chi Albert St,QLD,2026-10-05,18194.25,15282.79,21041.92,0.9,13.5972,1338.09,70.73,758.02,27.5,King's Birthday,BRIS,CORE Cluster,Prophet+Wx+Hol
Yo-Chi Albert St,QLD,2026-10-06,11001.78,7948.36,14115.78,0.9,13.5972,809.12,46.29,856.53,27.2,,BRIS,CORE Cluster,Prophet+Wx+Hol
Yo-Chi Albert St,QLD,2026-10-07,14425.41,11275.31,17367.82,0.9,13.5972,1060.91,124.34,980.02,26.8,,BRIS,CORE Cluster,Prophet+Wx+Hol
Yo-Chi Albert St,QLD,2026-10-08,14493.2,11350.79,17407.76,0.9,13.5972,1065.9,125.98,747.79,27.6,,BRIS,CORE Cluster,Prophet+Wx+Hol
Yo-Chi Albert St,QLD,2026-10-09,17456.15,14384.92,20499.6,0.9,13.5972,1283.81,160.09,879.93,27.2,,BRIS,CORE Cluster,Prophet+Wx+Hol
Yo-Chi Albert St,QLD,2026-10-10,18070.66,14937.98,20970.49,0.9,13.5972,1329.0,159.38,806.41,25.9,,BRIS,CORE Cluster,Prophet+Wx+Hol
Yo-Chi Albert St,QLD,2026-10-11,16286.85,13314.81,19469.65,0.9,13.5972,1197.81,138.59,1057.21,27.0,,BRIS,CORE Cluster,Prophet+Wx+Hol
Yo-Chi Albert St,QLD,2026-10-12,12239.15,9283.31,15293.07,0.9,13.5972,900.12,138.45,681.06,26.1,,BRIS,CORE Cluster,Prophet+Wx+Hol
Yo-Chi Albert St,QLD,2026-10-13,12438.95,9464.67,15196.38,0.9,13.5972,914.82,122.44,758.49,26.2,,BRIS,CORE Cluster,Prophet+Wx+Hol
Yo-Chi Albert St,QLD,2026-10-14,12507.31,9462.18,15648.41,0.9,13.5972,919.85,116.0,874.5,24.8,,BRIS,CORE Cluster,Prophet+Wx+Hol
Yo-Chi Albert St,QLD,2026-10-15,12952.16,9964.34,15849.06,0.9,13.5972,952.56,125.76,644.62,26.9,,BRIS,CORE Cluster,Prophet+Wx+Hol
Yo-Chi Albert St,QLD,2026-10-16,16033.52,12981.85,18903.14,0.9,13.5972,1179.18,166.32,773.63,26.5,,BRIS,CORE Cluster,Prophet+Wx+Hol
Yo-Chi Albert St,QLD,2026-10-17,17028.63,13861.04,20078.38,0.9,13.5972,1252.36,175.03,706.8,26.4,,BRIS,CORE Cluster,Prophet+Wx+Hol
Yo-Chi Albert St,QLD,2026-10-18,15278.37,12238.66,18378.13,0.9,13.5972,1123.64,160.26,955.55,27.1,,BRIS,CORE Cluster,Prophet+Wx+Hol
Yo-Chi Albert St,QLD,2026-10-19,11593.32,8497.72,14529.67,0.9,13.5972,852.63,170.2,586.79,27.3,,BRIS,CORE Cluster,Prophet+Wx+Hol
Yo-Chi Albert St,QLD,2026-10-20,11684.43,8828.27,14503.73,0.9,13.5972,859.33,159.24,659.02,26.3,,BRIS,CORE Cluster,Prophet+Wx+Hol
Yo-Chi Albert St,QLD,2026-10-21,12178.57,9235.4,15048.35,0.9,13.5972,895.67,163.59,791.31,26.2,,BRIS,CORE Cluster,Prophet+Wx+Hol
Yo-Chi Albert St,QLD,2026-10-22,12261.17,9043.52,15076.14,0.9,13.5972,901.74,175.74,547.8,26.1,,BRIS,CORE Cluster,Prophet+Wx+Hol
Yo-Chi Albert St,QLD,2026-10-23,16091.18,13281.05,19128.23,0.9,13.5972,1183.42,230.4,707.77,28.4,,BRIS,CORE Cluster,Prophet+Wx+Hol
Yo-Chi Albert St,QLD,2026-10-24,17620.88,14891.82,20759.49,0.9,13.5972,1295.92,249.93,663.88,30.2,,BRIS,CORE Cluster,Prophet+Wx+Hol
Yo-Chi Albert St,QLD,2026-10-25,15345.35,12207.71,18376.92,0.9,13.5972,1128.57,233.58,899.67,28.1,,BRIS,CORE Cluster,Prophet+Wx+Hol
Yo-Chi Albert St,QLD,2026-10-26,11791.35,8745.65,14681.96,0.9,13.5972,867.19,248.18,538.64,28.4,,BRIS,CORE Cluster,Prophet+Wx+Hol
Yo-Chi Albert St,QLD,2026-10-27,12179.4,9082.84,15404.91,0.9,13.5972,895.73,242.15,628.19,28.4,,BRIS,CORE Cluster,Prophet+Wx+Hol
Yo-Chi Albert St,QLD,2026-10-28,12301.53,9286.88,15083.29,0.9,13.5972,904.71,243.08,753.75,26.3,,BRIS,CORE Cluster,Prophet+Wx+Hol
Yo-Chi Albert St,QLD,2026-10-29,12636.28,9713.45,15514.57,0.9,13.5972,929.33,257.08,524.05,27.1,,BRIS,CORE Cluster,Prophet+Wx+Hol
Yo-Chi Albert St,QLD,2026-10-30,16218.57,13265.02,19518.48,0.9,13.5972,1192.79,307.08,681.89,28.1,,BRIS,CORE Cluster,Prophet+Wx+Hol
Yo-Chi Albert St,QLD,2026-10-31,17463.38,14421.27,20598.01,0.9,13.5972,1284.34,319.53,632.78,28.5,,BRIS,CORE Cluster,Prophet+Wx+Hol
Yo-Chi Albert St,QLD,2026-11-01,15572.0,12350.82,18791.29,0.9,13.5972,1145.24,301.28,889.67,27.9,,BRIS,CORE Cluster,Prophet+Wx+Hol
Yo-Chi Albert St,QLD,2026-11-02,11412.39,8600.27,14651.79,0.9,13.5972,839.32,302.07,508.31,25.6,,BRIS,CORE Cluster,Prophet+Wx+Hol
Yo-Chi Albert St,QLD,2026-11-03,11839.61,8848.63,14859.68,0.9,13.5972,870.74,287.42,603.75,25.7,,BRIS,CORE Cluster,Prophet+Wx+Hol
Yo-Chi Albert St,QLD,2026-11-04,12622.0,9580.22,15643.32,0.9,13.5972,928.28,285.16,757.79,26.6,,BRIS,CORE Cluster,Prophet+Wx+Hol
Yo-Chi Albert St,QLD,2026-11-05,12864.94,9888.93,15922.84,0.9,13.5972,946.15,286.79,525.38,27.0,,BRIS,CORE Cluster,Prophet+Wx+Hol
Yo-Chi Albert St,QLD,2026-11-06,15789.82,12613.45,18932.59,0.9,13.5972,1161.26,317.69,661.21,25.2,,BRIS,CORE Cluster,Prophet+Wx+Hol
Yo-Chi Albert St,QLD,2026-11-07,17143.49,14220.33,20229.85,0.9,13.5972,1260.81,318.22,616.52,26.2,,BRIS,CORE Cluster,Prophet+Wx+Hol
Yo-Chi Albert St,QLD,2026-11-08,15605.24,12825.43,18458.5,0.9,13.5972,1147.68,289.94,888.41,27.3,,BRIS,CORE Cluster,Prophet+Wx+Hol
Yo-Chi Albert St,QLD,2026-11-09,11728.05,8618.72,14478.76,0.9,13.5972,862.54,280.04,514.58,26.3,,BRIS,CORE Cluster,Prophet+Wx+Hol
Yo-Chi Albert St,QLD,2026-11-10,12093.25,8915.09,15126.89,0.9,13.5972,889.39,250.95,607.37,26.3,,BRIS,CORE Cluster,Prophet+Wx+Hol
Yo-Chi Albert St,QLD,2026-11-11,12869.46,9699.66,15776.41,0.9,13.5972,946.48,235.52,760.91,27.2,,BRIS,CORE Cluster,Prophet+Wx+Hol
Yo-Chi Albert St,QLD,2026-11-12,13002.23,10071.21,15969.32,0.9,13.5972,956.24,223.75,521.33,27.3,,BRIS,CORE Cluster,Prophet+Wx+Hol
Yo-Chi Albert St,QLD,2026-11-13,16426.55,13413.49,19496.23,0.9,13.5972,1208.08,249.42,675.25,27.8,,BRIS,CORE Cluster,Prophet+Wx+Hol
Yo-Chi Albert St,QLD,2026-11-14,17886.32,14564.97,20927.67,0.9,13.5972,1315.44,241.58,632.86,29.2,,BRIS,CORE Cluster,Prophet+Wx+Hol
Yo-Chi Albert St,QLD,2026-11-15,16358.65,13338.42,19325.41,0.9,13.5972,1203.09,205.35,905.93,30.4,,BRIS,CORE Cluster,Prophet+Wx+Hol
Yo-Chi Albert St,QLD,2026-11-16,12496.35,9404.12,15618.6,0.9,13.5972,919.04,189.77,529.51,29.5,,BRIS,CORE Cluster,Prophet+Wx+Hol
Yo-Chi Albert St,QLD,2026-11-17,12723.59,9696.43,15686.78,0.9,13.5972,935.75,155.29,617.52,28.9,,BRIS,CORE Cluster,Prophet+Wx+Hol
Yo-Chi Albert St,QLD,2026-11-18,12740.05,9656.15,15553.97,0.9,13.5972,936.96,130.1,743.82,26.5,,BRIS,CORE Cluster,Prophet+Wx+Hol
Yo-Chi Albert St,QLD,2026-11-19,12946.87,9781.4,15951.27,0.9,13.5972,952.17,120.3,506.38,26.8,,BRIS,CORE Cluster,Prophet+Wx+Hol
Yo-Chi Albert St,QLD,2026-11-20,16374.19,13184.88,19435.79,0.9,13.5972,1204.23,150.06,662.99,27.2,,BRIS,CORE Cluster,Prophet+Wx+Hol
Yo-Chi Albert St,QLD,2026-11-21,17689.43,14491.39,20800.27,0.9,13.5972,1300.96,146.82,617.07,27.9,,BRIS,CORE Cluster,Prophet+Wx+Hol
Yo-Chi Albert St,QLD,2026-11-22,15703.49,12560.41,18764.81,0.9,13.5972,1154.91,113.81,877.53,27.1,,BRIS,CORE Cluster,Prophet+Wx+Hol
Yo-Chi Albert St,QLD,2026-11-23,12154.61,9071.06,15291.22,0.9,13.5972,893.91,112.57,513.87,27.4,,BRIS,CORE Cluster,Prophet+Wx+Hol
Yo-Chi Albert St,QLD,2026-11-24,12876.41,9823.14,16113.8,0.9,13.5972,946.99,96.33,624.96,28.9,,BRIS,CORE Cluster,Prophet+Wx+Hol
Yo-Chi Albert St,QLD,2026-11-25,13029.45,9909.51,16194.75,0.9,13.5972,958.25,87.34,761.37,27.0,,BRIS,CORE Cluster,Prophet+Wx+Hol
Yo-Chi Albert St,QLD,2026-11-26,13691.05,10681.12,16827.0,0.9,13.5972,1006.9,99.01,543.8,29.2,,BRIS,CORE Cluster,Prophet+Wx+Hol
Yo-Chi Albert St,QLD,2026-11-27,17038.71,14044.97,20134.83,0.9,13.5972,1253.11,145.9,702.57,29.2,,BRIS,CORE Cluster,Prophet+Wx+Hol
Yo-Chi Albert St,QLD,2026-11-28,17973.18,14717.4,21204.74,0.9,13.5972,1321.83,156.88,645.84,28.3,,BRIS,CORE Cluster,Prophet+Wx+Hol
Yo-Chi Albert St,QLD,2026-11-29,16459.64,13542.42,19554.07,0.9,13.5972,1210.52,147.8,929.62,29.5,,BRIS,CORE Cluster,Prophet+Wx+Hol
Yo-Chi Albert St,QLD,2026-11-30,12411.39,9195.46,15467.64,0.9,13.5972,912.79,159.95,547.61,27.7,,BRIS,CORE Cluster,Prophet+Wx+Hol
Yo-Chi Albert St,QLD,2026-12-01,12774.67,9730.89,15763.13,0.9,13.5972,939.51,158.05,648.02,27.7,,BRIS,CORE Cluster,Prophet+Wx+Hol
Yo-Chi Albert St,QLD,2026-12-02,13641.43,10478.0,16773.8,0.9,13.5972,1003.25,174.77,813.86,29.0,,BRIS,CORE Cluster,Prophet+Wx+Hol
Yo-Chi Albert St,QLD,2026-12-03,13732.01,10558.08,16776.0,0.9,13.5972,1009.92,196.62,573.33,28.8,,BRIS,CORE Cluster,Prophet+Wx+Hol
Yo-Chi Albert St,QLD,2026-12-04,17108.84,13902.96,20112.95,0.9,13.5972,1258.26,259.21,733.3,29.1,,BRIS,CORE Cluster,Prophet+Wx+Hol
Yo-Chi Albert St,QLD,2026-12-05,18134.86,15330.18,21255.55,0.9,13.5972,1333.72,284.25,677.53,28.8,,BRIS,CORE Cluster,Prophet+Wx+Hol
Yo-Chi Albert St,QLD,2026-12-06,16864.33,13712.58,19969.3,0.9,13.5972,1240.28,288.48,969.08,31.2,,BRIS,CORE Cluster,Prophet+Wx+Hol
Yo-Chi Albert St,QLD,2026-12-07,12951.39,9780.65,15998.15,0.9,13.5972,952.51,310.42,585.09,30.2,,BRIS,CORE Cluster,Prophet+Wx+Hol
Yo-Chi Albert St,QLD,2026-12-08,13366.55,10534.84,16285.77,0.9,13.5972,983.04,314.45,682.16,30.6,,BRIS,CORE Cluster,Prophet+Wx+Hol
Yo-Chi Albert St,QLD,2026-12-09,13393.08,10039.83,16359.9,0.9,13.5972,984.99,324.23,809.68,28.4,,BRIS,CORE Cluster,Prophet+Wx+Hol
Yo-Chi Albert St,QLD,2026-12-10,13498.57,10511.9,16553.24,0.9,13.5972,992.75,345.98,559.87,28.6,,BRIS,CORE Cluster,Prophet+Wx+Hol
Yo-Chi Albert St,QLD,2026-12-11,16531.45,13579.76,19826.32,0.9,13.5972,1215.8,401.8,698.42,27.6,,BRIS,CORE Cluster,Prophet+Wx+Hol
Yo-Chi Albert St,QLD,2026-12-12,17546.51,14263.66,20736.02,0.9,13.5972,1290.45,420.58,631.91,27.3,,BRIS,CORE Cluster,Prophet+Wx+Hol
Yo-Chi Albert St,QLD,2026-12-13,15710.91,12448.92,18847.43,0.9,13.5972,1155.45,409.19,893.21,27.4,,BRIS,CORE Cluster,Prophet+Wx+Hol
Yo-Chi Albert St,QLD,2026-12-14,12434.61,9361.21,15727.72,0.9,13.5972,914.5,426.88,520.56,29.3,,BRIS,CORE Cluster,Prophet+Wx+Hol
Yo-Chi Albert St,QLD,2026-12-15,13003.68,9829.41,15970.71,0.9,13.5972,956.35,418.55,613.47,30.4,,BRIS,CORE Cluster,Prophet+Wx+Hol
Yo-Chi Albert St,QLD,2026-12-16,13067.64,9904.93,15994.69,0.9,13.5972,961.05,412.62,732.8,28.5,,BRIS,CORE Cluster,Prophet+Wx+Hol
Yo-Chi Albert St,QLD,2026-12-17,13129.53,10180.19,16346.89,0.9,13.5972,965.61,416.12,469.72,28.4,,BRIS,CORE Cluster,Prophet+Wx+Hol
Yo-Chi Albert St,QLD,2026-12-18,16434.49,13313.88,19503.57,0.9,13.5972,1208.67,456.31,610.5,28.5,,BRIS,CORE Cluster,Prophet+Wx+Hol
Yo-Chi Albert St,QLD,2026-12-19,17528.93,14432.82,20667.81,0.9,13.5972,1289.16,455.91,538.55,28.4,,BRIS,CORE Cluster,Prophet+Wx+Hol
Yo-Chi Albert St,QLD,2026-12-20,15974.1,12605.5,19143.73,0.9,13.5972,1174.81,426.84,805.71,29.6,,BRIS,CORE Cluster,Prophet+Wx+Hol
Yo-Chi Albert St,QLD,2026-12-21,12371.36,9370.69,15547.75,0.9,13.5972,909.85,420.02,412.81,29.9,,BRIS,CORE Cluster,Prophet+Wx+Hol
Yo-Chi Albert St,QLD,2026-12-22,12759.98,9552.88,15912.85,0.9,13.5972,938.43,388.88,495.77,29.9,,BRIS,CORE Cluster,Prophet+Wx+Hol
Yo-Chi Albert St,QLD,2026-12-23,13364.81,10073.76,16237.03,0.9,13.5972,982.91,369.28,635.17,30.0,,BRIS,CORE Cluster,Prophet+Wx+Hol
Yo-Chi Albert St,QLD,2026-12-24,13226.98,10276.23,16417.4,0.9,13.5972,972.77,351.72,362.87,28.8,,BRIS,CORE Cluster,Prophet+Wx+Hol
Yo-Chi Albert St,QLD,2026-12-25,3049.94,134.73,6109.52,0.9,13.5972,224.31,17.2,495.75,30.2,Christmas Day,BRIS,CORE Cluster,Prophet+Wx+Hol
Yo-Chi Albert St,QLD,2026-12-26,18290.27,15219.34,21489.97,0.9,13.5972,1345.15,103.19,454.01,28.3,Boxing Day,BRIS,CORE Cluster,Prophet+Wx+Hol
Yo-Chi Albert St,QLD,2026-12-27,15143.09,12229.03,18506.25,0.9,13.5972,1113.69,314.25,705.99,28.5,,BRIS,CORE Cluster,Prophet+Wx+Hol
Yo-Chi Albert St,QLD,2026-12-28,12553.71,9468.43,15403.37,0.9,13.5972,923.26,299.18,330.13,29.2,Boxing Day (observed),BRIS,CORE Cluster,Prophet+Wx+Hol
Yo-Chi Albert St,QLD,2026-12-29,13156.48,10154.1,16261.93,0.9,13.5972,967.59,261.49,431.8,29.8,,BRIS,CORE Cluster,Prophet+Wx+Hol
Yo-Chi Albert St,QLD,2026-12-30,13204.07,10028.58,16403.54,0.9,13.5972,971.09,228.9,561.2,27.1,,BRIS,CORE Cluster,Prophet+Wx+Hol
Yo-Chi Albert St,QLD,2026-12-31,13760.64,10665.31,16844.29,0.9,13.5972,1012.02,215.67,326.97,28.6,,BRIS,CORE Cluster,Prophet+Wx+Hol
Yo-Chi Albert St,QLD,2027-01-01,20369.02,17010.75,23671.47,0.9,13.5972,1498.03,227.8,471.5,26.9,New Year's Day,BRIS,CORE Cluster,Prophet+Wx+Hol
Yo-Chi Albert St,QLD,2027-01-02,19472.78,15874.12,22969.85,0.9,13.5972,1432.12,193.98,425.24,26.4,,BRIS,CORE Cluster,Prophet+Wx+Hol
Yo-Chi Albert St,QLD,2027-01-03,16730.82,13488.53,19923.39,0.9,13.5972,1230.46,185.29,728.48,28.7,,BRIS,CORE Cluster,Prophet+Wx+Hol
Yo-Chi Albert St,QLD,2027-01-04,13319.85,10230.92,16634.22,0.9,13.5972,979.6,175.21,361.68,29.4,,BRIS,CORE Cluster,Prophet+Wx+Hol
Yo-Chi Albert St,QLD,2027-01-05,13738.1,10312.15,17020.07,0.9,13.5972,1010.36,142.71,472.06,29.2,,BRIS,CORE Cluster,Prophet+Wx+Hol
Yo-Chi Albert St,QLD,2027-01-06,14207.2,11211.34,17338.05,0.9,13.5972,1044.86,124.25,634.32,28.5,,BRIS,CORE Cluster,Prophet+Wx+Hol
Yo-Chi Albert St,QLD,2027-01-07,14163.92,11058.71,17416.19,0.9,13.5972,1041.68,114.57,389.34,27.6,,BRIS,CORE Cluster,Prophet+Wx+Hol
Yo-Chi Albert St,QLD,2027-01-08,17526.58,14149.14,20840.16,0.9,13.5972,1288.99,149.73,564.52,27.5,,BRIS,CORE Cluster,Prophet+Wx+Hol
Yo-Chi Albert St,QLD,2027-01-09,18810.38,15585.68,22155.58,0.9,13.5972,1383.4,149.66,529.88,28.1,,BRIS,CORE Cluster,Prophet+Wx+Hol
Yo-Chi Albert St,QLD,2027-01-10,17143.18,13804.17,20312.91,0.9,13.5972,1260.79,121.34,830.44,28.7,,BRIS,CORE Cluster,Prophet+Wx+Hol
Yo-Chi Albert St,QLD,2027-01-11,13413.15,10281.71,16609.59,0.9,13.5972,986.47,120.38,458.27,28.4,,BRIS,CORE Cluster,Prophet+Wx+Hol
Yo-Chi Albert St,QLD,2027-01-12,13548.86,10258.09,16806.75,0.9,13.5972,996.45,96.94,566.09,27.5,,BRIS,CORE Cluster,Prophet+Wx+Hol
Yo-Chi Albert St,QLD,2027-01-13,14436.67,11117.62,17614.29,0.9,13.5972,1061.74,95.53,752.13,29.2,,BRIS,CORE Cluster,Prophet+Wx+Hol
Yo-Chi Albert St,QLD,2027-01-14,14432.87,11395.03,17661.61,0.9,13.5972,1061.46,97.65,511.67,28.9,,BRIS,CORE Cluster,Prophet+Wx+Hol
Yo-Chi Albert St,QLD,2027-01-15,17890.87,14485.88,21161.79,0.9,13.5972,1315.78,144.69,694.51,29.8,,BRIS,CORE Cluster,Prophet+Wx+Hol
Yo-Chi Albert St,QLD,2027-01-16,19072.5,15668.67,22346.22,0.9,13.5972,1402.68,152.58,656.78,30.5,,BRIS,CORE Cluster,Prophet+Wx+Hol
Yo-Chi Albert St,QLD,2027-01-17,16912.4,13459.98,20133.79,0.9,13.5972,1243.82,125.87,939.44,29.6,,BRIS,CORE Cluster,Prophet+Wx+Hol
Yo-Chi Albert St,QLD,2027-01-18,13093.62,9929.92,16406.21,0.9,13.5972,962.97,130.21,559.72,29.5,,BRIS,CORE Cluster,Prophet+Wx+Hol
Yo-Chi Albert St,QLD,2027-01-19,13297.55,10205.71,16435.92,0.9,13.5972,977.96,112.21,667.95,29.4,,BRIS,CORE Cluster,Prophet+Wx+Hol
Yo-Chi Albert St,QLD,2027-01-20,13170.83,10057.74,16286.42,0.9,13.5972,968.64,101.83,810.79,27.1,,BRIS,CORE Cluster,Prophet+Wx+Hol
Yo-Chi Albert St,QLD,2027-01-21,13515.12,10335.81,16719.52,0.9,13.5972,993.97,110.02,577.71,28.8,,BRIS,CORE Cluster,Prophet+Wx+Hol
Yo-Chi Albert St,QLD,2027-01-22,17174.84,13600.1,20470.7,0.9,13.5972,1263.12,160.39,764.08,30.9,,BRIS,CORE Cluster,Prophet+Wx+Hol
Yo-Chi Albert St,QLD,2027-01-23,17515.3,14186.76,20741.36,0.9,13.5972,1288.16,157.27,686.53,28.1,,BRIS,CORE Cluster,Prophet+Wx+Hol
Yo-Chi Albert St,QLD,2027-01-24,16135.32,12613.33,19497.57,0.9,13.5972,1186.67,137.78,995.79,30.7,,BRIS,CORE Cluster,Prophet+Wx+Hol
Yo-Chi Albert St,QLD,2027-01-25,12252.74,8959.0,15174.63,0.9,13.5972,901.12,138.45,604.83,30.4,,BRIS,CORE Cluster,Prophet+Wx+Hol
Yo-Chi Albert St,QLD,2027-01-26,14395.76,11129.57,17556.79,0.9,13.5972,1058.73,69.06,698.02,31.3,Australia Day,BRIS,CORE Cluster,Prophet+Wx+Hol
Yo-Chi Albert St,QLD,2027-01-27,12424.37,9232.73,15335.83,0.9,13.5972,913.75,258.14,843.51,30.2,,BRIS,CORE Cluster,Prophet+Wx+Hol
Yo-Chi Albert St,QLD,2027-01-28,12887.6,9624.75,16021.41,0.9,13.5972,947.81,107.91,613.37,30.2,,BRIS,CORE Cluster,Prophet+Wx+Hol
Yo-Chi Albert St,QLD,2027-01-29,16128.64,12942.65,19355.71,0.9,13.5972,1186.17,148.81,778.77,30.1,,BRIS,CORE Cluster,Prophet+Wx+Hol
Yo-Chi Albert St,QLD,2027-01-30,17059.78,13579.7,20758.71,0.9,13.5972,1254.66,148.13,719.55,29.6,,BRIS,CORE Cluster,Prophet+Wx+Hol
Yo-Chi Albert St,QLD,2027-01-31,15433.09,12093.32,18658.19,0.9,13.5972,1135.02,120.92,1016.53,30.6,,BRIS,CORE Cluster,Prophet+Wx+Hol
Yo-Chi Albert St,QLD,2027-02-01,11951.54,8849.2,15283.91,0.9,13.5972,878.97,122.46,635.36,31.5,,BRIS,CORE Cluster,Prophet+Wx+Hol
Yo-Chi Albert St,QLD,2027-02-02,12007.96,8692.88,15308.06,0.9,13.5972,883.12,94.98,729.16,30.1,,BRIS,CORE Cluster,Prophet+Wx+Hol
Yo-Chi Albert St,QLD,2027-02-03,12448.73,9296.21,15733.73,0.9,13.5972,915.54,84.2,887.28,29.5,,BRIS,CORE Cluster,Prophet+Wx+Hol
Yo-Chi Albert St,QLD,2027-02-04,12356.99,9267.56,15757.91,0.9,13.5972,908.79,80.42,624.91,28.3,,BRIS,CORE Cluster,Prophet+Wx+Hol
Yo-Chi Albert St,QLD,2027-02-05,15952.43,12476.51,19654.3,0.9,13.5972,1173.22,124.87,802.56,29.2,,BRIS,CORE Cluster,Prophet+Wx+Hol
Yo-Chi Albert St,QLD,2027-02-06,17215.14,13829.68,20619.91,0.9,13.5972,1266.08,127.96,753.24,29.4,,BRIS,CORE Cluster,Prophet+Wx+Hol
Yo-Chi Albert St,QLD,2027-02-07,15570.12,12365.77,19218.11,0.9,13.5972,1145.1,100.8,1048.09,29.7,,BRIS,CORE Cluster,Prophet+Wx+Hol
Yo-Chi Albert St,QLD,2027-02-08,11882.52,8832.25,14931.83,0.9,13.5972,873.9,101.17,652.65,29.2,,BRIS,CORE Cluster,Prophet+Wx+Hol
Yo-Chi Albert St,QLD,2027-02-09,12291.13,9155.87,15526.44,0.9,13.5972,903.95,79.89,757.1,28.8,,BRIS,CORE Cluster,Prophet+Wx+Hol
Yo-Chi Albert St,QLD,2027-02-10,13106.57,10060.37,16271.86,0.9,13.5972,963.92,76.42,926.58,29.3,,BRIS,CORE Cluster,Prophet+Wx+Hol
Yo-Chi Albert St,QLD,2027-02-11,13581.96,10368.56,16838.31,0.9,13.5972,998.88,82.96,680.08,30.3,,BRIS,CORE Cluster,Prophet+Wx+Hol
Yo-Chi Albert St,QLD,2027-02-12,17332.7,14140.65,20764.14,0.9,13.5972,1274.73,133.47,858.85,31.5,,BRIS,CORE Cluster,Prophet+Wx+Hol
Yo-Chi Albert St,QLD,2027-02-13,18091.24,14702.84,21477.19,0.9,13.5972,1330.51,134.26,781.79,29.3,,BRIS,CORE Cluster,Prophet+Wx+Hol
Yo-Chi Albert St,QLD,2027-02-14,16096.99,12889.31,19413.51,0.9,13.5972,1183.85,106.57,1056.6,28.1,,BRIS,CORE Cluster,Prophet+Wx+Hol
Yo-Chi Albert St,QLD,2027-02-15,12341.96,8926.22,15554.5,0.9,13.5972,907.68,110.15,647.6,27.3,,BRIS,CORE Cluster,Prophet+Wx+Hol
Yo-Chi Albert St,QLD,2027-02-16,12922.03,9552.74,16191.35,0.9,13.5972,950.35,94.64,750.62,27.8,,BRIS,CORE Cluster,Prophet+Wx+Hol
Yo-Chi Albert St,QLD,2027-02-17,13568.91,10311.85,16715.15,0.9,13.5972,997.92,92.53,904.82,27.8,,BRIS,CORE Cluster,Prophet+Wx+Hol
Yo-Chi Albert St,QLD,2027-02-18,14044.67,10645.9,17303.41,0.9,13.5972,1032.91,102.19,647.09,29.1,,BRIS,CORE Cluster,Prophet+Wx+Hol
Yo-Chi Albert St,QLD,2027-02-19,17506.35,13872.02,20899.88,0.9,13.5972,1287.5,152.02,805.39,29.5,,BRIS,CORE Cluster,Prophet+Wx+Hol
Yo-Chi Albert St,QLD,2027-02-20,18424.7,14779.49,21775.02,0.9,13.5972,1355.04,156.67,724.89,28.6,,BRIS,CORE Cluster,Prophet+Wx+Hol
Yo-Chi Albert St,QLD,2027-02-21,16849.59,13278.11,20146.6,0.9,13.5972,1239.2,135.16,1009.63,29.7,,BRIS,CORE Cluster,Prophet+Wx+Hol
Yo-Chi Albert St,QLD,2027-02-22,13191.35,9936.43,16349.18,0.9,13.5972,970.15,140.44,594.1,30.0,,BRIS,CORE Cluster,Prophet+Wx+Hol
Yo-Chi Albert St,QLD,2027-02-23,13425.52,10303.35,16547.4,0.9,13.5972,987.38,120.1,676.75,29.7,,BRIS,CORE Cluster,Prophet+Wx+Hol
Yo-Chi Albert St,QLD,2027-02-24,13462.51,10407.61,16945.89,0.9,13.5972,990.1,109.21,801.57,27.8,,BRIS,CORE Cluster,Prophet+Wx+Hol
Yo-Chi Albert St,QLD,2027-02-25,13415.0,10258.43,16896.61,0.9,13.5972,986.6,110.6,517.21,27.6,,BRIS,CORE Cluster,Prophet+Wx+Hol
Yo-Chi Albert St,QLD,2027-02-26,16827.31,13411.28,20273.09,0.9,13.5972,1237.56,157.92,672.84,28.5,,BRIS,CORE Cluster,Prophet+Wx+Hol
Yo-Chi Albert St,QLD,2027-02-27,17774.6,14264.23,21209.36,0.9,13.5972,1307.23,160.13,593.76,28.4,,BRIS,CORE Cluster,Prophet+Wx+Hol
Yo-Chi Albert St,QLD,2027-02-28,15975.54,12689.28,19056.29,0.9,13.5972,1174.92,132.31,874.36,29.2,,BRIS,CORE Cluster,Prophet+Wx+Hol
Yo-Chi Albert St,QLD,2027-03-01,12148.9,8972.67,15346.74,0.9,13.5972,893.49,131.98,455.36,29.4,,BRIS,CORE Cluster,Prophet+Wx+Hol
Yo-Chi Albert St,QLD,2027-03-02,12496.68,9166.1,15678.57,0.9,13.5972,919.06,109.17,551.83,30.1,,BRIS,CORE Cluster,Prophet+Wx+Hol
Yo-Chi Albert St,QLD,2027-03-03,12467.75,9272.0,15830.01,0.9,13.5972,916.94,93.59,686.1,28.3,,BRIS,CORE Cluster,Prophet+Wx+Hol
Yo-Chi Albert St,QLD,2027-03-04,12374.12,9163.48,15217.67,0.9,13.5972,910.05,90.76,412.21,28.2,,BRIS,CORE Cluster,Prophet+Wx+Hol
Yo-Chi Albert St,QLD,2027-03-05,15571.46,12153.9,19010.81,0.9,13.5972,1145.2,132.34,576.5,28.4,,BRIS,CORE Cluster,Prophet+Wx+Hol
Yo-Chi Albert St,QLD,2027-03-06,16588.27,13146.93,19885.04,0.9,13.5972,1219.98,132.36,518.78,28.7,,BRIS,CORE Cluster,Prophet+Wx+Hol
Yo-Chi Albert St,QLD,2027-03-07,14577.34,11236.17,18057.93,0.9,13.5972,1072.09,98.93,813.42,28.6,,BRIS,CORE Cluster,Prophet+Wx+Hol
Yo-Chi Albert St,QLD,2027-03-08,10686.18,7424.93,13664.21,0.9,13.5972,785.91,95.65,412.01,28.3,,BRIS,CORE Cluster,Prophet+Wx+Hol
Yo-Chi Albert St,QLD,2027-03-09,10900.04,7732.31,14089.7,0.9,13.5972,801.64,69.34,527.49,28.1,,BRIS,CORE Cluster,Prophet+Wx+Hol
Yo-Chi Albert St,QLD,2027-03-10,11204.37,7944.84,14396.63,0.9,13.5972,824.02,56.95,701.09,27.4,,BRIS,CORE Cluster,Prophet+Wx+Hol
Yo-Chi Albert St,QLD,2027-03-11,11011.28,7624.12,14455.02,0.9,13.5972,809.82,52.48,446.39,26.3,,BRIS,CORE Cluster,Prophet+Wx+Hol
Yo-Chi Albert St,QLD,2027-03-12,14829.29,11524.49,18105.87,0.9,13.5972,1090.61,102.72,661.93,28.6,,BRIS,CORE Cluster,Prophet+Wx+Hol
Yo-Chi Albert St,QLD,2027-03-13,15804.39,12273.52,19269.86,0.9,13.5972,1162.33,103.06,625.8,27.9,,BRIS,CORE Cluster,Prophet+Wx+Hol
Yo-Chi Albert St,QLD,2027-03-14,14026.92,10550.68,17248.75,0.9,13.5972,1031.6,73.71,954.12,28.0,,BRIS,CORE Cluster,Prophet+Wx+Hol
Yo-Chi Albert St,QLD,2027-03-15,10213.3,7067.79,13478.46,0.9,13.5972,751.13,73.23,573.61,27.2,,BRIS,CORE Cluster,Prophet+Wx+Hol
Yo-Chi Albert St,QLD,2027-03-16,10787.9,7681.61,13981.4,0.9,13.5972,793.39,53.49,722.1,27.7,,BRIS,CORE Cluster,Prophet+Wx+Hol
Yo-Chi Albert St,QLD,2027-03-17,11660.55,8399.78,14899.88,0.9,13.5972,857.57,50.73,934.47,28.5,,BRIS,CORE Cluster,Prophet+Wx+Hol
Yo-Chi Albert St,QLD,2027-03-18,11752.57,8440.19,15230.96,0.9,13.5972,864.34,52.4,700.51,27.7,,BRIS,CORE Cluster,Prophet+Wx+Hol
Yo-Chi Albert St,QLD,2027-03-19,15192.34,11641.88,18410.63,0.9,13.5972,1117.31,100.6,907.84,27.4,,BRIS,CORE Cluster,Prophet+Wx+Hol
Yo-Chi Albert St,QLD,2027-03-20,16646.09,13151.15,20051.55,0.9,13.5972,1224.23,109.48,893.31,27.9,,BRIS,CORE Cluster,Prophet+Wx+Hol
Yo-Chi Albert St,QLD,2027-03-21,14930.4,11683.79,18203.98,0.9,13.5972,1098.05,82.72,1223.47,27.4,,BRIS,CORE Cluster,Prophet+Wx+Hol
Yo-Chi Albert St,QLD,2027-03-22,11275.28,8130.43,14388.57,0.9,13.5972,829.24,86.02,839.87,26.5,,BRIS,CORE Cluster,Prophet+Wx+Hol
Yo-Chi Albert St,QLD,2027-03-23,12077.92,9016.2,15404.51,0.9,13.5972,888.27,70.3,986.52,27.2,,BRIS,CORE Cluster,Prophet+Wx+Hol
Yo-Chi Albert St,QLD,2027-03-24,12914.56,9533.82,16273.71,0.9,13.5972,949.8,67.74,1181.75,27.2,,BRIS,CORE Cluster,Prophet+Wx+Hol
Yo-Chi Albert St,QLD,2027-03-25,13289.96,9773.03,16466.24,0.9,13.5972,977.41,73.27,936.94,27.1,,BRIS,CORE Cluster,Prophet+Wx+Hol
Yo-Chi Albert St,QLD,2027-03-26,18268.55,14703.9,22128.16,0.9,13.5972,1343.55,132.72,1116.11,27.0,Good Friday,BRIS,CORE Cluster,Prophet+Wx+Hol
Yo-Chi Albert St,QLD,2027-03-27,17579.15,14158.2,21433.3,0.9,13.5972,1292.85,122.88,1059.2,26.7,Easter Saturday,BRIS,CORE Cluster,Prophet+Wx+Hol
Yo-Chi Albert St,QLD,2027-03-28,25831.19,21620.16,30150.56,0.9,13.5972,1899.75,45.04,1317.16,26.5,Easter Sunday,BRIS,CORE Cluster,Prophet+Wx+Hol
Yo-Chi Albert St,QLD,2027-03-29,15263.26,11504.13,18733.39,0.9,13.5972,1122.53,137.09,936.83,26.0,Easter Monday,BRIS,CORE Cluster,Prophet+Wx+Hol
Yo-Chi Albert St,QLD,2027-03-30,14611.48,11218.91,18064.55,0.9,13.5972,1074.6,127.9,1074.32,27.7,,BRIS,CORE Cluster,Prophet+Wx+Hol
Yo-Chi Albert St,QLD,2027-03-31,14616.95,11183.02,17971.45,0.9,13.5972,1075.0,80.53,1234.09,26.6,,BRIS,CORE Cluster,Prophet+Wx+Hol
Yo-Chi Albert St,QLD,2027-04-01,14593.72,11131.3,18079.91,0.9,13.5972,1073.29,77.97,933.99,25.1,,BRIS,CORE Cluster,Prophet+Wx+Hol
Yo-Chi Albert St,QLD,2027-04-02,18313.71,14592.37,22033.27,0.9,13.5972,1346.87,127.42,1093.67,25.9,,BRIS,CORE Cluster,Prophet+Wx+Hol
Yo-Chi Albert St,QLD,2027-04-03,19715.47,15916.49,23601.17,0.9,13.5972,1449.97,132.06,1012.95,26.4,,BRIS,CORE Cluster,Prophet+Wx+Hol
Yo-Chi Albert St,QLD,2027-04-04,17731.59,14012.8,21462.23,0.9,13.5972,1304.06,97.44,1271.51,25.3,,BRIS,CORE Cluster,Prophet+Wx+Hol
Yo-Chi Albert St,QLD,2027-04-05,14376.31,10712.65,17872.5,0.9,13.5972,1057.3,101.07,832.64,26.3,,BRIS,CORE Cluster,Prophet+Wx+Hol
Yo-Chi Albert St,QLD,2027-04-06,14712.23,11212.89,18028.6,0.9,13.5972,1082.01,75.44,900.14,25.9,,BRIS,CORE Cluster,Prophet+Wx+Hol
Yo-Chi Albert St,QLD,2027-04-07,15628.79,11903.73,19091.81,0.9,13.5972,1149.41,71.13,1043.64,27.3,,BRIS,CORE Cluster,Prophet+Wx+Hol
Yo-Chi Albert St,QLD,2027-04-08,15858.32,12398.62,19434.58,0.9,13.5972,1166.29,72.99,737.46,27.7,,BRIS,CORE Cluster,Prophet+Wx+Hol
Yo-Chi Albert St,QLD,2027-04-09,19055.72,15286.46,22791.21,0.9,13.5972,1401.45,118.16,866.55,27.2,,BRIS,CORE Cluster,Prophet+Wx+Hol
Yo-Chi Albert St,QLD,2027-04-10,20207.47,16160.99,24027.85,0.9,13.5972,1486.15,123.05,771.33,27.5,,BRIS,CORE Cluster,Prophet+Wx+Hol
Yo-Chi Albert St,QLD,2027-04-11,18376.85,14844.64,22085.68,0.9,13.5972,1351.52,95.11,1040.64,27.8,,BRIS,CORE Cluster,Prophet+Wx+Hol
Yo-Chi Albert St,QLD,2027-04-12,14214.05,10795.12,17665.77,0.9,13.5972,1045.37,94.28,573.84,26.2,,BRIS,CORE Cluster,Prophet+Wx+Hol
Yo-Chi Albert St,QLD,2027-04-13,14357.2,11015.09,17613.74,0.9,13.5972,1055.9,73.51,648.37,25.8,,BRIS,CORE Cluster,Prophet+Wx+Hol
Yo-Chi Albert St,QLD,2027-04-14,14734.35,11263.97,18245.36,0.9,13.5972,1083.63,70.9,790.33,25.6,,BRIS,CORE Cluster,Prophet+Wx+Hol
Yo-Chi Albert St,QLD,2027-04-15,14841.49,11399.08,18567.52,0.9,13.5972,1091.51,81.36,502.98,26.2,,BRIS,CORE Cluster,Prophet+Wx+Hol
Yo-Chi Albert St,QLD,2027-04-16,18252.72,14198.5,22075.87,0.9,13.5972,1342.39,141.09,672.45,27.1,,BRIS,CORE Cluster,Prophet+Wx+Hol
Yo-Chi Albert St,QLD,2027-04-17,19037.05,15061.43,22708.93,0.9,13.5972,1400.07,153.27,595.67,26.4,,BRIS,CORE Cluster,Prophet+Wx+Hol
Yo-Chi Albert St,QLD,2027-04-18,16989.55,13222.53,20647.25,0.9,13.5972,1249.49,135.06,895.35,26.2,,BRIS,CORE Cluster,Prophet+Wx+Hol
Yo-Chi Albert St,QLD,2027-04-19,13117.61,9767.7,16679.62,0.9,13.5972,964.73,151.52,478.69,26.2,,BRIS,CORE Cluster,Prophet+Wx+Hol
Yo-Chi Albert St,QLD,2027-04-20,13459.95,10094.93,16956.88,0.9,13.5972,989.91,146.78,604.03,26.9,,BRIS,CORE Cluster,Prophet+Wx+Hol
Yo-Chi Albert St,QLD,2027-04-21,13594.24,10111.9,17174.73,0.9,13.5972,999.78,154.24,778.82,25.8,,BRIS,CORE Cluster,Prophet+Wx+Hol
Yo-Chi Albert St,QLD,2027-04-22,13274.89,9891.74,16750.83,0.9,13.5972,976.3,171.95,513.41,24.6,,BRIS,CORE Cluster,Prophet+Wx+Hol
Yo-Chi Albert St,QLD,2027-04-23,16440.78,12673.84,20179.65,0.9,13.5972,1209.13,241.06,713.63,24.4,,BRIS,CORE Cluster,Prophet+Wx+Hol
Yo-Chi Albert St,QLD,2027-04-24,17361.68,13696.35,21147.28,0.9,13.5972,1276.86,266.38,680.06,24.2,,BRIS,CORE Cluster,Prophet+Wx+Hol
Yo-Chi Albert St,QLD,2027-04-25,15130.62,11537.51,18629.74,0.9,13.5972,1112.78,255.36,1008.08,23.0,,BRIS,CORE Cluster,Prophet+Wx+Hol
Yo-Chi Albert St,QLD,2027-04-26,15004.75,11578.56,18502.33,0.9,13.5972,1103.52,156.6,628.39,22.9,ANZAC Day,BRIS,CORE Cluster,Prophet+Wx+Hol
Yo-Chi Albert St,QLD,2027-04-27,12363.66,9079.57,15840.93,0.9,13.5972,909.28,183.77,751.28,24.1,,BRIS,CORE Cluster,Prophet+Wx+Hol
Yo-Chi Albert St,QLD,2027-04-28,12339.29,8928.81,15650.22,0.9,13.5972,907.49,302.01,991.73,24.2,,BRIS,CORE Cluster,Prophet+Wx+Hol
Yo-Chi Albert St,QLD,2027-04-29,12469.73,9048.14,16185.03,0.9,13.5972,917.08,328.22,757.58,24.5,,BRIS,CORE Cluster,Prophet+Wx+Hol
Yo-Chi Albert St,QLD,2027-04-30,15730.45,11953.5,19407.0,0.9,13.5972,1156.89,399.1,970.03,24.3,,BRIS,CORE Cluster,Prophet+Wx+Hol
Yo-Chi Albert St,QLD,2027-05-01,16560.39,12569.46,20444.26,0.9,13.5972,1217.93,420.92,932.8,23.2,,BRIS,CORE Cluster,Prophet+Wx+Hol
Yo-Chi Albert St,QLD,2027-05-02,14702.9,11065.66,18359.48,0.9,13.5972,1081.32,410.12,1272.74,23.2,,BRIS,CORE Cluster,Prophet+Wx+Hol
Yo-Chi Albert St,QLD,2027-05-03,17870.9,14168.66,21743.73,0.9,13.5972,1314.31,412.55,882.47,23.9,Labour Day,BRIS,CORE Cluster,Prophet+Wx+Hol
Yo-Chi Albert St,QLD,2027-05-04,11070.12,7913.1,14380.96,0.9,13.5972,814.15,436.45,1023.22,24.4,,BRIS,CORE Cluster,Prophet+Wx+Hol
Yo-Chi Albert St,QLD,2027-05-05,12088.79,8677.87,15366.86,0.9,13.5972,889.07,431.95,1208.63,23.7,,BRIS,CORE Cluster,Prophet+Wx+Hol
Yo-Chi Albert St,QLD,2027-05-06,12359.17,8673.29,15980.8,0.9,13.5972,908.95,447.25,949.98,24.3,,BRIS,CORE Cluster,Prophet+Wx+Hol
Yo-Chi Albert St,QLD,2027-05-07,15760.65,12195.49,19524.78,0.9,13.5972,1159.11,506.1,1136.32,24.3,,BRIS,CORE Cluster,Prophet+Wx+Hol
Yo-Chi Albert St,QLD,2027-05-08,16732.85,12770.66,20600.21,0.9,13.5972,1230.61,514.3,1068.36,23.4,,BRIS,CORE Cluster,Prophet+Wx+Hol
Yo-Chi Albert St,QLD,2027-05-09,14801.48,10966.45,18511.47,0.9,13.5972,1088.57,485.79,1368.15,22.8,,BRIS,CORE Cluster,Prophet+Wx+Hol
Yo-Chi Albert St,QLD,2027-05-10,11463.68,8087.57,14889.18,0.9,13.5972,843.09,494.31,945.24,24.1,,BRIS,CORE Cluster,Prophet+Wx+Hol
Yo-Chi Albert St,QLD,2027-05-11,11672.05,8439.49,14946.87,0.9,13.5972,858.42,467.54,1033.25,23.2,,BRIS,CORE Cluster,Prophet+Wx+Hol
Yo-Chi Albert St,QLD,2027-05-12,12173.29,8687.09,15587.65,0.9,13.5972,895.28,456.46,1182.9,22.7,,BRIS,CORE Cluster,Prophet+Wx+Hol
Yo-Chi Albert St,QLD,2027-05-13,12473.73,8752.24,16018.4,0.9,13.5972,917.38,456.09,886.51,23.2,,BRIS,CORE Cluster,Prophet+Wx+Hol
Yo-Chi Albert St,QLD,2027-05-14,15842.68,12301.79,19639.31,0.9,13.5972,1165.14,499.78,1037.91,23.1,,BRIS,CORE Cluster,Prophet+Wx+Hol
Yo-Chi Albert St,QLD,2027-05-15,17090.55,13116.29,20943.97,0.9,13.5972,1256.92,498.07,951.0,23.3,,BRIS,CORE Cluster,Prophet+Wx+Hol
Yo-Chi Albert St,QLD,2027-05-16,14949.56,11361.13,18469.06,0.9,13.5972,1099.46,454.27,1217.79,21.9,,BRIS,CORE Cluster,Prophet+Wx+Hol
Yo-Chi Albert St,QLD,2027-05-17,11467.91,8189.33,14998.7,0.9,13.5972,843.4,450.66,766.25,22.7,,BRIS,CORE Cluster,Prophet+Wx+Hol
Yo-Chi Albert St,QLD,2027-05-18,11918.27,8355.32,15330.97,0.9,13.5972,876.52,418.95,851.51,22.9,,BRIS,CORE Cluster,Prophet+Wx+Hol
Yo-Chi Albert St,QLD,2027-05-19,12210.62,8741.63,15596.66,0.9,13.5972,898.03,399.04,985.81,21.7,,BRIS,CORE Cluster,Prophet+Wx+Hol
Yo-Chi Albert St,QLD,2027-05-20,12305.48,8597.52,15643.88,0.9,13.5972,905.0,392.32,678.66,21.5,,BRIS,CORE Cluster,Prophet+Wx+Hol
Yo-Chi Albert St,QLD,2027-05-21,15550.69,11946.17,19420.45,0.9,13.5972,1143.67,433.53,832.44,21.0,,BRIS,CORE Cluster,Prophet+Wx+Hol
Yo-Chi Albert St,QLD,2027-05-22,16675.15,12712.33,20517.59,0.9,13.5972,1226.37,431.28,753.65,20.9,,BRIS,CORE Cluster,Prophet+Wx+Hol
Yo-Chi Albert St,QLD,2027-05-23,14819.18,10919.89,18450.3,0.9,13.5972,1089.87,394.53,1055.29,20.9,,BRIS,CORE Cluster,Prophet+Wx+Hol
Yo-Chi Albert St,QLD,2027-05-24,11490.67,7801.39,14814.59,0.9,13.5972,845.08,398.49,635.13,22.6,,BRIS,CORE Cluster,Prophet+Wx+Hol
Yo-Chi Albert St,QLD,2027-05-25,11912.22,8655.99,15398.61,0.9,13.5972,876.08,373.29,752.57,22.8,,BRIS,CORE Cluster,Prophet+Wx+Hol
Yo-Chi Albert St,QLD,2027-05-26,12652.48,8873.97,16065.52,0.9,13.5972,930.52,368.18,945.24,23.7,,BRIS,CORE Cluster,Prophet+Wx+Hol
Yo-Chi Albert St,QLD,2027-05-27,12750.02,9132.71,16281.98,0.9,13.5972,937.7,371.23,678.57,23.7,,BRIS,CORE Cluster,Prophet+Wx+Hol
Yo-Chi Albert St,QLD,2027-05-28,15718.5,11755.89,19490.88,0.9,13.5972,1156.01,419.39,866.27,22.1,,BRIS,CORE Cluster,Prophet+Wx+Hol
Yo-Chi Albert St,QLD,2027-05-29,16618.64,12502.8,20407.08,0.9,13.5972,1222.21,424.83,824.46,21.2,,BRIS,CORE Cluster,Prophet+Wx+Hol
Yo-Chi Albert St,QLD,2027-05-30,14610.61,10861.63,18074.29,0.9,13.5972,1074.53,396.47,1169.4,20.6,,BRIS,CORE Cluster,Prophet+Wx+Hol
Yo-Chi Albert St,QLD,2027-05-31,10982.62,7704.24,14447.75,0.9,13.5972,807.71,406.6,781.69,21.0,,BRIS,CORE Cluster,Prophet+Wx+Hol
Yo-Chi Albert St,QLD,2027-06-01,11662.98,8109.77,14899.02,0.9,13.5972,857.75,394.36,957.64,22.4,,BRIS,CORE Cluster,Prophet+Wx+Hol
Yo-Chi Albert St,QLD,2027-06-02,11899.33,8384.29,15168.38,0.9,13.5972,875.13,390.28,1173.03,21.0,,BRIS,CORE Cluster,Prophet+Wx+Hol
Yo-Chi Albert St,QLD,2027-06-03,11964.03,8267.68,15401.82,0.9,13.5972,879.89,399.53,943.51,20.8,,BRIS,CORE Cluster,Prophet+Wx+Hol
Yo-Chi Albert St,QLD,2027-06-04,15322.18,11316.21,19305.25,0.9,13.5972,1126.86,458.38,1184.73,20.8,,BRIS,CORE Cluster,Prophet+Wx+Hol
Yo-Chi Albert St,QLD,2027-06-05,16426.13,12424.81,20277.59,0.9,13.5972,1208.05,469.4,1181.32,20.5,,BRIS,CORE Cluster,Prophet+Wx+Hol
Yo-Chi Albert St,QLD,2027-06-06,14702.98,10890.12,18620.4,0.9,13.5972,1081.33,445.19,1564.03,20.9,,BRIS,CORE Cluster,Prophet+Wx+Hol
Yo-Chi Albert St,QLD,2027-06-07,10885.8,7329.04,14358.2,0.9,13.5972,800.59,450.62,1181.92,20.3,,BRIS,CORE Cluster,Prophet+Wx+Hol
Yo-Chi Albert St,QLD,2027-06-08,11390.55,7876.3,14711.11,0.9,13.5972,837.71,431.18,1359.54,20.7,,BRIS,CORE Cluster,Prophet+Wx+Hol
Yo-Chi Albert St,QLD,2027-06-09,11787.59,8277.16,15364.08,0.9,13.5972,866.91,422.37,1583.79,19.7,,BRIS,CORE Cluster,Prophet+Wx+Hol
Yo-Chi Albert St,QLD,2027-06-10,11960.06,8368.4,15496.49,0.9,13.5972,879.6,423.95,1350.27,19.6,,BRIS,CORE Cluster,Prophet+Wx+Hol
Yo-Chi Albert St,QLD,2027-06-11,15505.74,11388.74,19469.07,0.9,13.5972,1140.36,474.57,1585.65,20.0,,BRIS,CORE Cluster,Prophet+Wx+Hol
Yo-Chi Albert St,QLD,2027-06-12,16880.49,12703.1,21122.29,0.9,13.5972,1241.47,476.33,1571.08,20.6,,BRIS,CORE Cluster,Prophet+Wx+Hol
Yo-Chi Albert St,QLD,2027-06-13,15160.14,11181.86,19039.34,0.9,13.5972,1114.95,437.24,1925.7,20.6,,BRIS,CORE Cluster,Prophet+Wx+Hol
Yo-Chi Albert St,QLD,2027-06-14,11772.01,8146.32,15226.2,0.9,13.5972,865.77,433.09,1523.53,21.5,,BRIS,CORE Cluster,Prophet+Wx+Hol
Yo-Chi Albert St,QLD,2027-06-15,12232.7,8684.4,16100.14,0.9,13.5972,899.65,396.33,1657.18,21.3,,BRIS,CORE Cluster,Prophet+Wx+Hol
Yo-Chi Albert St,QLD,2027-06-16,12947.86,9371.8,16326.27,0.9,13.5972,952.25,375.33,1848.82,21.3,,BRIS,CORE Cluster,Prophet+Wx+Hol
Yo-Chi Albert St,QLD,2027-06-17,13045.31,9283.64,16882.81,0.9,13.5972,959.41,359.44,1558.58,20.6,,BRIS,CORE Cluster,Prophet+Wx+Hol
Yo-Chi Albert St,QLD,2027-06-18,16620.59,12434.6,20633.63,0.9,13.5972,1222.36,395.29,1741.51,20.8,,BRIS,CORE Cluster,Prophet+Wx+Hol
Yo-Chi Albert St,QLD,2027-06-19,17829.87,13367.81,22136.08,0.9,13.5972,1311.29,380.4,1662.63,20.4,,BRIS,CORE Cluster,Prophet+Wx+Hol
Yo-Chi Albert St,QLD,2027-06-20,16174.65,12113.71,20228.46,0.9,13.5972,1189.56,329.52,1964.72,20.5,,BRIS,CORE Cluster,Prophet+Wx+Hol
Yo-Chi Albert St,QLD,2027-06-21,12798.09,9239.0,16704.07,0.9,13.5972,941.23,315.37,1504.01,21.2,,BRIS,CORE Cluster,Prophet+Wx+Hol
Yo-Chi Albert St,QLD,2027-06-22,13253.62,9757.08,16947.85,0.9,13.5972,974.73,270.79,1582.99,20.8,,BRIS,CORE Cluster,Prophet+Wx+Hol
Yo-Chi Albert St,QLD,2027-06-23,14025.67,10317.19,17936.17,0.9,13.5972,1031.51,246.06,1725.88,21.0,,BRIS,CORE Cluster,Prophet+Wx+Hol
Yo-Chi Albert St,QLD,2027-06-24,14462.47,10683.66,18226.33,0.9,13.5972,1063.64,233.97,1400.72,21.7,,BRIS,CORE Cluster,Prophet+Wx+Hol
Yo-Chi Albert St,QLD,2027-06-25,17973.04,13438.71,22516.72,0.9,13.5972,1321.82,271.71,1537.98,21.7,,BRIS,CORE Cluster,Prophet+Wx+Hol
Yo-Chi Albert St,QLD,2027-06-26,19098.86,14742.7,23612.42,0.9,13.5972,1404.62,261.74,1416.78,21.0,,BRIS,CORE Cluster,Prophet+Wx+Hol
Yo-Chi Albert St,QLD,2027-06-27,17539.35,13364.98,21796.25,0.9,13.5972,1289.92,221.87,1693.04,21.6,,BRIS,CORE Cluster,Prophet+Wx+Hol
Yo-Chi Albert St,QLD,2027-06-28,13699.49,9896.11,17403.04,0.9,13.5972,1007.52,214.57,1183.97,20.6,,BRIS,CORE Cluster,Prophet+Wx+Hol
Yo-Chi Albert St,QLD,2027-06-29,14096.53,10277.16,17803.39,0.9,13.5972,1036.72,186.03,1242.79,20.2,,BRIS,CORE Cluster,Prophet+Wx+Hol
Yo-Chi Albert St,QLD,2027-06-30,14781.95,10625.43,18552.42,0.9,13.5972,1087.13,180.4,1371.9,20.3,,BRIS,CORE Cluster,Prophet+Wx+Hol
Yo-Chi Albert St,QLD,2027-07-01,14781.95,10625.43,18552.42,0.9,13.5972,1087.13,180.4,1371.9,,,BRIS,CORE Cluster,Prophet+Wx+Hol
Yo-Chi Balaclava,VIC,2026-05-02,6134.54,2391.61,9913.09,0.95,13.8535,442.82,103.66,722.86,24.5,,MEL,Non CORE-Cluster,Prophet+Wx+Hol
Yo-Chi Balaclava,VIC,2026-05-03,6023.22,2063.38,9928.36,0.95,13.8535,434.78,101.94,822.64,21.1,,MEL,Non CORE-Cluster,Prophet+Wx+Hol
Yo-Chi Balaclava,VIC,2026-05-04,3841.81,0.0,7697.58,0.95,13.8535,277.32,101.4,581.93,19.0,,MEL,Non CORE-Cluster,Prophet+Wx+Hol
Yo-Chi Balaclava,VIC,2026-05-05,4165.8,581.71,7907.52,0.95,13.8535,300.7,91.01,583.6,17.4,,MEL,Non CORE-Cluster,Prophet+Wx+Hol
Yo-Chi Balaclava,VIC,2026-05-06,4683.86,716.46,8495.18,0.95,13.8535,338.1,113.78,716.42,19.3,,MEL,Non CORE-Cluster,Prophet+Wx+Hol
Yo-Chi Balaclava,VIC,2026-05-07,3742.05,0.0,7976.51,0.95,13.8535,270.12,104.24,548.62,13.0,,MEL,Non CORE-Cluster,Prophet+Wx+Hol
Yo-Chi Balaclava,VIC,2026-05-08,4877.49,1146.0,8745.5,0.95,13.8535,352.08,122.17,610.27,16.3,,MEL,Non CORE-Cluster,Prophet+Wx+Hol
Yo-Chi Balaclava,VIC,2026-05-09,4984.33,1161.16,8679.13,0.95,13.8535,359.79,129.59,662.16,16.1,,MEL,Non CORE-Cluster,Prophet+Wx+Hol
Yo-Chi Balaclava,VIC,2026-05-10,5485.13,1788.49,9200.53,0.95,13.8535,395.94,127.94,775.38,16.5,,MEL,Non CORE-Cluster,Prophet+Wx+Hol
Yo-Chi Balaclava,VIC,2026-05-11,3814.8,113.12,7651.72,0.95,13.8535,275.37,126.86,539.22,17.6,,MEL,Non CORE-Cluster,Prophet+Wx+Hol
Yo-Chi Balaclava,VIC,2026-05-12,4810.53,872.72,8482.73,0.95,13.8535,347.24,116.39,558.98,20.2,,MEL,Non CORE-Cluster,Prophet+Wx+Hol
Yo-Chi Balaclava,VIC,2026-05-13,4513.0,659.43,8097.76,0.95,13.8535,325.77,132.75,620.18,17.2,,MEL,Non CORE-Cluster,Prophet+Wx+Hol
Yo-Chi Balaclava,VIC,2026-05-14,4402.0,243.98,7924.7,0.95,13.8535,317.75,123.82,482.82,16.1,,MEL,Non CORE-Cluster,Prophet+Wx+Hol
Yo-Chi Balaclava,VIC,2026-05-15,5026.13,1279.92,8916.33,0.95,13.8535,362.81,136.69,496.0,16.4,,MEL,Non CORE-Cluster,Prophet+Wx+Hol
Yo-Chi Balaclava,VIC,2026-05-16,5047.86,1026.72,8864.62,0.95,13.8535,364.37,140.94,529.06,15.8,,MEL,Non CORE-Cluster,Prophet+Wx+Hol
Yo-Chi Balaclava,VIC,2026-05-17,5272.95,1252.5,9238.26,0.95,13.8535,380.62,135.27,615.56,14.6,,MEL,Non CORE-Cluster,Prophet+Wx+Hol
Yo-Chi Balaclava,VIC,2026-05-18,3378.78,0.0,7131.51,0.95,13.8535,243.89,130.58,356.3,14.5,,MEL,Non CORE-Cluster,Prophet+Wx+Hol
Yo-Chi Balaclava,VIC,2026-05-19,4051.03,480.88,8063.38,0.95,13.8535,292.42,116.12,353.03,15.2,,MEL,Non CORE-Cluster,Prophet+Wx+Hol
Yo-Chi Balaclava,VIC,2026-05-20,4225.55,513.96,8087.69,0.95,13.8535,305.02,132.79,445.68,15.2,,MEL,Non CORE-Cluster,Prophet+Wx+Hol
Yo-Chi Balaclava,VIC,2026-05-21,4077.08,539.72,7981.3,0.95,13.8535,294.3,121.67,309.86,14.0,,MEL,Non CORE-Cluster,Prophet+Wx+Hol
Yo-Chi Balaclava,VIC,2026-05-22,4769.38,840.06,8457.25,0.95,13.8535,344.27,133.4,336.63,14.8,,MEL,Non CORE-Cluster,Prophet+Wx+Hol
Yo-Chi Balaclava,VIC,2026-05-23,5030.52,1266.68,8651.85,0.95,13.8535,363.12,137.41,398.07,15.7,,MEL,Non CORE-Cluster,Prophet+Wx+Hol
Yo-Chi Balaclava,VIC,2026-05-24,5544.17,1685.72,9329.7,0.95,13.8535,400.2,131.78,520.11,16.3,,MEL,Non CORE-Cluster,Prophet+Wx+Hol
Yo-Chi Balaclava,VIC,2026-05-25,3704.93,0.0,7352.78,0.95,13.8535,267.44,126.26,281.53,16.6,,MEL,Non CORE-Cluster,Prophet+Wx+Hol
Yo-Chi Balaclava,VIC,2026-05-26,4139.01,104.86,7959.34,0.95,13.8535,298.77,109.59,285.49,15.8,,MEL,Non CORE-Cluster,Prophet+Wx+Hol
Yo-Chi Balaclava,VIC,2026-05-27,4211.96,466.67,7902.1,0.95,13.8535,304.04,125.23,397.16,15.2,,MEL,Non CORE-Cluster,Prophet+Wx+Hol
Yo-Chi Balaclava,VIC,2026-05-28,4237.22,342.54,8027.52,0.95,13.8535,305.86,114.05,297.43,15.0,,MEL,Non CORE-Cluster,Prophet+Wx+Hol
Yo-Chi Balaclava,VIC,2026-05-29,4886.17,911.03,8932.06,0.95,13.8535,352.7,125.05,349.15,15.5,,MEL,Non CORE-Cluster,Prophet+Wx+Hol
Yo-Chi Balaclava,VIC,2026-05-30,4970.94,1046.2,9045.32,0.95,13.8535,358.82,127.57,427.92,15.2,,MEL,Non CORE-Cluster,Prophet+Wx+Hol
Yo-Chi Balaclava,VIC,2026-05-31,5327.33,1492.32,9011.76,0.95,13.8535,384.55,120.34,568.95,14.9,,MEL,Non CORE-Cluster,Prophet+Wx+Hol
Yo-Chi Balaclava,VIC,2026-06-01,3157.72,0.0,6575.3,0.9,13.8535,227.94,107.17,327.25,14.0,,MEL,Non CORE-Cluster,Prophet+Wx+Hol
Yo-Chi Balaclava,VIC,2026-06-02,3818.54,35.38,7481.72,0.9,13.8535,275.64,91.39,371.55,14.8,,MEL,Non CORE-Cluster,Prophet+Wx+Hol
Yo-Chi Balaclava,VIC,2026-06-03,3798.57,207.58,7388.53,0.9,13.8535,274.2,104.91,495.41,13.5,,MEL,Non CORE-Cluster,Prophet+Wx+Hol
Yo-Chi Balaclava,VIC,2026-06-04,3899.46,642.69,7466.43,0.9,13.8535,281.48,93.3,425.51,13.6,,MEL,Non CORE-Cluster,Prophet+Wx+Hol
Yo-Chi Balaclava,VIC,2026-06-05,4548.05,797.97,8330.13,0.9,13.8535,328.3,102.63,494.95,14.2,,MEL,Non CORE-Cluster,Prophet+Wx+Hol
Yo-Chi Balaclava,VIC,2026-06-06,4649.37,972.39,7979.7,0.9,13.8535,335.61,103.61,586.32,14.0,,MEL,Non CORE-Cluster,Prophet+Wx+Hol
Yo-Chi Balaclava,VIC,2026-06-07,5077.23,1455.66,8704.59,0.9,13.8535,366.5,95.42,738.27,14.0,,MEL,Non CORE-Cluster,Prophet+Wx+Hol
Yo-Chi Balaclava,VIC,2026-06-08,4417.01,539.36,7845.29,0.9,13.8535,318.84,88.18,524.55,12.6,King's Birthday,MEL,Non CORE-Cluster,Prophet+Wx+Hol
Yo-Chi Balaclava,VIC,2026-06-09,3076.59,0.0,6703.44,0.9,13.8535,222.08,76.6,566.42,12.5,,MEL,Non CORE-Cluster,Prophet+Wx+Hol
Yo-Chi Balaclava,VIC,2026-06-10,4082.05,496.02,7881.04,0.9,13.8535,294.66,81.91,722.02,13.9,,MEL,Non CORE-Cluster,Prophet+Wx+Hol
Yo-Chi Balaclava,VIC,2026-06-11,4181.88,455.07,7894.17,0.9,13.8535,301.86,68.29,647.45,14.0,,MEL,Non CORE-Cluster,Prophet+Wx+Hol
Yo-Chi Balaclava,VIC,2026-06-12,4646.43,1058.15,8294.86,0.9,13.8535,335.4,75.1,697.84,13.3,,MEL,Non CORE-Cluster,Prophet+Wx+Hol
Yo-Chi Balaclava,VIC,2026-06-13,4710.26,1093.06,8436.05,0.9,13.8535,340.01,74.3,776.25,12.8,,MEL,Non CORE-Cluster,Prophet+Wx+Hol
Yo-Chi Balaclava,VIC,2026-06-14,5241.81,1551.71,8572.21,0.9,13.8535,378.38,65.12,921.63,13.4,,MEL,Non CORE-Cluster,Prophet+Wx+Hol
Yo-Chi Balaclava,VIC,2026-06-15,3593.58,0.0,7060.91,0.9,13.8535,259.4,56.37,711.63,14.0,,MEL,Non CORE-Cluster,Prophet+Wx+Hol
Yo-Chi Balaclava,VIC,2026-06-16,4189.25,581.01,7704.78,0.9,13.8535,302.4,37.21,736.01,14.3,,MEL,Non CORE-Cluster,Prophet+Wx+Hol
Yo-Chi Balaclava,VIC,2026-06-17,4204.36,604.78,7925.85,0.9,13.8535,303.49,49.06,841.83,13.1,,MEL,Non CORE-Cluster,Prophet+Wx+Hol
Yo-Chi Balaclava,VIC,2026-06-18,4308.77,624.86,7878.41,0.9,13.8535,311.02,35.43,742.66,13.2,,MEL,Non CORE-Cluster,Prophet+Wx+Hol
Yo-Chi Balaclava,VIC,2026-06-19,4882.68,1263.81,8466.9,0.9,13.8535,352.45,43.57,775.26,13.3,,MEL,Non CORE-Cluster,Prophet+Wx+Hol
Yo-Chi Balaclava,VIC,2026-06-20,5104.04,1829.47,8917.44,0.9,13.8535,368.43,44.8,838.69,13.9,,MEL,Non CORE-Cluster,Prophet+Wx+Hol
Yo-Chi Balaclava,VIC,2026-06-21,5326.03,1782.32,8586.31,0.9,13.8535,384.45,35.84,938.96,12.7,,MEL,Non CORE-Cluster,Prophet+Wx+Hol
Yo-Chi Balaclava,VIC,2026-06-22,3741.55,0.0,7380.42,0.9,13.8535,270.08,29.77,705.58,13.8,,MEL,Non CORE-Cluster,Prophet+Wx+Hol
Yo-Chi Balaclava,VIC,2026-06-23,4316.01,660.13,8215.64,0.9,13.8535,311.55,13.36,704.09,14.1,,MEL,Non CORE-Cluster,Prophet+Wx+Hol
Yo-Chi Balaclava,VIC,2026-06-24,4508.72,850.15,8081.09,0.9,13.8535,325.46,29.97,799.35,14.2,,MEL,Non CORE-Cluster,Prophet+Wx+Hol
Yo-Chi Balaclava,VIC,2026-06-25,4376.5,948.09,8017.33,0.9,13.8535,315.91,19.29,662.35,13.0,,MEL,Non CORE-Cluster,Prophet+Wx+Hol
Yo-Chi Balaclava,VIC,2026-06-26,4879.96,1322.12,8467.57,0.9,13.8535,352.25,32.03,671.57,12.8,,MEL,Non CORE-Cluster,Prophet+Wx+Hol
Yo-Chi Balaclava,VIC,2026-06-27,5050.52,1370.96,8739.75,0.9,13.8535,364.57,38.35,715.84,13.3,,MEL,Non CORE-Cluster,Prophet+Wx+Hol
Yo-Chi Balaclava,VIC,2026-06-28,5406.85,1918.47,9132.81,0.9,13.8535,390.29,35.68,812.45,13.2,,MEL,Non CORE-Cluster,Prophet+Wx+Hol
Yo-Chi Balaclava,VIC,2026-06-29,3618.95,7.84,7076.01,0.9,13.8535,261.23,34.58,553.12,13.2,,MEL,Non CORE-Cluster,Prophet+Wx+Hol
Yo-Chi Balaclava,VIC,2026-06-30,4111.73,495.25,7505.74,0.9,13.8535,296.8,23.83,539.06,13.1,,MEL,Non CORE-Cluster,Prophet+Wx+Hol
Yo-Chi Balaclava,VIC,2026-07-01,4285.55,537.06,8034.42,0.9,13.8535,309.35,46.99,630.05,13.3,,MEL,Non CORE-Cluster,Prophet+Wx+Hol
Yo-Chi Balaclava,VIC,2026-07-02,4110.05,705.03,7775.24,0.9,13.8535,296.68,42.39,488.31,12.0,,MEL,Non CORE-Cluster,Prophet+Wx+Hol
Yo-Chi Balaclava,VIC,2026-07-03,4559.16,1081.48,8143.59,0.9,13.8535,329.1,61.35,496.48,11.6,,MEL,Non CORE-Cluster,Prophet+Wx+Hol
Yo-Chi Balaclava,VIC,2026-07-04,4752.32,1026.74,8286.26,0.9,13.8535,343.04,73.98,548.09,12.4,,MEL,Non CORE-Cluster,Prophet+Wx+Hol
Yo-Chi Balaclava,VIC,2026-07-05,5213.7,1604.39,8979.12,0.9,13.8535,376.35,77.57,660.73,13.1,,MEL,Non CORE-Cluster,Prophet+Wx+Hol
Yo-Chi Balaclava,VIC,2026-07-06,3433.05,0.0,7250.43,0.9,13.8535,247.81,81.81,410.13,13.3,,MEL,Non CORE-Cluster,Prophet+Wx+Hol
Yo-Chi Balaclava,VIC,2026-07-07,3959.5,428.61,7917.67,0.9,13.8535,285.81,75.86,410.79,13.5,,MEL,Non CORE-Cluster,Prophet+Wx+Hol
Yo-Chi Balaclava,VIC,2026-07-08,4056.83,584.87,7794.18,0.9,13.8535,292.84,103.05,511.72,13.3,,MEL,Non CORE-Cluster,Prophet+Wx+Hol
Yo-Chi Balaclava,VIC,2026-07-09,3991.27,445.9,7663.98,0.9,13.8535,288.11,102.31,391.57,12.8,,MEL,Non CORE-Cluster,Prophet+Wx+Hol
Yo-Chi Balaclava,VIC,2026-07-10,4633.8,911.54,8255.42,0.9,13.8535,334.49,125.08,429.11,13.7,,MEL,Non CORE-Cluster,Prophet+Wx+Hol
Yo-Chi Balaclava,VIC,2026-07-11,4711.97,1224.4,8465.33,0.9,13.8535,340.13,138.99,490.06,13.7,,MEL,Non CORE-Cluster,Prophet+Wx+Hol
Yo-Chi Balaclava,VIC,2026-07-12,5110.86,1458.16,8625.16,0.9,13.8535,368.92,143.11,616.01,14.0,,MEL,Non CORE-Cluster,Prophet+Wx+Hol
Yo-Chi Balaclava,VIC,2026-07-13,3224.62,0.0,6963.13,0.9,13.8535,232.77,146.74,372.05,13.4,,MEL,Non CORE-Cluster,Prophet+Wx+Hol
Yo-Chi Balaclava,VIC,2026-07-14,3550.9,0.0,6951.13,0.9,13.8535,256.32,138.65,374.24,12.3,,MEL,Non CORE-Cluster,Prophet+Wx+Hol
Yo-Chi Balaclava,VIC,2026-07-15,3799.13,283.35,7524.2,0.9,13.8535,274.24,165.03,500.02,13.0,,MEL,Non CORE-Cluster,Prophet+Wx+Hol
Yo-Chi Balaclava,VIC,2026-07-16,3802.21,155.47,7300.91,0.9,13.8535,274.46,161.85,395.62,12.8,,MEL,Non CORE-Cluster,Prophet+Wx+Hol
Yo-Chi Balaclava,VIC,2026-07-17,4405.08,830.69,8020.29,0.9,13.8535,317.98,181.12,441.07,13.4,,MEL,Non CORE-Cluster,Prophet+Wx+Hol
Yo-Chi Balaclava,VIC,2026-07-18,4327.16,743.55,8040.8,0.9,13.8535,312.35,190.09,500.15,12.3,,MEL,Non CORE-Cluster,Prophet+Wx+Hol
Yo-Chi Balaclava,VIC,2026-07-19,4744.52,948.84,8489.24,0.9,13.8535,342.48,189.41,634.42,12.5,,MEL,Non CORE-Cluster,Prophet+Wx+Hol
Yo-Chi Balaclava,VIC,2026-07-20,2831.64,0.0,6474.51,0.9,13.8535,204.4,187.47,390.19,11.7,,MEL,Non CORE-Cluster,Prophet+Wx+Hol
Yo-Chi Balaclava,VIC,2026-07-21,3596.44,0.0,6990.23,0.9,13.8535,259.61,175.66,423.67,13.2,,MEL,Non CORE-Cluster,Prophet+Wx+Hol
Yo-Chi Balaclava,VIC,2026-07-22,3904.77,87.08,7481.39,0.9,13.8535,281.86,196.5,553.81,14.2,,MEL,Non CORE-Cluster,Prophet+Wx+Hol
Yo-Chi Balaclava,VIC,2026-07-23,3689.62,141.2,7051.64,0.9,13.8535,266.33,185.77,430.62,12.4,,MEL,Non CORE-Cluster,Prophet+Wx+Hol
Yo-Chi Balaclava,VIC,2026-07-24,4481.31,1070.88,8220.43,0.9,13.8535,323.48,199.86,484.49,14.0,,MEL,Non CORE-Cluster,Prophet+Wx+Hol
Yo-Chi Balaclava,VIC,2026-07-25,4361.96,817.75,8053.48,0.9,13.8535,314.86,202.4,534.66,12.5,,MEL,Non CORE-Cluster,Prophet+Wx+Hol
Yo-Chi Balaclava,VIC,2026-07-26,4875.94,1081.95,8454.69,0.9,13.8535,351.97,196.09,668.75,13.2,,MEL,Non CORE-Cluster,Prophet+Wx+Hol
Yo-Chi Balaclava,VIC,2026-07-27,3251.35,0.0,6692.58,0.9,13.8535,234.7,189.83,433.15,14.1,,MEL,Non CORE-Cluster,Prophet+Wx+Hol
Yo-Chi Balaclava,VIC,2026-07-28,3763.79,100.8,7736.06,0.9,13.8535,271.69,171.14,439.81,14.0,,MEL,Non CORE-Cluster,Prophet+Wx+Hol
Yo-Chi Balaclava,VIC,2026-07-29,3884.49,226.98,7927.47,0.9,13.8535,280.4,186.37,548.07,13.5,,MEL,Non CORE-Cluster,Prophet+Wx+Hol
Yo-Chi Balaclava,VIC,2026-07-30,3907.09,391.99,7471.77,0.9,13.8535,282.03,172.45,430.16,13.2,,MEL,Non CORE-Cluster,Prophet+Wx+Hol
Yo-Chi Balaclava,VIC,2026-07-31,4541.88,882.19,8061.52,0.9,13.8535,327.85,182.23,464.08,13.8,,MEL,Non CORE-Cluster,Prophet+Wx+Hol
Yo-Chi Balaclava,VIC,2026-08-01,4677.7,946.58,8269.6,0.9,13.8535,337.66,183.18,523.58,13.8,,MEL,Non CORE-Cluster,Prophet+Wx+Hol
Yo-Chi Balaclava,VIC,2026-08-02,5201.42,1388.16,8643.22,0.9,13.8535,375.46,174.57,651.95,14.6,,MEL,Non CORE-Cluster,Prophet+Wx+Hol
Yo-Chi Balaclava,VIC,2026-08-03,3562.63,0.0,7240.41,0.9,13.8535,257.17,166.6,407.32,15.4,,MEL,Non CORE-Cluster,Prophet+Wx+Hol
Yo-Chi Balaclava,VIC,2026-08-04,3959.83,539.53,7650.35,0.9,13.8535,285.84,146.21,401.84,14.5,,MEL,Non CORE-Cluster,Prophet+Wx+Hol
Yo-Chi Balaclava,VIC,2026-08-05,3975.03,331.76,7574.14,0.9,13.8535,286.93,160.87,501.54,13.5,,MEL,Non CORE-Cluster,Prophet+Wx+Hol
Yo-Chi Balaclava,VIC,2026-08-06,4018.05,435.65,7732.2,0.9,13.8535,290.04,147.32,384.1,13.3,,MEL,Non CORE-Cluster,Prophet+Wx+Hol
Yo-Chi Balaclava,VIC,2026-08-07,4577.68,920.91,8142.47,0.9,13.8535,330.44,157.8,415.52,13.4,,MEL,Non CORE-Cluster,Prophet+Wx+Hol
Yo-Chi Balaclava,VIC,2026-08-08,4713.1,845.28,8244.6,0.9,13.8535,340.21,160.22,480.35,13.6,,MEL,Non CORE-Cluster,Prophet+Wx+Hol
Yo-Chi Balaclava,VIC,2026-08-09,5241.94,1616.77,8866.97,0.9,13.8535,378.38,153.38,617.45,14.5,,MEL,Non CORE-Cluster,Prophet+Wx+Hol
Yo-Chi Balaclava,VIC,2026-08-10,3518.63,0.0,6924.01,0.9,13.8535,253.99,147.02,374.46,14.8,,MEL,Non CORE-Cluster,Prophet+Wx+Hol
Yo-Chi Balaclava,VIC,2026-08-11,4190.91,766.63,8010.53,0.9,13.8535,302.52,130.21,400.02,15.8,,MEL,Non CORE-Cluster,Prophet+Wx+Hol
Yo-Chi Balaclava,VIC,2026-08-12,4268.72,458.32,7763.5,0.9,13.8535,308.13,147.86,518.83,15.3,,MEL,Non CORE-Cluster,Prophet+Wx+Hol
Yo-Chi Balaclava,VIC,2026-08-13,4280.98,689.87,7957.53,0.9,13.8535,309.02,136.44,413.89,15.2,,MEL,Non CORE-Cluster,Prophet+Wx+Hol
Yo-Chi Balaclava,VIC,2026-08-14,4905.23,1325.76,8566.95,0.9,13.8535,354.08,149.76,467.2,15.8,,MEL,Non CORE-Cluster,Prophet+Wx+Hol
Yo-Chi Balaclava,VIC,2026-08-15,4945.84,1201.36,8451.77,0.9,13.8535,357.01,153.88,544.11,15.5,,MEL,Non CORE-Cluster,Prophet+Wx+Hol
Yo-Chi Balaclava,VIC,2026-08-16,4999.22,1468.15,8520.77,0.9,13.8535,360.86,146.29,667.8,13.4,,MEL,Non CORE-Cluster,Prophet+Wx+Hol
Yo-Chi Balaclava,VIC,2026-08-17,3175.69,0.0,6644.96,0.9,13.8535,229.23,140.88,434.82,13.2,,MEL,Non CORE-Cluster,Prophet+Wx+Hol
Yo-Chi Balaclava,VIC,2026-08-18,3736.93,76.34,7469.09,0.9,13.8535,269.75,124.45,471.73,13.6,,MEL,Non CORE-Cluster,Prophet+Wx+Hol
Yo-Chi Balaclava,VIC,2026-08-19,4087.7,457.61,7697.88,0.9,13.8535,295.07,144.57,629.17,15.0,,MEL,Non CORE-Cluster,Prophet+Wx+Hol
Yo-Chi Balaclava,VIC,2026-08-20,4228.74,609.23,8054.5,0.9,13.8535,305.25,134.02,549.77,15.7,,MEL,Non CORE-Cluster,Prophet+Wx+Hol
Yo-Chi Balaclava,VIC,2026-08-21,4843.12,1553.15,8572.26,0.9,13.8535,349.6,147.3,618.69,16.3,,MEL,Non CORE-Cluster,Prophet+Wx+Hol
Yo-Chi Balaclava,VIC,2026-08-22,4910.8,1215.74,8514.51,0.9,13.8535,354.48,151.0,712.13,16.2,,MEL,Non CORE-Cluster,Prophet+Wx+Hol
Yo-Chi Balaclava,VIC,2026-08-23,4997.5,1419.75,8595.46,0.9,13.8535,360.74,142.45,850.94,14.4,,MEL,Non CORE-Cluster,Prophet+Wx+Hol
Yo-Chi Balaclava,VIC,2026-08-24,3231.63,0.0,6639.32,0.9,13.8535,233.27,135.85,629.23,14.5,,MEL,Non CORE-Cluster,Prophet+Wx+Hol
Yo-Chi Balaclava,VIC,2026-08-25,4001.51,541.22,7696.35,0.9,13.8535,288.85,118.58,687.55,16.2,,MEL,Non CORE-Cluster,Prophet+Wx+Hol
Yo-Chi Balaclava,VIC,2026-08-26,3889.13,37.45,7532.6,0.9,13.8535,280.73,134.3,816.51,14.5,,MEL,Non CORE-Cluster,Prophet+Wx+Hol
Yo-Chi Balaclava,VIC,2026-08-27,4184.5,714.24,7854.56,0.9,13.8535,302.05,122.19,747.35,16.1,,MEL,Non CORE-Cluster,Prophet+Wx+Hol
Yo-Chi Balaclava,VIC,2026-08-28,4820.1,1413.16,8629.1,0.9,13.8535,347.93,133.32,814.93,16.8,,MEL,Non CORE-Cluster,Prophet+Wx+Hol
Yo-Chi Balaclava,VIC,2026-08-29,4829.73,1420.42,8392.72,0.9,13.8535,348.63,134.25,898.22,16.1,,MEL,Non CORE-Cluster,Prophet+Wx+Hol
Yo-Chi Balaclava,VIC,2026-08-30,5201.68,1947.66,8923.38,0.9,13.8535,375.48,124.75,1048.5,16.0,,MEL,Non CORE-Cluster,Prophet+Wx+Hol
Yo-Chi Balaclava,VIC,2026-08-31,3349.5,0.0,6651.6,0.9,13.8535,241.78,115.26,805.48,15.4,,MEL,Non CORE-Cluster,Prophet+Wx+Hol
Yo-Chi Balaclava,VIC,2026-09-01,4030.01,237.75,7539.85,0.9,13.8535,290.9,95.15,841.59,16.3,,MEL,Non CORE-Cluster,Prophet+Wx+Hol
Yo-Chi Balaclava,VIC,2026-09-02,4376.34,748.45,8109.02,0.9,13.8535,315.9,111.77,985.52,17.3,,MEL,Non CORE-Cluster,Prophet+Wx+Hol
Yo-Chi Balaclava,VIC,2026-09-03,4514.88,855.88,8256.12,0.9,13.8535,325.9,97.11,883.04,17.8,,MEL,Non CORE-Cluster,Prophet+Wx+Hol
Yo-Chi Balaclava,VIC,2026-09-04,4730.77,1061.26,8351.81,0.9,13.8535,341.49,104.88,897.41,15.5,,MEL,Non CORE-Cluster,Prophet+Wx+Hol
Yo-Chi Balaclava,VIC,2026-09-05,4750.8,1256.19,8369.5,0.9,13.8535,342.93,105.19,956.86,14.7,,MEL,Non CORE-Cluster,Prophet+Wx+Hol
Yo-Chi Balaclava,VIC,2026-09-06,5761.28,2234.63,9588.5,0.9,13.8535,415.87,98.94,1127.93,18.5,,MEL,Non CORE-Cluster,Prophet+Wx+Hol
Yo-Chi Balaclava,VIC,2026-09-07,4045.35,408.25,7560.73,0.9,13.8535,292.01,90.36,865.52,18.6,,MEL,Non CORE-Cluster,Prophet+Wx+Hol
Yo-Chi Balaclava,VIC,2026-09-08,4362.02,688.54,7870.91,0.9,13.8535,314.87,68.68,848.1,17.0,,MEL,Non CORE-Cluster,Prophet+Wx+Hol
Yo-Chi Balaclava,VIC,2026-09-09,4573.54,907.17,8310.42,0.9,13.8535,330.14,85.91,956.12,17.1,,MEL,Non CORE-Cluster,Prophet+Wx+Hol
Yo-Chi Balaclava,VIC,2026-09-10,4599.42,1091.28,8304.0,0.9,13.8535,332.0,72.06,817.96,16.6,,MEL,Non CORE-Cluster,Prophet+Wx+Hol
Yo-Chi Balaclava,VIC,2026-09-11,5338.2,1941.13,9141.9,0.9,13.8535,385.33,84.89,844.88,17.6,,MEL,Non CORE-Cluster,Prophet+Wx+Hol
Yo-Chi Balaclava,VIC,2026-09-12,5195.77,1711.22,8967.12,0.9,13.8535,375.05,86.61,869.15,15.7,,MEL,Non CORE-Cluster,Prophet+Wx+Hol
Yo-Chi Balaclava,VIC,2026-09-13,5732.14,2126.72,9433.34,0.9,13.8535,413.77,80.18,985.27,16.4,,MEL,Non CORE-Cluster,Prophet+Wx+Hol
Yo-Chi Balaclava,VIC,2026-09-14,4024.46,125.66,7431.93,0.9,13.8535,290.5,74.31,701.79,16.6,,MEL,Non CORE-Cluster,Prophet+Wx+Hol
Yo-Chi Balaclava,VIC,2026-09-15,4708.1,1288.31,8435.06,0.9,13.8535,339.85,57.36,694.16,17.4,,MEL,Non CORE-Cluster,Prophet+Wx+Hol
Yo-Chi Balaclava,VIC,2026-09-16,5062.31,1275.82,8665.38,0.9,13.8535,365.42,78.51,799.64,18.4,,MEL,Non CORE-Cluster,Prophet+Wx+Hol
Yo-Chi Balaclava,VIC,2026-09-17,4846.85,1285.13,8343.0,0.9,13.8535,349.87,65.93,632.08,16.5,,MEL,Non CORE-Cluster,Prophet+Wx+Hol
Yo-Chi Balaclava,VIC,2026-09-18,5553.74,1924.8,9109.21,0.9,13.8535,400.89,81.41,649.52,17.4,,MEL,Non CORE-Cluster,Prophet+Wx+Hol
Yo-Chi Balaclava,VIC,2026-09-19,6125.65,2496.64,9844.86,0.9,13.8535,442.17,89.71,722.31,20.3,,MEL,Non CORE-Cluster,Prophet+Wx+Hol
Yo-Chi Balaclava,VIC,2026-09-20,5982.36,2435.04,9635.77,0.9,13.8535,431.83,81.41,788.97,16.8,,MEL,Non CORE-Cluster,Prophet+Wx+Hol
Yo-Chi Balaclava,VIC,2026-09-21,4037.83,229.3,7959.18,0.9,13.8535,291.47,75.88,488.51,15.6,,MEL,Non CORE-Cluster,Prophet+Wx+Hol
Yo-Chi Balaclava,VIC,2026-09-22,4665.22,1220.1,8076.41,0.9,13.8535,336.75,59.76,482.53,16.3,,MEL,Non CORE-Cluster,Prophet+Wx+Hol
Yo-Chi Balaclava,VIC,2026-09-23,4945.77,1306.37,8430.05,0.9,13.8535,357.01,81.63,592.3,17.0,,MEL,Non CORE-Cluster,Prophet+Wx+Hol
Yo-Chi Balaclava,VIC,2026-09-24,5078.45,1735.0,8780.89,0.9,13.8535,366.58,71.35,460.61,17.6,,MEL,Non CORE-Cluster,Prophet+Wx+Hol
Yo-Chi Balaclava,VIC,2026-09-25,5627.51,2246.46,9501.93,0.9,13.8535,406.22,30.58,451.72,15.6,Grand Final Day,MEL,Non CORE-Cluster,Prophet+Wx+Hol
Yo-Chi Balaclava,VIC,2026-09-26,4310.86,593.27,7911.24,0.9,13.8535,311.17,113.11,495.24,15.4,,MEL,Non CORE-Cluster,Prophet+Wx+Hol
Yo-Chi Balaclava,VIC,2026-09-27,5843.38,2151.6,9445.93,0.9,13.8535,421.8,83.29,639.5,16.2,,MEL,Non CORE-Cluster,Prophet+Wx+Hol
Yo-Chi Balaclava,VIC,2026-09-28,4232.18,795.93,7871.95,0.9,13.8535,305.5,78.27,380.49,17.4,,MEL,Non CORE-Cluster,Prophet+Wx+Hol
Yo-Chi Balaclava,VIC,2026-09-29,5082.34,1430.53,8798.37,0.9,13.8535,366.86,61.56,411.11,19.7,,MEL,Non CORE-Cluster,Prophet+Wx+Hol
Yo-Chi Balaclava,VIC,2026-09-30,5251.21,1552.04,9075.52,0.9,13.8535,379.05,81.02,534.13,19.9,,MEL,Non CORE-Cluster,Prophet+Wx+Hol
Yo-Chi Balaclava,VIC,2026-10-01,5090.58,1439.56,8686.81,0.9,13.8535,367.46,66.71,400.3,18.7,,MEL,Non CORE-Cluster,Prophet+Wx+Hol
Yo-Chi Balaclava,VIC,2026-10-02,5650.28,1839.57,9103.04,0.9,13.8535,407.86,79.32,441.56,19.0,,MEL,Non CORE-Cluster,Prophet+Wx+Hol
Yo-Chi Balaclava,VIC,2026-10-03,6196.54,2448.67,9995.69,0.9,13.8535,447.29,84.82,549.48,22.1,,MEL,Non CORE-Cluster,Prophet+Wx+Hol
Yo-Chi Balaclava,VIC,2026-10-04,6243.05,2686.04,9738.24,0.9,13.8535,450.65,74.24,667.83,20.0,,MEL,Non CORE-Cluster,Prophet+Wx+Hol
Yo-Chi Balaclava,VIC,2026-10-05,4067.49,457.59,7921.4,0.9,13.8535,293.61,63.78,381.66,17.6,,MEL,Non CORE-Cluster,Prophet+Wx+Hol
Yo-Chi Balaclava,VIC,2026-10-06,4505.99,947.22,7937.83,0.9,13.8535,325.26,42.66,397.01,17.2,,MEL,Non CORE-Cluster,Prophet+Wx+Hol
Yo-Chi Balaclava,VIC,2026-10-07,4567.87,1047.29,8065.78,0.9,13.8535,329.73,60.3,526.19,16.7,,MEL,Non CORE-Cluster,Prophet+Wx+Hol
Yo-Chi Balaclava,VIC,2026-10-08,4633.08,1192.22,8245.99,0.9,13.8535,334.43,46.2,419.17,16.8,,MEL,Non CORE-Cluster,Prophet+Wx+Hol
Yo-Chi Balaclava,VIC,2026-10-09,5258.45,1503.77,9041.92,0.9,13.8535,379.58,58.89,474.33,17.5,,MEL,Non CORE-Cluster,Prophet+Wx+Hol
Yo-Chi Balaclava,VIC,2026-10-10,5392.4,1562.46,9270.28,0.9,13.8535,389.24,62.09,558.39,17.7,,MEL,Non CORE-Cluster,Prophet+Wx+Hol
Yo-Chi Balaclava,VIC,2026-10-11,5891.99,2415.38,9472.51,0.9,13.8535,425.31,54.81,715.43,18.4,,MEL,Non CORE-Cluster,Prophet+Wx+Hol
Yo-Chi Balaclava,VIC,2026-10-12,4255.08,740.66,7657.38,0.9,13.8535,307.15,48.8,468.82,19.3,,MEL,Non CORE-Cluster,Prophet+Wx+Hol
Yo-Chi Balaclava,VIC,2026-10-13,4579.49,1117.96,8287.71,0.9,13.8535,330.57,28.72,474.71,17.9,,MEL,Non CORE-Cluster,Prophet+Wx+Hol
Yo-Chi Balaclava,VIC,2026-10-14,4889.93,1557.57,8521.56,0.9,13.8535,352.97,50.63,620.41,18.8,,MEL,Non CORE-Cluster,Prophet+Wx+Hol
Yo-Chi Balaclava,VIC,2026-10-15,5173.39,1872.64,8667.98,0.9,13.8535,373.44,40.83,523.73,20.1,,MEL,Non CORE-Cluster,Prophet+Wx+Hol
Yo-Chi Balaclava,VIC,2026-10-16,5660.78,1681.92,9457.95,0.9,13.8535,408.62,56.49,561.82,19.6,,MEL,Non CORE-Cluster,Prophet+Wx+Hol
Yo-Chi Balaclava,VIC,2026-10-17,5652.98,1996.77,9409.13,0.9,13.8535,408.05,62.98,627.14,18.7,,MEL,Non CORE-Cluster,Prophet+Wx+Hol
Yo-Chi Balaclava,VIC,2026-10-18,6119.73,2347.24,9639.34,0.9,13.8535,441.75,59.89,772.93,19.0,,MEL,Non CORE-Cluster,Prophet+Wx+Hol
Yo-Chi Balaclava,VIC,2026-10-19,4565.67,1009.26,8374.14,0.9,13.8535,329.57,59.03,519.64,20.2,,MEL,Non CORE-Cluster,Prophet+Wx+Hol
Yo-Chi Balaclava,VIC,2026-10-20,5100.98,1263.55,8470.49,0.9,13.8535,368.21,44.87,529.88,20.1,,MEL,Non CORE-Cluster,Prophet+Wx+Hol
Yo-Chi Balaclava,VIC,2026-10-21,5589.64,1736.98,9226.31,0.9,13.8535,403.48,72.98,678.22,21.9,,MEL,Non CORE-Cluster,Prophet+Wx+Hol
Yo-Chi Balaclava,VIC,2026-10-22,5535.64,1904.96,9085.06,0.9,13.8535,399.58,65.82,543.06,21.0,,MEL,Non CORE-Cluster,Prophet+Wx+Hol
Yo-Chi Balaclava,VIC,2026-10-23,5675.08,2201.77,9390.91,0.9,13.8535,409.65,84.08,543.14,18.2,,MEL,Non CORE-Cluster,Prophet+Wx+Hol
Yo-Chi Balaclava,VIC,2026-10-24,5749.67,2336.72,9516.43,0.9,13.8535,415.03,95.35,603.98,17.8,,MEL,Non CORE-Cluster,Prophet+Wx+Hol
Yo-Chi Balaclava,VIC,2026-10-25,5808.01,1994.82,9553.75,0.9,13.8535,419.25,93.45,709.33,15.5,,MEL,Non CORE-Cluster,Prophet+Wx+Hol
Yo-Chi Balaclava,VIC,2026-10-26,4500.06,1008.78,8243.28,0.9,13.8535,324.83,97.23,463.5,18.3,,MEL,Non CORE-Cluster,Prophet+Wx+Hol
Yo-Chi Balaclava,VIC,2026-10-27,5257.85,1681.41,8969.37,0.9,13.8535,379.53,86.75,482.78,19.7,,MEL,Non CORE-Cluster,Prophet+Wx+Hol
Yo-Chi Balaclava,VIC,2026-10-28,5354.7,1752.13,9059.56,0.9,13.8535,386.52,114.47,595.76,19.1,,MEL,Non CORE-Cluster,Prophet+Wx+Hol
Yo-Chi Balaclava,VIC,2026-10-29,5461.15,1697.1,9066.15,0.9,13.8535,394.21,109.09,466.9,19.4,,MEL,Non CORE-Cluster,Prophet+Wx+Hol
Yo-Chi Balaclava,VIC,2026-10-30,6086.87,2437.0,9745.22,0.9,13.8535,439.37,130.56,501.05,19.9,,MEL,Non CORE-Cluster,Prophet+Wx+Hol
Yo-Chi Balaclava,VIC,2026-10-31,5911.27,2526.66,9387.62,0.9,13.8535,426.7,139.52,541.72,18.1,,MEL,Non CORE-Cluster,Prophet+Wx+Hol
Yo-Chi Balaclava,VIC,2026-11-01,6186.02,2319.84,10021.98,0.9,13.8535,446.53,137.17,664.83,17.3,,MEL,Non CORE-Cluster,Prophet+Wx+Hol
Yo-Chi Balaclava,VIC,2026-11-02,5352.92,1533.26,8850.28,0.9,13.8535,386.4,141.28,455.67,23.5,,MEL,Non CORE-Cluster,Prophet+Wx+Hol
Yo-Chi Balaclava,VIC,2026-11-03,6951.36,3178.39,10596.56,0.9,13.8535,501.78,83.48,419.1,20.1,Melbourne Cup Day,MEL,Non CORE-Cluster,Prophet+Wx+Hol
Yo-Chi Balaclava,VIC,2026-11-04,3478.83,0.0,7036.76,0.9,13.8535,251.12,78.72,509.63,18.1,,MEL,Non CORE-Cluster,Prophet+Wx+Hol
Yo-Chi Balaclava,VIC,2026-11-05,5640.67,1855.36,9037.52,0.9,13.8535,407.17,136.48,422.61,20.9,,MEL,Non CORE-Cluster,Prophet+Wx+Hol
Yo-Chi Balaclava,VIC,2026-11-06,6809.63,3209.54,10710.9,0.9,13.8535,491.55,156.08,506.66,25.2,,MEL,Non CORE-Cluster,Prophet+Wx+Hol
Yo-Chi Balaclava,VIC,2026-11-07,6323.31,2773.83,9969.01,0.9,13.8535,456.44,157.28,532.25,21.6,,MEL,Non CORE-Cluster,Prophet+Wx+Hol
Yo-Chi Balaclava,VIC,2026-11-08,6564.42,2777.15,10310.11,0.9,13.8535,473.85,148.45,663.02,20.8,,MEL,Non CORE-Cluster,Prophet+Wx+Hol
Yo-Chi Balaclava,VIC,2026-11-09,4855.66,1232.55,8176.06,0.9,13.8535,350.5,140.71,394.13,21.4,,MEL,Non CORE-Cluster,Prophet+Wx+Hol
Yo-Chi Balaclava,VIC,2026-11-10,5549.52,2073.54,9275.79,0.9,13.8535,400.59,119.64,422.38,22.8,,MEL,Non CORE-Cluster,Prophet+Wx+Hol
Yo-Chi Balaclava,VIC,2026-11-11,5381.31,1855.44,9211.47,0.9,13.8535,388.44,135.7,531.59,20.8,,MEL,Non CORE-Cluster,Prophet+Wx+Hol
Yo-Chi Balaclava,VIC,2026-11-12,5296.52,1557.21,8762.59,0.9,13.8535,382.32,117.99,401.94,20.1,,MEL,Non CORE-Cluster,Prophet+Wx+Hol
Yo-Chi Balaclava,VIC,2026-11-13,5759.62,2333.67,9247.41,0.9,13.8535,415.75,127.73,440.64,19.8,,MEL,Non CORE-Cluster,Prophet+Wx+Hol
Yo-Chi Balaclava,VIC,2026-11-14,5298.63,1775.56,8862.0,0.9,13.8535,382.48,124.02,476.53,16.3,,MEL,Non CORE-Cluster,Prophet+Wx+Hol
Yo-Chi Balaclava,VIC,2026-11-15,6105.38,2753.85,9952.15,0.9,13.8535,440.71,114.25,659.58,19.2,,MEL,Non CORE-Cluster,Prophet+Wx+Hol
Yo-Chi Balaclava,VIC,2026-11-16,4508.68,1010.38,8350.21,0.9,13.8535,325.45,103.51,403.44,20.4,,MEL,Non CORE-Cluster,Prophet+Wx+Hol
Yo-Chi Balaclava,VIC,2026-11-17,4816.96,1337.72,8654.78,0.9,13.8535,347.71,77.03,406.49,19.1,,MEL,Non CORE-Cluster,Prophet+Wx+Hol
Yo-Chi Balaclava,VIC,2026-11-18,5552.92,1999.68,9343.85,0.9,13.8535,400.83,97.16,590.63,22.8,,MEL,Non CORE-Cluster,Prophet+Wx+Hol
Yo-Chi Balaclava,VIC,2026-11-19,5437.06,1835.15,9086.32,0.9,13.8535,392.47,78.23,459.48,21.8,,MEL,Non CORE-Cluster,Prophet+Wx+Hol
Yo-Chi Balaclava,VIC,2026-11-20,5389.71,2049.78,9101.24,0.9,13.8535,389.05,84.99,458.82,17.9,,MEL,Non CORE-Cluster,Prophet+Wx+Hol
Yo-Chi Balaclava,VIC,2026-11-21,5847.33,2201.76,9496.68,0.9,13.8535,422.08,88.22,565.99,20.1,,MEL,Non CORE-Cluster,Prophet+Wx+Hol
Yo-Chi Balaclava,VIC,2026-11-22,6913.2,3117.57,10770.26,0.9,13.8535,499.02,82.11,768.27,24.4,,MEL,Non CORE-Cluster,Prophet+Wx+Hol
Yo-Chi Balaclava,VIC,2026-11-23,5005.12,1446.49,8537.98,0.9,13.8535,361.29,72.29,481.81,23.4,,MEL,Non CORE-Cluster,Prophet+Wx+Hol
Yo-Chi Balaclava,VIC,2026-11-24,5509.21,1981.57,9203.69,0.9,13.8535,397.68,50.63,495.16,23.1,,MEL,Non CORE-Cluster,Prophet+Wx+Hol
Yo-Chi Balaclava,VIC,2026-11-25,5550.85,1731.42,9273.75,0.9,13.8535,400.68,71.11,619.67,22.2,,MEL,Non CORE-Cluster,Prophet+Wx+Hol
Yo-Chi Balaclava,VIC,2026-11-26,5423.46,2044.65,8956.95,0.9,13.8535,391.49,57.11,479.36,20.8,,MEL,Non CORE-Cluster,Prophet+Wx+Hol
Yo-Chi Balaclava,VIC,2026-11-27,6276.02,2673.32,9999.61,0.9,13.8535,453.03,75.4,541.84,22.6,,MEL,Non CORE-Cluster,Prophet+Wx+Hol
Yo-Chi Balaclava,VIC,2026-11-28,6270.55,2715.43,9907.9,0.9,13.8535,452.63,81.75,604.72,21.7,,MEL,Non CORE-Cluster,Prophet+Wx+Hol
Yo-Chi Balaclava,VIC,2026-11-29,6593.28,3003.3,10387.61,0.9,13.8535,475.93,77.04,740.87,21.1,,MEL,Non CORE-Cluster,Prophet+Wx+Hol
Yo-Chi Balaclava,VIC,2026-11-30,4933.34,1063.95,8553.16,0.9,13.8535,356.11,75.03,463.02,21.7,,MEL,Non CORE-Cluster,Prophet+Wx+Hol
Yo-Chi Balaclava,VIC,2026-12-01,5610.75,1848.76,9066.47,0.9,13.8535,405.01,60.47,481.48,22.5,,MEL,Non CORE-Cluster,Prophet+Wx+Hol
Yo-Chi Balaclava,VIC,2026-12-02,5781.37,2267.86,9552.86,0.9,13.8535,417.32,87.96,608.84,22.4,,MEL,Non CORE-Cluster,Prophet+Wx+Hol
Yo-Chi Balaclava,VIC,2026-12-03,6244.23,2520.67,9570.28,0.9,13.8535,450.73,83.21,506.71,25.0,,MEL,Non CORE-Cluster,Prophet+Wx+Hol
Yo-Chi Balaclava,VIC,2026-12-04,6969.02,3573.12,10653.06,0.9,13.8535,503.05,105.93,552.61,26.2,,MEL,Non CORE-Cluster,Prophet+Wx+Hol
Yo-Chi Balaclava,VIC,2026-12-05,6737.25,2996.03,10431.73,0.9,13.8535,486.32,115.31,592.03,24.1,,MEL,Non CORE-Cluster,Prophet+Wx+Hol
Yo-Chi Balaclava,VIC,2026-12-06,6924.05,3098.6,10559.29,0.9,13.8535,499.81,113.37,713.56,22.8,,MEL,Non CORE-Cluster,Prophet+Wx+Hol
Yo-Chi Balaclava,VIC,2026-12-07,4630.65,1079.08,8224.63,0.9,13.8535,334.26,110.11,379.49,19.7,,MEL,Non CORE-Cluster,Prophet+Wx+Hol
Yo-Chi Balaclava,VIC,2026-12-08,5373.02,2037.82,9079.07,0.9,13.8535,387.85,97.85,401.02,21.3,,MEL,Non CORE-Cluster,Prophet+Wx+Hol
Yo-Chi Balaclava,VIC,2026-12-09,5229.12,1291.88,8798.77,0.9,13.8535,377.46,124.69,503.28,19.6,,MEL,Non CORE-Cluster,Prophet+Wx+Hol
Yo-Chi Balaclava,VIC,2026-12-10,5223.7,1378.89,8894.74,0.9,13.8535,377.07,117.04,363.39,19.6,,MEL,Non CORE-Cluster,Prophet+Wx+Hol
Yo-Chi Balaclava,VIC,2026-12-11,6200.08,2697.6,9950.41,0.9,13.8535,447.55,140.94,431.67,22.8,,MEL,Non CORE-Cluster,Prophet+Wx+Hol
Yo-Chi Balaclava,VIC,2026-12-12,6863.7,3160.7,10733.84,0.9,13.8535,495.45,154.72,546.5,26.9,,MEL,Non CORE-Cluster,Prophet+Wx+Hol
Yo-Chi Balaclava,VIC,2026-12-13,7143.38,3810.87,10934.36,0.9,13.8535,515.64,151.01,680.94,26.7,,MEL,Non CORE-Cluster,Prophet+Wx+Hol
Yo-Chi Balaclava,VIC,2026-12-14,4650.15,863.27,8109.97,0.9,13.8535,335.67,143.29,333.99,22.7,,MEL,Non CORE-Cluster,Prophet+Wx+Hol
Yo-Chi Balaclava,VIC,2026-12-15,5056.62,1473.93,8765.88,0.9,13.8535,365.01,124.92,335.24,22.6,,MEL,Non CORE-Cluster,Prophet+Wx+Hol
Yo-Chi Balaclava,VIC,2026-12-16,5386.67,1846.14,8885.33,0.9,13.8535,388.83,150.85,483.86,24.3,,MEL,Non CORE-Cluster,Prophet+Wx+Hol
Yo-Chi Balaclava,VIC,2026-12-17,5585.16,1765.24,9494.15,0.9,13.8535,403.16,139.72,367.4,26.0,,MEL,Non CORE-Cluster,Prophet+Wx+Hol
Yo-Chi Balaclava,VIC,2026-12-18,6070.9,2177.49,9905.2,0.9,13.8535,438.22,155.57,404.96,26.3,,MEL,Non CORE-Cluster,Prophet+Wx+Hol
Yo-Chi Balaclava,VIC,2026-12-19,5744.06,2142.8,9390.68,0.9,13.8535,414.63,157.7,449.05,24.3,,MEL,Non CORE-Cluster,Prophet+Wx+Hol
Yo-Chi Balaclava,VIC,2026-12-20,6114.06,2394.32,9593.46,0.9,13.8535,441.34,149.25,600.18,24.9,,MEL,Non CORE-Cluster,Prophet+Wx+Hol
Yo-Chi Balaclava,VIC,2026-12-21,3912.57,371.25,7546.86,0.9,13.8535,282.43,138.18,282.44,22.8,,MEL,Non CORE-Cluster,Prophet+Wx+Hol
Yo-Chi Balaclava,VIC,2026-12-22,4064.71,203.41,7807.07,0.9,13.8535,293.41,112.93,270.69,21.1,,MEL,Non CORE-Cluster,Prophet+Wx+Hol
Yo-Chi Balaclava,VIC,2026-12-23,4010.15,373.76,7672.83,0.9,13.8535,289.47,131.84,396.08,20.3,,MEL,Non CORE-Cluster,Prophet+Wx+Hol
Yo-Chi Balaclava,VIC,2026-12-24,4189.55,583.87,7854.31,0.9,13.8535,302.42,116.18,283.21,21.8,,MEL,Non CORE-Cluster,Prophet+Wx+Hol
Yo-Chi Balaclava,VIC,2026-12-25,494.33,0.0,3976.93,0.9,13.8535,35.68,28.6,318.23,23.4,Christmas Day,MEL,Non CORE-Cluster,Prophet+Wx+Hol
Yo-Chi Balaclava,VIC,2026-12-26,3938.49,33.59,7264.02,0.9,13.8535,284.3,57.66,432.58,25.2,Boxing Day,MEL,Non CORE-Cluster,Prophet+Wx+Hol
Yo-Chi Balaclava,VIC,2026-12-27,6453.65,2900.85,10300.43,0.9,13.8535,465.85,84.44,602.42,26.0,,MEL,Non CORE-Cluster,Prophet+Wx+Hol
Yo-Chi Balaclava,VIC,2026-12-28,4050.88,476.58,7603.92,0.9,13.8535,292.41,109.0,286.36,23.3,Boxing Day (observed),MEL,Non CORE-Cluster,Prophet+Wx+Hol
Yo-Chi Balaclava,VIC,2026-12-29,4386.99,928.56,7980.14,0.9,13.8535,316.67,84.97,305.65,23.8,,MEL,Non CORE-Cluster,Prophet+Wx+Hol
Yo-Chi Balaclava,VIC,2026-12-30,4485.39,813.39,8062.76,0.9,13.8535,323.77,107.23,476.19,26.1,,MEL,Non CORE-Cluster,Prophet+Wx+Hol
Yo-Chi Balaclava,VIC,2026-12-31,4344.03,633.88,7835.67,0.9,13.8535,313.57,89.26,333.72,24.8,,MEL,Non CORE-Cluster,Prophet+Wx+Hol
Yo-Chi Balaclava,VIC,2027-01-01,8259.91,4744.87,12135.01,0.9,13.8535,596.23,112.49,418.28,26.9,New Year's Day,MEL,Non CORE-Cluster,Prophet+Wx+Hol
Yo-Chi Balaclava,VIC,2027-01-02,6430.0,2632.17,9974.58,0.9,13.8535,464.14,152.44,480.37,26.5,,MEL,Non CORE-Cluster,Prophet+Wx+Hol
Yo-Chi Balaclava,VIC,2027-01-03,5520.19,1997.18,9020.27,0.9,13.8535,398.47,96.95,620.41,25.3,,MEL,Non CORE-Cluster,Prophet+Wx+Hol
Yo-Chi Balaclava,VIC,2027-01-04,3436.57,0.0,6912.05,0.9,13.8535,248.07,86.48,302.75,23.0,,MEL,Non CORE-Cluster,Prophet+Wx+Hol
Yo-Chi Balaclava,VIC,2027-01-05,4453.55,847.87,8190.16,0.9,13.8535,321.47,67.59,355.25,25.8,,MEL,Non CORE-Cluster,Prophet+Wx+Hol
Yo-Chi Balaclava,VIC,2027-01-06,4853.93,1298.15,8428.97,0.9,13.8535,350.38,91.85,511.69,26.8,,MEL,Non CORE-Cluster,Prophet+Wx+Hol
Yo-Chi Balaclava,VIC,2027-01-07,5201.95,1352.69,8869.48,0.9,13.8535,375.5,79.66,401.63,28.1,,MEL,Non CORE-Cluster,Prophet+Wx+Hol
Yo-Chi Balaclava,VIC,2027-01-08,5477.28,1843.02,8930.34,0.9,13.8535,395.37,93.93,417.31,25.8,,MEL,Non CORE-Cluster,Prophet+Wx+Hol
Yo-Chi Balaclava,VIC,2027-01-09,6151.31,2619.25,9803.63,0.9,13.8535,444.03,103.38,538.07,28.8,,MEL,Non CORE-Cluster,Prophet+Wx+Hol
Yo-Chi Balaclava,VIC,2027-01-10,6430.32,2769.02,10200.67,0.9,13.8535,464.17,95.44,676.65,27.4,,MEL,Non CORE-Cluster,Prophet+Wx+Hol
Yo-Chi Balaclava,VIC,2027-01-11,4934.16,1297.25,8712.08,0.9,13.8535,356.17,91.07,401.03,28.5,,MEL,Non CORE-Cluster,Prophet+Wx+Hol
Yo-Chi Balaclava,VIC,2027-01-12,5232.51,1562.65,8790.72,0.9,13.8535,377.7,68.96,391.23,26.3,,MEL,Non CORE-Cluster,Prophet+Wx+Hol
Yo-Chi Balaclava,VIC,2027-01-13,5468.53,2040.36,9208.98,0.9,13.8535,394.74,93.86,533.37,26.0,,MEL,Non CORE-Cluster,Prophet+Wx+Hol
Yo-Chi Balaclava,VIC,2027-01-14,5774.93,2070.98,9551.99,0.9,13.8535,416.86,82.4,418.78,26.9,,MEL,Non CORE-Cluster,Prophet+Wx+Hol
Yo-Chi Balaclava,VIC,2027-01-15,5965.97,2202.91,9628.11,0.9,13.8535,430.65,96.95,428.92,23.9,,MEL,Non CORE-Cluster,Prophet+Wx+Hol
Yo-Chi Balaclava,VIC,2027-01-16,6373.66,2626.22,10134.33,0.9,13.8535,460.08,104.95,531.39,25.2,,MEL,Non CORE-Cluster,Prophet+Wx+Hol
Yo-Chi Balaclava,VIC,2027-01-17,6927.29,3205.41,10321.12,0.9,13.8535,500.04,98.7,698.53,25.6,,MEL,Non CORE-Cluster,Prophet+Wx+Hol
Yo-Chi Balaclava,VIC,2027-01-18,5028.61,1379.72,8809.39,0.9,13.8535,362.99,90.98,393.77,24.2,,MEL,Non CORE-Cluster,Prophet+Wx+Hol
Yo-Chi Balaclava,VIC,2027-01-19,5711.87,2114.15,9571.65,0.9,13.8535,412.31,70.44,423.98,24.6,,MEL,Non CORE-Cluster,Prophet+Wx+Hol
Yo-Chi Balaclava,VIC,2027-01-20,6240.63,2545.07,10038.34,0.9,13.8535,450.47,96.41,601.04,26.4,,MEL,Non CORE-Cluster,Prophet+Wx+Hol
Yo-Chi Balaclava,VIC,2027-01-21,6348.46,2836.65,10127.17,0.9,13.8535,458.26,82.01,479.77,26.4,,MEL,Non CORE-Cluster,Prophet+Wx+Hol
Yo-Chi Balaclava,VIC,2027-01-22,6503.83,2695.63,10329.7,0.9,13.8535,469.47,94.81,498.78,23.5,,MEL,Non CORE-Cluster,Prophet+Wx+Hol
Yo-Chi Balaclava,VIC,2027-01-23,7189.74,3747.19,10904.01,0.9,13.8535,518.98,103.05,637.92,26.9,,MEL,Non CORE-Cluster,Prophet+Wx+Hol
Yo-Chi Balaclava,VIC,2027-01-24,8241.25,4575.57,11901.01,0.9,13.8535,594.89,98.41,861.18,31.0,,MEL,Non CORE-Cluster,Prophet+Wx+Hol
Yo-Chi Balaclava,VIC,2027-01-25,6230.01,2704.73,9816.47,0.9,13.8535,449.71,88.07,558.21,29.3,,MEL,Non CORE-Cluster,Prophet+Wx+Hol
Yo-Chi Balaclava,VIC,2027-01-26,6820.4,3127.55,10275.19,0.9,13.8535,492.32,69.29,535.53,26.0,Australia Day,MEL,Non CORE-Cluster,Prophet+Wx+Hol
Yo-Chi Balaclava,VIC,2027-01-27,6799.95,3183.5,10677.15,0.9,13.8535,490.85,27.73,782.12,32.1,,MEL,Non CORE-Cluster,Prophet+Wx+Hol
Yo-Chi Balaclava,VIC,2027-01-28,6569.11,3000.16,10132.95,0.9,13.8535,474.18,67.76,600.18,26.6,,MEL,Non CORE-Cluster,Prophet+Wx+Hol
Yo-Chi Balaclava,VIC,2027-01-29,6553.97,2754.21,10112.34,0.9,13.8535,473.09,78.52,615.64,23.1,,MEL,Non CORE-Cluster,Prophet+Wx+Hol
Yo-Chi Balaclava,VIC,2027-01-30,6764.87,3220.38,10390.78,0.9,13.8535,488.32,82.89,724.8,23.9,,MEL,Non CORE-Cluster,Prophet+Wx+Hol
Yo-Chi Balaclava,VIC,2027-01-31,7216.05,3533.65,10744.57,0.9,13.8535,520.88,73.72,906.2,24.4,,MEL,Non CORE-Cluster,Prophet+Wx+Hol
Yo-Chi Balaclava,VIC,2027-02-01,5313.77,1495.03,9150.17,0.9,13.8535,383.57,64.17,615.44,23.8,,MEL,Non CORE-Cluster,Prophet+Wx+Hol
Yo-Chi Balaclava,VIC,2027-02-02,5681.82,2226.16,9449.22,0.9,13.8535,410.14,39.85,635.54,23.1,,MEL,Non CORE-Cluster,Prophet+Wx+Hol
Yo-Chi Balaclava,VIC,2027-02-03,6357.36,2844.55,10010.16,0.9,13.8535,458.9,66.76,840.65,26.6,,MEL,Non CORE-Cluster,Prophet+Wx+Hol
Yo-Chi Balaclava,VIC,2027-02-04,6900.09,3255.84,10739.71,0.9,13.8535,498.08,55.17,764.16,30.1,,MEL,Non CORE-Cluster,Prophet+Wx+Hol
Yo-Chi Balaclava,VIC,2027-02-05,6393.56,2770.59,9959.17,0.9,13.8535,461.51,64.17,732.94,23.6,,MEL,Non CORE-Cluster,Prophet+Wx+Hol
Yo-Chi Balaclava,VIC,2027-02-06,6610.38,3050.34,10347.72,0.9,13.8535,477.16,70.51,835.52,24.6,,MEL,Non CORE-Cluster,Prophet+Wx+Hol
Yo-Chi Balaclava,VIC,2027-02-07,6671.39,3254.84,10199.49,0.9,13.8535,481.57,60.6,974.4,22.8,,MEL,Non CORE-Cluster,Prophet+Wx+Hol
Yo-Chi Balaclava,VIC,2027-02-08,5118.58,1538.44,8618.62,0.9,13.8535,369.48,55.72,698.18,24.6,,MEL,Non CORE-Cluster,Prophet+Wx+Hol
Yo-Chi Balaclava,VIC,2027-02-09,5671.94,1950.92,9164.82,0.9,13.8535,409.42,34.87,718.62,25.1,,MEL,Non CORE-Cluster,Prophet+Wx+Hol
Yo-Chi Balaclava,VIC,2027-02-10,5918.84,2174.05,9493.91,0.9,13.8535,427.25,61.36,870.83,25.8,,MEL,Non CORE-Cluster,Prophet+Wx+Hol
Yo-Chi Balaclava,VIC,2027-02-11,6497.66,2648.25,9956.24,0.9,13.8535,469.03,52.26,777.24,29.5,,MEL,Non CORE-Cluster,Prophet+Wx+Hol
Yo-Chi Balaclava,VIC,2027-02-12,6493.87,2968.56,10424.9,0.9,13.8535,468.75,67.14,767.64,26.3,,MEL,Non CORE-Cluster,Prophet+Wx+Hol
Yo-Chi Balaclava,VIC,2027-02-13,6685.42,3032.97,10300.9,0.9,13.8535,482.58,75.37,846.56,27.1,,MEL,Non CORE-Cluster,Prophet+Wx+Hol
Yo-Chi Balaclava,VIC,2027-02-14,6393.75,2611.95,9928.92,0.9,13.8535,461.53,64.6,933.35,22.9,,MEL,Non CORE-Cluster,Prophet+Wx+Hol
Yo-Chi Balaclava,VIC,2027-02-15,4831.38,1024.7,8603.37,0.9,13.8535,348.75,61.04,631.35,24.5,,MEL,Non CORE-Cluster,Prophet+Wx+Hol
Yo-Chi Balaclava,VIC,2027-02-16,5821.06,2022.02,9521.13,0.9,13.8535,420.19,44.19,666.68,27.6,,MEL,Non CORE-Cluster,Prophet+Wx+Hol
Yo-Chi Balaclava,VIC,2027-02-17,6115.31,2700.37,9860.35,0.9,13.8535,441.43,71.96,802.18,28.6,,MEL,Non CORE-Cluster,Prophet+Wx+Hol
Yo-Chi Balaclava,VIC,2027-02-18,5378.41,1664.9,9035.77,0.9,13.8535,388.24,53.56,574.29,23.7,,MEL,Non CORE-Cluster,Prophet+Wx+Hol
Yo-Chi Balaclava,VIC,2027-02-19,6002.89,2395.44,9591.16,0.9,13.8535,433.31,72.94,599.95,24.3,,MEL,Non CORE-Cluster,Prophet+Wx+Hol
Yo-Chi Balaclava,VIC,2027-02-20,6403.55,2732.37,10290.38,0.9,13.8535,462.23,82.16,681.04,26.4,,MEL,Non CORE-Cluster,Prophet+Wx+Hol
Yo-Chi Balaclava,VIC,2027-02-21,6663.11,3088.55,10138.4,0.9,13.8535,480.97,74.29,802.31,25.6,,MEL,Non CORE-Cluster,Prophet+Wx+Hol
Yo-Chi Balaclava,VIC,2027-02-22,5456.58,1717.03,8964.07,0.9,13.8535,393.88,71.94,518.44,29.4,,MEL,Non CORE-Cluster,Prophet+Wx+Hol
Yo-Chi Balaclava,VIC,2027-02-23,5457.57,1745.36,9041.63,0.9,13.8535,393.95,46.12,461.49,26.1,,MEL,Non CORE-Cluster,Prophet+Wx+Hol
Yo-Chi Balaclava,VIC,2027-02-24,5207.72,1570.84,8839.27,0.9,13.8535,375.91,68.26,547.38,23.5,,MEL,Non CORE-Cluster,Prophet+Wx+Hol
Yo-Chi Balaclava,VIC,2027-02-25,5522.94,1576.73,8957.7,0.9,13.8535,398.67,55.21,409.37,25.3,,MEL,Non CORE-Cluster,Prophet+Wx+Hol
Yo-Chi Balaclava,VIC,2027-02-26,6071.62,2216.35,9780.05,0.9,13.8535,438.27,71.97,433.0,25.5,,MEL,Non CORE-Cluster,Prophet+Wx+Hol
Yo-Chi Balaclava,VIC,2027-02-27,6066.51,2370.29,9938.86,0.9,13.8535,437.91,76.04,487.73,24.8,,MEL,Non CORE-Cluster,Prophet+Wx+Hol
Yo-Chi Balaclava,VIC,2027-02-28,6742.23,3098.55,10487.66,0.9,13.8535,486.68,68.88,658.12,26.8,,MEL,Non CORE-Cluster,Prophet+Wx+Hol
Yo-Chi Balaclava,VIC,2027-03-01,4599.66,990.3,8302.19,0.9,13.8535,332.02,57.53,306.83,24.5,,MEL,Non CORE-Cluster,Prophet+Wx+Hol
Yo-Chi Balaclava,VIC,2027-03-02,4683.42,954.28,8146.15,0.9,13.8535,338.07,30.12,275.95,21.8,,MEL,Non CORE-Cluster,Prophet+Wx+Hol
Yo-Chi Balaclava,VIC,2027-03-03,4781.38,1049.32,8605.72,0.9,13.8535,345.14,53.31,415.11,21.4,,MEL,Non CORE-Cluster,Prophet+Wx+Hol
Yo-Chi Balaclava,VIC,2027-03-04,5536.85,2117.28,9542.92,0.9,13.8535,399.67,42.0,339.66,26.0,,MEL,Non CORE-Cluster,Prophet+Wx+Hol
Yo-Chi Balaclava,VIC,2027-03-05,6148.58,2673.68,9847.25,0.9,13.8535,443.83,58.38,396.34,26.6,,MEL,Non CORE-Cluster,Prophet+Wx+Hol
Yo-Chi Balaclava,VIC,2027-03-06,5654.03,1613.6,9269.28,0.9,13.8535,408.13,58.32,437.79,22.8,,MEL,Non CORE-Cluster,Prophet+Wx+Hol
Yo-Chi Balaclava,VIC,2027-03-07,6269.53,2770.77,9630.03,0.9,13.8535,452.56,50.52,634.23,24.4,,MEL,Non CORE-Cluster,Prophet+Wx+Hol
Yo-Chi Balaclava,VIC,2027-03-08,6609.78,2774.77,10200.23,0.9,13.8535,477.12,37.69,337.81,23.5,Labour Day,MEL,Non CORE-Cluster,Prophet+Wx+Hol
Yo-Chi Balaclava,VIC,2027-03-09,4315.2,343.69,7955.51,0.9,13.8535,311.49,60.99,408.69,27.3,,MEL,Non CORE-Cluster,Prophet+Wx+Hol
Yo-Chi Balaclava,VIC,2027-03-10,5551.62,1797.87,9044.83,0.9,13.8535,400.74,46.35,589.32,27.0,,MEL,Non CORE-Cluster,Prophet+Wx+Hol
Yo-Chi Balaclava,VIC,2027-03-11,5652.44,1742.5,9352.4,0.9,13.8535,408.02,31.75,484.19,27.4,,MEL,Non CORE-Cluster,Prophet+Wx+Hol
Yo-Chi Balaclava,VIC,2027-03-12,5812.49,2226.29,9463.23,0.9,13.8535,419.57,46.97,527.73,25.0,,MEL,Non CORE-Cluster,Prophet+Wx+Hol
Yo-Chi Balaclava,VIC,2027-03-13,5658.01,1965.09,9202.74,0.9,13.8535,408.42,51.76,622.81,23.4,,MEL,Non CORE-Cluster,Prophet+Wx+Hol
Yo-Chi Balaclava,VIC,2027-03-14,6147.72,2387.91,9772.4,0.9,13.8535,443.77,45.54,829.76,24.1,,MEL,Non CORE-Cluster,Prophet+Wx+Hol
Yo-Chi Balaclava,VIC,2027-03-15,4903.16,1157.14,8629.76,0.9,13.8535,353.93,43.75,600.21,27.5,,MEL,Non CORE-Cluster,Prophet+Wx+Hol
Yo-Chi Balaclava,VIC,2027-03-16,4957.72,1119.64,8581.58,0.9,13.8535,357.87,19.28,609.55,24.5,,MEL,Non CORE-Cluster,Prophet+Wx+Hol
Yo-Chi Balaclava,VIC,2027-03-17,5054.58,1337.32,8533.45,0.9,13.8535,364.86,46.98,788.47,24.1,,MEL,Non CORE-Cluster,Prophet+Wx+Hol
Yo-Chi Balaclava,VIC,2027-03-18,5405.65,1915.59,8935.12,0.9,13.8535,390.2,36.87,708.13,26.0,,MEL,Non CORE-Cluster,Prophet+Wx+Hol
Yo-Chi Balaclava,VIC,2027-03-19,5880.84,2368.89,9707.68,0.9,13.8535,424.5,57.15,778.48,25.5,,MEL,Non CORE-Cluster,Prophet+Wx+Hol
Yo-Chi Balaclava,VIC,2027-03-20,5504.26,1909.96,9120.28,0.9,13.8535,397.32,62.65,848.42,22.4,,MEL,Non CORE-Cluster,Prophet+Wx+Hol
Yo-Chi Balaclava,VIC,2027-03-21,5774.05,2102.85,9192.91,0.9,13.8535,416.79,56.71,1026.46,21.6,,MEL,Non CORE-Cluster,Prophet+Wx+Hol
Yo-Chi Balaclava,VIC,2027-03-22,4275.12,634.44,7953.92,0.9,13.8535,308.6,54.57,757.48,23.3,,MEL,Non CORE-Cluster,Prophet+Wx+Hol
Yo-Chi Balaclava,VIC,2027-03-23,4575.26,706.18,8387.65,0.9,13.8535,330.26,32.83,769.13,21.8,,MEL,Non CORE-Cluster,Prophet+Wx+Hol
Yo-Chi Balaclava,VIC,2027-03-24,4694.06,1156.93,8191.0,0.9,13.8535,338.84,61.57,927.86,21.4,,MEL,Non CORE-Cluster,Prophet+Wx+Hol
Yo-Chi Balaclava,VIC,2027-03-25,4799.25,1122.44,8349.88,0.9,13.8535,346.43,49.61,798.44,21.7,,MEL,Non CORE-Cluster,Prophet+Wx+Hol
Yo-Chi Balaclava,VIC,2027-03-26,5398.78,1861.14,9034.79,0.9,13.8535,389.71,44.23,819.34,20.4,Good Friday,MEL,Non CORE-Cluster,Prophet+Wx+Hol
Yo-Chi Balaclava,VIC,2027-03-27,4473.63,547.38,8167.68,0.9,13.8535,322.92,9.09,862.61,21.0,Easter Saturday,MEL,Non CORE-Cluster,Prophet+Wx+Hol
Yo-Chi Balaclava,VIC,2027-03-28,4175.38,572.14,7644.88,0.9,13.8535,301.4,44.52,995.79,22.3,Easter Sunday,MEL,Non CORE-Cluster,Prophet+Wx+Hol
Yo-Chi Balaclava,VIC,2027-03-29,4222.0,602.58,7732.28,0.9,13.8535,304.76,38.3,737.37,21.1,Easter Monday,MEL,Non CORE-Cluster,Prophet+Wx+Hol
Yo-Chi Balaclava,VIC,2027-03-30,3904.58,599.39,7641.34,0.9,13.8535,281.85,82.04,730.38,21.0,,MEL,Non CORE-Cluster,Prophet+Wx+Hol
Yo-Chi Balaclava,VIC,2027-03-31,4833.58,1117.21,8619.36,0.9,13.8535,348.91,70.31,891.67,22.1,,MEL,Non CORE-Cluster,Prophet+Wx+Hol
Yo-Chi Balaclava,VIC,2027-04-01,5123.03,1405.15,8632.79,0.9,13.8535,369.8,56.71,746.42,23.6,,MEL,Non CORE-Cluster,Prophet+Wx+Hol
Yo-Chi Balaclava,VIC,2027-04-02,5465.26,1743.8,8850.71,0.9,13.8535,394.5,72.81,746.91,22.3,,MEL,Non CORE-Cluster,Prophet+Wx+Hol
Yo-Chi Balaclava,VIC,2027-04-03,5338.97,1383.08,8903.09,0.9,13.8535,385.39,76.17,782.07,20.9,,MEL,Non CORE-Cluster,Prophet+Wx+Hol
Yo-Chi Balaclava,VIC,2027-04-04,5609.81,1953.08,9190.18,0.9,13.8535,404.94,65.54,906.44,20.2,,MEL,Non CORE-Cluster,Prophet+Wx+Hol
Yo-Chi Balaclava,VIC,2027-04-05,3824.0,124.31,7897.42,0.9,13.8535,276.03,56.28,555.24,20.2,,MEL,Non CORE-Cluster,Prophet+Wx+Hol
Yo-Chi Balaclava,VIC,2027-04-06,4575.6,1148.12,8377.39,0.9,13.8535,330.29,32.56,559.23,21.7,,MEL,Non CORE-Cluster,Prophet+Wx+Hol
Yo-Chi Balaclava,VIC,2027-04-07,4484.54,830.1,8288.72,0.9,13.8535,323.71,55.17,658.36,20.2,,MEL,Non CORE-Cluster,Prophet+Wx+Hol
Yo-Chi Balaclava,VIC,2027-04-08,4682.63,845.61,8280.8,0.9,13.8535,338.01,38.89,499.29,21.2,,MEL,Non CORE-Cluster,Prophet+Wx+Hol
Yo-Chi Balaclava,VIC,2027-04-09,4929.13,1119.56,8320.44,0.9,13.8535,355.8,53.06,491.67,19.4,,MEL,Non CORE-Cluster,Prophet+Wx+Hol
Yo-Chi Balaclava,VIC,2027-04-10,5150.03,1527.19,8758.22,0.9,13.8535,371.75,58.41,564.09,20.3,,MEL,Non CORE-Cluster,Prophet+Wx+Hol
Yo-Chi Balaclava,VIC,2027-04-11,5116.28,1337.92,8708.35,0.9,13.8535,369.31,45.31,672.5,17.7,,MEL,Non CORE-Cluster,Prophet+Wx+Hol
Yo-Chi Balaclava,VIC,2027-04-12,3521.28,0.0,7069.06,0.9,13.8535,254.18,38.1,351.81,19.0,,MEL,Non CORE-Cluster,Prophet+Wx+Hol
Yo-Chi Balaclava,VIC,2027-04-13,4388.82,823.61,7888.81,0.9,13.8535,316.8,16.47,386.35,21.4,,MEL,Non CORE-Cluster,Prophet+Wx+Hol
Yo-Chi Balaclava,VIC,2027-04-14,4574.04,714.05,8284.78,0.9,13.8535,330.17,43.53,535.25,21.6,,MEL,Non CORE-Cluster,Prophet+Wx+Hol
Yo-Chi Balaclava,VIC,2027-04-15,4723.41,986.7,8502.82,0.9,13.8535,340.95,29.58,398.3,22.4,,MEL,Non CORE-Cluster,Prophet+Wx+Hol
Yo-Chi Balaclava,VIC,2027-04-16,5133.65,1533.22,8701.58,0.9,13.8535,370.57,48.66,435.92,21.7,,MEL,Non CORE-Cluster,Prophet+Wx+Hol
Yo-Chi Balaclava,VIC,2027-04-17,5121.21,1450.42,8787.58,0.9,13.8535,369.67,56.39,520.21,21.0,,MEL,Non CORE-Cluster,Prophet+Wx+Hol
Yo-Chi Balaclava,VIC,2027-04-18,5376.65,1577.57,8963.51,0.9,13.8535,388.11,50.1,689.62,20.2,,MEL,Non CORE-Cluster,Prophet+Wx+Hol
Yo-Chi Balaclava,VIC,2027-04-19,3454.02,0.0,6980.34,0.9,13.8535,249.32,45.43,371.65,19.3,,MEL,Non CORE-Cluster,Prophet+Wx+Hol
Yo-Chi Balaclava,VIC,2027-04-20,3929.97,138.53,7557.0,0.9,13.8535,283.68,26.06,405.16,19.1,,MEL,Non CORE-Cluster,Prophet+Wx+Hol
Yo-Chi Balaclava,VIC,2027-04-21,4023.48,200.8,7584.0,0.9,13.8535,290.43,58.37,580.07,18.6,,MEL,Non CORE-Cluster,Prophet+Wx+Hol
Yo-Chi Balaclava,VIC,2027-04-22,4243.86,676.16,7843.59,0.9,13.8535,306.34,50.71,480.32,19.7,,MEL,Non CORE-Cluster,Prophet+Wx+Hol
Yo-Chi Balaclava,VIC,2027-04-23,4856.44,1157.06,8645.4,0.9,13.8535,350.56,77.39,565.78,20.2,,MEL,Non CORE-Cluster,Prophet+Wx+Hol
Yo-Chi Balaclava,VIC,2027-04-24,5014.47,1466.86,8752.39,0.9,13.8535,361.96,92.24,692.11,20.4,,MEL,Non CORE-Cluster,Prophet+Wx+Hol
Yo-Chi Balaclava,VIC,2027-04-25,10595.21,6973.54,14147.03,0.9,13.8535,764.8,0.0,986.89,21.2,ANZAC Day,MEL,Non CORE-Cluster,Prophet+Wx+Hol
Yo-Chi Balaclava,VIC,2027-04-26,3106.7,0.0,6954.62,0.9,13.8535,224.25,0.0,563.46,20.6,,MEL,Non CORE-Cluster,Prophet+Wx+Hol
Yo-Chi Balaclava,VIC,2027-04-27,3887.99,384.96,7417.99,0.9,13.8535,280.65,77.38,634.96,18.5,,MEL,Non CORE-Cluster,Prophet+Wx+Hol
Yo-Chi Balaclava,VIC,2027-04-28,4360.56,1018.63,8146.41,0.9,13.8535,314.76,117.01,853.58,20.3,,MEL,Non CORE-Cluster,Prophet+Wx+Hol
Yo-Chi Balaclava,VIC,2027-04-29,4135.03,307.71,7718.14,0.9,13.8535,298.48,109.17,714.7,18.3,,MEL,Non CORE-Cluster,Prophet+Wx+Hol
Yo-Chi Balaclava,VIC,2027-04-30,4757.63,946.18,8467.0,0.9,13.8535,343.42,138.82,798.65,18.7,,MEL,Non CORE-Cluster,Prophet+Wx+Hol
Yo-Chi Balaclava,VIC,2027-05-01,4916.81,1115.13,8643.37,0.9,13.8535,354.92,155.69,917.57,18.9,,MEL,Non CORE-Cluster,Prophet+Wx+Hol
Yo-Chi Balaclava,VIC,2027-05-02,5425.55,1393.3,8931.63,0.9,13.8535,391.64,157.89,1121.21,19.4,,MEL,Non CORE-Cluster,Prophet+Wx+Hol
Yo-Chi Balaclava,VIC,2027-05-03,3344.05,0.0,6913.54,0.9,13.8535,241.39,157.29,783.88,17.3,,MEL,Non CORE-Cluster,Prophet+Wx+Hol
Yo-Chi Balaclava,VIC,2027-05-04,3758.27,91.03,7322.07,0.9,13.8535,271.29,141.2,802.19,16.4,,MEL,Non CORE-Cluster,Prophet+Wx+Hol
Yo-Chi Balaclava,VIC,2027-05-05,4124.95,474.93,7814.54,0.9,13.8535,297.76,178.95,985.52,17.5,,MEL,Non CORE-Cluster,Prophet+Wx+Hol
Yo-Chi Balaclava,VIC,2027-05-06,4336.72,566.58,7742.58,0.9,13.8535,313.04,172.4,855.91,18.3,,MEL,Non CORE-Cluster,Prophet+Wx+Hol
Yo-Chi Balaclava,VIC,2027-05-07,4622.21,872.98,8209.8,0.9,13.8535,333.65,196.81,876.3,16.5,,MEL,Non CORE-Cluster,Prophet+Wx+Hol
Yo-Chi Balaclava,VIC,2027-05-08,4799.19,1029.12,8625.52,0.9,13.8535,346.43,210.54,962.79,16.7,,MEL,Non CORE-Cluster,Prophet+Wx+Hol
Yo-Chi Balaclava,VIC,2027-05-09,5118.29,1384.91,8531.37,0.9,13.8535,369.46,207.29,1114.23,16.1,,MEL,Non CORE-Cluster,Prophet+Wx+Hol
Yo-Chi Balaclava,VIC,2027-05-10,3377.53,0.0,7053.05,0.9,13.8535,243.8,205.0,770.16,16.2,,MEL,Non CORE-Cluster,Prophet+Wx+Hol
Yo-Chi Balaclava,VIC,2027-05-11,4169.55,437.39,7818.88,0.9,13.8535,300.98,187.07,788.1,17.8,,MEL,Non CORE-Cluster,Prophet+Wx+Hol
Yo-Chi Balaclava,VIC,2027-05-12,4364.38,748.71,7694.52,0.9,13.8535,315.04,218.82,922.52,17.8,,MEL,Non CORE-Cluster,Prophet+Wx+Hol
Yo-Chi Balaclava,VIC,2027-05-13,4335.62,734.79,7938.8,0.9,13.8535,312.96,205.21,737.81,17.2,,MEL,Non CORE-Cluster,Prophet+Wx+Hol
Yo-Chi Balaclava,VIC,2027-05-14,4717.58,1127.49,8228.42,0.9,13.8535,340.53,225.51,738.41,16.1,,MEL,Non CORE-Cluster,Prophet+Wx+Hol
Yo-Chi Balaclava,VIC,2027-05-15,4878.57,1165.31,8599.29,0.9,13.8535,352.15,234.2,798.77,16.4,,MEL,Non CORE-Cluster,Prophet+Wx+Hol
Yo-Chi Balaclava,VIC,2027-05-16,5183.41,1565.42,9172.66,0.9,13.8535,374.16,225.95,928.96,15.8,,MEL,Non CORE-Cluster,Prophet+Wx+Hol
Yo-Chi Balaclava,VIC,2027-05-17,3229.35,0.0,6813.69,0.9,13.8535,233.11,217.31,546.73,14.6,,MEL,Non CORE-Cluster,Prophet+Wx+Hol
Yo-Chi Balaclava,VIC,2027-05-18,3733.45,69.86,7206.52,0.9,13.8535,269.5,192.58,527.04,14.5,,MEL,Non CORE-Cluster,Prophet+Wx+Hol
Yo-Chi Balaclava,VIC,2027-05-19,4014.93,354.97,7666.56,0.9,13.8535,289.81,221.31,665.07,15.2,,MEL,Non CORE-Cluster,Prophet+Wx+Hol
Yo-Chi Balaclava,VIC,2027-05-20,4066.59,223.46,7634.69,0.9,13.8535,293.54,204.64,487.06,15.2,,MEL,Non CORE-Cluster,Prophet+Wx+Hol
Yo-Chi Balaclava,VIC,2027-05-21,4412.5,956.46,8050.94,0.9,13.8535,318.51,221.61,490.35,14.0,,MEL,Non CORE-Cluster,Prophet+Wx+Hol
Yo-Chi Balaclava,VIC,2027-05-22,4637.66,866.27,8071.07,0.9,13.8535,334.77,228.09,568.78,14.8,,MEL,Non CORE-Cluster,Prophet+Wx+Hol
Yo-Chi Balaclava,VIC,2027-05-23,5169.28,1499.18,8666.16,0.9,13.8535,373.14,219.17,738.14,15.7,,MEL,Non CORE-Cluster,Prophet+Wx+Hol
Yo-Chi Balaclava,VIC,2027-05-24,3488.51,163.44,7017.11,0.9,13.8535,251.82,210.6,401.29,16.3,,MEL,Non CORE-Cluster,Prophet+Wx+Hol
Yo-Chi Balaclava,VIC,2027-05-25,4044.15,522.24,7628.9,0.9,13.8535,291.92,184.33,413.0,16.6,,MEL,Non CORE-Cluster,Prophet+Wx+Hol
Yo-Chi Balaclava,VIC,2027-05-26,4098.59,257.0,7772.84,0.9,13.8535,295.85,209.95,561.21,15.8,,MEL,Non CORE-Cluster,Prophet+Wx+Hol
Yo-Chi Balaclava,VIC,2027-05-27,4052.96,604.6,7669.48,0.9,13.8535,292.56,191.05,406.89,15.2,,MEL,Non CORE-Cluster,Prophet+Wx+Hol
Yo-Chi Balaclava,VIC,2027-05-28,4563.16,928.05,8379.88,0.9,13.8535,329.39,208.3,462.25,15.0,,MEL,Non CORE-Cluster,Prophet+Wx+Hol
Yo-Chi Balaclava,VIC,2027-05-29,4746.36,1168.48,8358.15,0.9,13.8535,342.61,213.36,575.57,15.5,,MEL,Non CORE-Cluster,Prophet+Wx+Hol
Yo-Chi Balaclava,VIC,2027-05-30,5109.76,1561.6,8957.42,0.9,13.8535,368.84,201.86,769.37,15.2,,MEL,Non CORE-Cluster,Prophet+Wx+Hol
Yo-Chi Balaclava,VIC,2027-05-31,3278.87,0.0,6954.92,0.9,13.8535,236.68,190.77,455.55,14.9,,MEL,Non CORE-Cluster,Prophet+Wx+Hol
Yo-Chi Balaclava,VIC,2027-06-01,3686.9,204.44,7334.21,0.9,13.8535,266.13,161.71,491.9,14.0,,MEL,Non CORE-Cluster,Prophet+Wx+Hol
Yo-Chi Balaclava,VIC,2027-06-02,3991.11,398.17,7552.64,0.9,13.8535,288.09,188.02,701.57,14.8,,MEL,Non CORE-Cluster,Prophet+Wx+Hol
Yo-Chi Balaclava,VIC,2027-06-03,3855.81,452.36,7443.38,0.9,13.8535,278.33,166.44,572.23,13.5,,MEL,Non CORE-Cluster,Prophet+Wx+Hol
Yo-Chi Balaclava,VIC,2027-06-04,4442.97,788.0,8063.5,0.9,13.8535,320.71,182.41,666.47,13.6,,MEL,Non CORE-Cluster,Prophet+Wx+Hol
Yo-Chi Balaclava,VIC,2027-06-05,4659.93,1059.69,8266.08,0.9,13.8535,336.37,185.48,811.05,14.2,,MEL,Non CORE-Cluster,Prophet+Wx+Hol
Yo-Chi Balaclava,VIC,2027-06-06,5044.43,1331.23,8728.37,0.9,13.8535,364.13,171.49,1030.94,14.0,,MEL,Non CORE-Cluster,Prophet+Wx+Hol
Yo-Chi Balaclava,VIC,2027-06-07,3304.04,0.0,7073.58,0.9,13.8535,238.5,158.26,741.68,14.0,,MEL,Non CORE-Cluster,Prophet+Wx+Hol
Yo-Chi Balaclava,VIC,2027-06-08,3641.72,69.51,7122.38,0.9,13.8535,262.87,125.39,784.1,12.6,,MEL,Non CORE-Cluster,Prophet+Wx+Hol
Yo-Chi Balaclava,VIC,2027-06-09,3833.0,166.38,7446.47,0.9,13.8535,276.68,147.86,991.25,12.5,,MEL,Non CORE-Cluster,Prophet+Wx+Hol
Yo-Chi Balaclava,VIC,2027-06-10,4136.08,638.8,7578.1,0.9,13.8535,298.56,126.53,904.1,13.9,,MEL,Non CORE-Cluster,Prophet+Wx+Hol
Yo-Chi Balaclava,VIC,2027-06-11,4722.79,1174.08,8380.95,0.9,13.8535,340.91,139.48,994.33,14.0,,MEL,Non CORE-Cluster,Prophet+Wx+Hol
Yo-Chi Balaclava,VIC,2027-06-12,4755.89,1002.92,8240.65,0.9,13.8535,343.3,138.03,1112.05,13.3,,MEL,Non CORE-Cluster,Prophet+Wx+Hol
Yo-Chi Balaclava,VIC,2027-06-13,5103.56,1623.29,8916.05,0.9,13.8535,368.4,120.84,1314.19,12.8,,MEL,Non CORE-Cluster,Prophet+Wx+Hol
Yo-Chi Balaclava,VIC,2027-06-14,4770.94,842.69,8406.32,0.9,13.8535,344.39,109.06,1007.95,13.4,King's Birthday,MEL,Non CORE-Cluster,Prophet+Wx+Hol
Yo-Chi Balaclava,VIC,2027-06-15,3528.56,0.0,7295.63,0.9,13.8535,254.71,88.36,1056.44,14.0,,MEL,Non CORE-Cluster,Prophet+Wx+Hol
Yo-Chi Balaclava,VIC,2027-06-16,4358.99,649.08,8030.31,0.9,13.8535,314.65,95.11,1244.0,14.3,,MEL,Non CORE-Cluster,Prophet+Wx+Hol
Yo-Chi Balaclava,VIC,2027-06-17,4260.25,631.17,7954.51,0.9,13.8535,307.52,69.59,1085.21,13.1,,MEL,Non CORE-Cluster,Prophet+Wx+Hol
Yo-Chi Balaclava,VIC,2027-06-18,4852.47,1194.59,8682.55,0.9,13.8535,350.27,82.8,1141.32,13.2,,MEL,Non CORE-Cluster,Prophet+Wx+Hol
Yo-Chi Balaclava,VIC,2027-06-19,4996.06,1026.68,8826.05,0.9,13.8535,360.64,83.25,1233.3,13.3,,MEL,Non CORE-Cluster,Prophet+Wx+Hol
Yo-Chi Balaclava,VIC,2027-06-20,5502.52,1917.53,9310.28,0.9,13.8535,397.19,69.2,1413.79,13.9,,MEL,Non CORE-Cluster,Prophet+Wx+Hol
Yo-Chi Balaclava,VIC,2027-06-21,3557.07,0.0,7053.52,0.9,13.8535,256.76,54.55,1041.97,12.7,,MEL,Non CORE-Cluster,Prophet+Wx+Hol
Yo-Chi Balaclava,VIC,2027-06-22,4272.84,756.12,8028.65,0.9,13.8535,308.43,26.35,1058.04,13.8,,MEL,Non CORE-Cluster,Prophet+Wx+Hol
Yo-Chi Balaclava,VIC,2027-06-23,4492.3,570.02,8023.86,0.9,13.8535,324.27,53.09,1204.42,14.1,,MEL,Non CORE-Cluster,Prophet+Wx+Hol
Yo-Chi Balaclava,VIC,2027-06-24,4572.14,903.5,8024.42,0.9,13.8535,330.04,34.96,1027.19,14.2,,MEL,Non CORE-Cluster,Prophet+Wx+Hol
Yo-Chi Balaclava,VIC,2027-06-25,4927.54,1395.51,8402.85,0.9,13.8535,355.69,53.39,1028.75,13.0,,MEL,Non CORE-Cluster,Prophet+Wx+Hol
Yo-Chi Balaclava,VIC,2027-06-26,5000.77,1189.96,8409.89,0.9,13.8535,360.98,61.27,1085.73,12.8,,MEL,Non CORE-Cluster,Prophet+Wx+Hol
Yo-Chi Balaclava,VIC,2027-06-27,5456.51,1763.25,8772.49,0.9,13.8535,393.87,55.54,1237.45,13.3,,MEL,Non CORE-Cluster,Prophet+Wx+Hol
Yo-Chi Balaclava,VIC,2027-06-28,3645.71,0.0,7336.6,0.9,13.8535,263.16,51.47,855.63,13.2,,MEL,Non CORE-Cluster,Prophet+Wx+Hol
Yo-Chi Balaclava,VIC,2027-06-29,4157.59,627.73,8118.13,0.9,13.8535,300.11,31.47,835.77,13.2,,MEL,Non CORE-Cluster,Prophet+Wx+Hol
Yo-Chi Balaclava,VIC,2027-06-30,4294.97,524.07,7705.81,0.9,13.8535,310.03,68.29,963.54,13.1,,MEL,Non CORE-Cluster,Prophet+Wx+Hol
Yo-Chi Balaclava,VIC,2027-07-01,4294.97,524.07,7705.81,0.9,13.8535,310.03,68.29,963.54,,,MEL,Non CORE-Cluster,Prophet+Wx+Hol
Yo-Chi Barangaroo,NSW,2026-05-02,17752.7,13266.32,22089.25,0.95,14.4438,1229.09,169.45,1205.32,23.0,,SYD 1,CORE Cluster,Prophet+Wx+Hol
Yo-Chi Barangaroo,NSW,2026-05-03,16075.99,11516.76,20270.29,0.95,14.4438,1113.0,185.36,1833.06,24.4,,SYD 1,CORE Cluster,Prophet+Wx+Hol
Yo-Chi Barangaroo,NSW,2026-05-04,6769.52,2173.06,10931.53,0.95,14.4438,468.68,172.81,914.71,20.9,,SYD 1,CORE Cluster,Prophet+Wx+Hol
Yo-Chi Barangaroo,NSW,2026-05-05,9042.51,4423.87,13355.67,0.95,14.4438,626.05,204.58,1108.17,22.1,,SYD 1,CORE Cluster,Prophet+Wx+Hol
Yo-Chi Barangaroo,NSW,2026-05-06,8129.47,3736.47,12719.61,0.95,14.4438,562.84,212.69,1365.64,21.1,,SYD 1,CORE Cluster,Prophet+Wx+Hol
Yo-Chi Barangaroo,NSW,2026-05-07,7692.74,2954.34,11999.3,0.95,14.4438,532.6,218.98,968.36,17.0,,SYD 1,CORE Cluster,Prophet+Wx+Hol
Yo-Chi Barangaroo,NSW,2026-05-08,12193.48,7615.93,16528.23,0.95,14.4438,844.2,228.02,1059.93,19.0,,SYD 1,CORE Cluster,Prophet+Wx+Hol
Yo-Chi Barangaroo,NSW,2026-05-09,15370.1,10587.52,19721.43,0.95,14.4438,1064.13,216.09,1139.19,20.5,,SYD 1,CORE Cluster,Prophet+Wx+Hol
Yo-Chi Barangaroo,NSW,2026-05-10,13755.99,9152.01,18705.43,0.95,14.4438,952.38,228.51,1700.68,21.3,,SYD 1,CORE Cluster,Prophet+Wx+Hol
Yo-Chi Barangaroo,NSW,2026-05-11,5779.65,1655.57,10477.56,0.95,14.4438,400.15,206.9,842.79,21.7,,SYD 1,CORE Cluster,Prophet+Wx+Hol
Yo-Chi Barangaroo,NSW,2026-05-12,7626.87,3078.81,12302.52,0.95,14.4438,528.04,237.7,913.54,20.4,,SYD 1,CORE Cluster,Prophet+Wx+Hol
Yo-Chi Barangaroo,NSW,2026-05-13,7162.22,2709.53,11930.94,0.95,14.4438,495.87,241.07,1154.13,20.0,,SYD 1,CORE Cluster,Prophet+Wx+Hol
Yo-Chi Barangaroo,NSW,2026-05-14,8093.52,3639.85,12463.38,0.95,14.4438,560.35,238.98,846.86,19.9,,SYD 1,CORE Cluster,Prophet+Wx+Hol
Yo-Chi Barangaroo,NSW,2026-05-15,12123.36,7802.92,16982.6,0.95,14.4438,839.35,247.74,830.32,19.2,,SYD 1,CORE Cluster,Prophet+Wx+Hol
Yo-Chi Barangaroo,NSW,2026-05-16,15245.14,10344.03,19865.86,0.95,14.4438,1055.48,233.84,859.36,19.4,,SYD 1,CORE Cluster,Prophet+Wx+Hol
Yo-Chi Barangaroo,NSW,2026-05-17,13552.43,9188.95,18157.04,0.95,14.4438,938.29,245.22,1382.81,18.9,,SYD 1,CORE Cluster,Prophet+Wx+Hol
Yo-Chi Barangaroo,NSW,2026-05-18,5240.2,953.74,10096.12,0.95,14.4438,362.8,223.63,450.16,16.9,,SYD 1,CORE Cluster,Prophet+Wx+Hol
Yo-Chi Barangaroo,NSW,2026-05-19,7962.24,3767.68,12110.74,0.95,14.4438,551.26,250.28,616.02,17.9,,SYD 1,CORE Cluster,Prophet+Wx+Hol
Yo-Chi Barangaroo,NSW,2026-05-20,8110.03,3765.65,12393.05,0.95,14.4438,561.49,250.56,935.45,18.9,,SYD 1,CORE Cluster,Prophet+Wx+Hol
Yo-Chi Barangaroo,NSW,2026-05-21,9069.47,4828.75,13513.25,0.95,14.4438,627.92,248.07,645.7,18.1,,SYD 1,CORE Cluster,Prophet+Wx+Hol
Yo-Chi Barangaroo,NSW,2026-05-22,13460.6,9085.9,17831.66,0.95,14.4438,931.93,255.35,703.53,18.0,,SYD 1,CORE Cluster,Prophet+Wx+Hol
Yo-Chi Barangaroo,NSW,2026-05-23,16675.29,12112.03,21089.94,0.95,14.4438,1154.5,240.96,787.47,18.0,,SYD 1,CORE Cluster,Prophet+Wx+Hol
Yo-Chi Barangaroo,NSW,2026-05-24,15415.05,10571.11,19735.41,0.95,14.4438,1067.24,250.9,1420.97,18.5,,SYD 1,CORE Cluster,Prophet+Wx+Hol
Yo-Chi Barangaroo,NSW,2026-05-25,7873.62,3241.87,12302.61,0.95,14.4438,545.12,225.98,629.56,18.9,,SYD 1,CORE Cluster,Prophet+Wx+Hol
Yo-Chi Barangaroo,NSW,2026-05-26,10373.73,6007.33,14495.98,0.95,14.4438,718.21,254.11,843.27,18.8,,SYD 1,CORE Cluster,Prophet+Wx+Hol
Yo-Chi Barangaroo,NSW,2026-05-27,10101.61,5678.6,14325.47,0.95,14.4438,699.37,256.22,1193.69,18.1,,SYD 1,CORE Cluster,Prophet+Wx+Hol
Yo-Chi Barangaroo,NSW,2026-05-28,11296.76,6589.52,15625.75,0.95,14.4438,782.12,252.37,1011.23,18.2,,SYD 1,CORE Cluster,Prophet+Wx+Hol
Yo-Chi Barangaroo,NSW,2026-05-29,15503.37,11078.66,20031.3,0.95,14.4438,1073.36,259.91,1133.44,17.6,,SYD 1,CORE Cluster,Prophet+Wx+Hol
Yo-Chi Barangaroo,NSW,2026-05-30,18846.72,14325.86,23536.92,0.95,14.4438,1304.83,243.67,1319.32,18.4,,SYD 1,CORE Cluster,Prophet+Wx+Hol
Yo-Chi Barangaroo,NSW,2026-05-31,17418.31,13047.92,22450.47,0.95,14.4438,1205.94,253.05,2021.2,18.7,,SYD 1,CORE Cluster,Prophet+Wx+Hol
Yo-Chi Barangaroo,NSW,2026-06-01,9001.08,4698.78,13165.06,0.9,14.4438,623.18,215.59,1184.5,18.1,,SYD 1,CORE Cluster,Prophet+Wx+Hol
Yo-Chi Barangaroo,NSW,2026-06-02,11005.2,6632.13,14838.57,0.9,14.4438,761.93,241.87,1413.79,17.3,,SYD 1,CORE Cluster,Prophet+Wx+Hol
Yo-Chi Barangaroo,NSW,2026-06-03,10583.64,6253.27,15022.86,0.9,14.4438,732.75,241.75,1789.51,16.7,,SYD 1,CORE Cluster,Prophet+Wx+Hol
Yo-Chi Barangaroo,NSW,2026-06-04,11433.69,7207.77,15609.01,0.9,14.4438,791.6,235.93,1631.6,16.5,,SYD 1,CORE Cluster,Prophet+Wx+Hol
Yo-Chi Barangaroo,NSW,2026-06-05,15330.58,11129.79,19718.6,0.9,14.4438,1061.4,239.66,1779.61,16.5,,SYD 1,CORE Cluster,Prophet+Wx+Hol
Yo-Chi Barangaroo,NSW,2026-06-06,18108.39,13666.15,22293.61,0.9,14.4438,1253.72,221.49,1939.68,16.7,,SYD 1,CORE Cluster,Prophet+Wx+Hol
Yo-Chi Barangaroo,NSW,2026-06-07,16584.87,12425.75,21094.76,0.9,14.4438,1148.24,226.67,2606.27,17.3,,SYD 1,CORE Cluster,Prophet+Wx+Hol
Yo-Chi Barangaroo,NSW,2026-06-08,13013.37,8942.05,17476.27,0.9,14.4438,900.97,290.34,1822.22,16.5,King's Birthday,SYD 1,CORE Cluster,Prophet+Wx+Hol
Yo-Chi Barangaroo,NSW,2026-06-09,8758.76,4710.39,13156.6,0.9,14.4438,606.4,153.86,2020.66,16.0,,SYD 1,CORE Cluster,Prophet+Wx+Hol
Yo-Chi Barangaroo,NSW,2026-06-10,9980.73,5955.25,13910.56,0.9,14.4438,691.01,216.82,2360.69,15.3,,SYD 1,CORE Cluster,Prophet+Wx+Hol
Yo-Chi Barangaroo,NSW,2026-06-11,10925.22,6577.11,15221.97,0.9,14.4438,756.4,205.38,2176.35,16.4,,SYD 1,CORE Cluster,Prophet+Wx+Hol
Yo-Chi Barangaroo,NSW,2026-06-12,14669.66,10423.34,18793.37,0.9,14.4438,1015.64,204.91,2260.02,16.7,,SYD 1,CORE Cluster,Prophet+Wx+Hol
Yo-Chi Barangaroo,NSW,2026-06-13,17218.5,12955.79,21349.46,0.9,14.4438,1192.11,182.9,2334.81,16.8,,SYD 1,CORE Cluster,Prophet+Wx+Hol
Yo-Chi Barangaroo,NSW,2026-06-14,15374.76,10883.04,19650.69,0.9,14.4438,1064.46,185.54,2898.6,16.7,,SYD 1,CORE Cluster,Prophet+Wx+Hol
Yo-Chi Barangaroo,NSW,2026-06-15,7699.27,3647.17,12128.68,0.9,14.4438,533.05,153.23,2048.64,16.7,,SYD 1,CORE Cluster,Prophet+Wx+Hol
Yo-Chi Barangaroo,NSW,2026-06-16,9741.5,5643.03,13955.48,0.9,14.4438,674.44,172.06,2193.84,17.4,,SYD 1,CORE Cluster,Prophet+Wx+Hol
Yo-Chi Barangaroo,NSW,2026-06-17,9065.25,4636.07,13392.51,0.9,14.4438,627.62,165.92,2431.82,17.0,,SYD 1,CORE Cluster,Prophet+Wx+Hol
Yo-Chi Barangaroo,NSW,2026-06-18,9652.27,5244.75,13818.42,0.9,14.4438,668.26,154.88,2108.38,16.8,,SYD 1,CORE Cluster,Prophet+Wx+Hol
Yo-Chi Barangaroo,NSW,2026-06-19,13073.64,8540.62,17124.72,0.9,14.4438,905.14,155.76,2060.07,15.8,,SYD 1,CORE Cluster,Prophet+Wx+Hol
Yo-Chi Barangaroo,NSW,2026-06-20,15716.88,11244.06,20540.47,0.9,14.4438,1088.14,133.94,2055.39,16.2,,SYD 1,CORE Cluster,Prophet+Wx+Hol
Yo-Chi Barangaroo,NSW,2026-06-21,14104.84,9601.38,18363.0,0.9,14.4438,976.53,137.62,2563.13,16.7,,SYD 1,CORE Cluster,Prophet+Wx+Hol
Yo-Chi Barangaroo,NSW,2026-06-22,6319.06,2162.18,10400.87,0.9,14.4438,437.49,108.66,1600.69,15.8,,SYD 1,CORE Cluster,Prophet+Wx+Hol
Yo-Chi Barangaroo,NSW,2026-06-23,8705.78,4307.54,13019.79,0.9,14.4438,602.74,130.36,1711.91,17.4,,SYD 1,CORE Cluster,Prophet+Wx+Hol
Yo-Chi Barangaroo,NSW,2026-06-24,8540.35,4202.89,12786.29,0.9,14.4438,591.28,127.02,1944.55,18.3,,SYD 1,CORE Cluster,Prophet+Wx+Hol
Yo-Chi Barangaroo,NSW,2026-06-25,9217.38,4851.15,13681.13,0.9,14.4438,638.16,121.65,1565.92,17.8,,SYD 1,CORE Cluster,Prophet+Wx+Hol
Yo-Chi Barangaroo,NSW,2026-06-26,13019.21,9074.29,17286.5,0.9,14.4438,901.37,127.81,1513.53,17.6,,SYD 1,CORE Cluster,Prophet+Wx+Hol
Yo-Chi Barangaroo,NSW,2026-06-27,15419.69,10724.88,19591.48,0.9,14.4438,1067.57,114.67,1436.32,16.1,,SYD 1,CORE Cluster,Prophet+Wx+Hol
Yo-Chi Barangaroo,NSW,2026-06-28,13635.34,9575.12,17936.96,0.9,14.4438,944.03,127.75,1895.31,15.0,,SYD 1,CORE Cluster,Prophet+Wx+Hol
Yo-Chi Barangaroo,NSW,2026-06-29,6718.8,2345.75,10982.54,0.9,14.4438,465.17,103.3,1010.61,16.5,,SYD 1,CORE Cluster,Prophet+Wx+Hol
Yo-Chi Barangaroo,NSW,2026-06-30,8926.6,4766.21,13169.97,0.9,14.4438,618.02,135.33,1092.97,16.5,,SYD 1,CORE Cluster,Prophet+Wx+Hol
Yo-Chi Barangaroo,NSW,2026-07-01,8521.46,4199.12,12696.4,0.9,14.4438,589.97,142.38,1300.36,15.6,,SYD 1,CORE Cluster,Prophet+Wx+Hol
Yo-Chi Barangaroo,NSW,2026-07-02,10037.39,5498.15,14211.07,0.9,14.4438,694.93,142.05,1040.1,17.6,,SYD 1,CORE Cluster,Prophet+Wx+Hol
Yo-Chi Barangaroo,NSW,2026-07-03,13872.4,9674.05,18283.05,0.9,14.4438,960.44,156.91,1017.49,16.8,,SYD 1,CORE Cluster,Prophet+Wx+Hol
Yo-Chi Barangaroo,NSW,2026-07-04,16537.88,12412.88,20971.25,0.9,14.4438,1144.98,150.58,1008.45,15.8,,SYD 1,CORE Cluster,Prophet+Wx+Hol
Yo-Chi Barangaroo,NSW,2026-07-05,15455.01,11039.59,19864.19,0.9,14.4438,1070.01,168.07,1604.32,16.9,,SYD 1,CORE Cluster,Prophet+Wx+Hol
Yo-Chi Barangaroo,NSW,2026-07-06,8262.32,4229.03,12647.92,0.9,14.4438,572.03,151.44,720.33,16.8,,SYD 1,CORE Cluster,Prophet+Wx+Hol
Yo-Chi Barangaroo,NSW,2026-07-07,10406.77,6179.01,15177.67,0.9,14.4438,720.5,189.82,850.84,16.2,,SYD 1,CORE Cluster,Prophet+Wx+Hol
Yo-Chi Barangaroo,NSW,2026-07-08,10188.09,5885.77,14184.67,0.9,14.4438,705.36,200.53,1143.3,16.0,,SYD 1,CORE Cluster,Prophet+Wx+Hol
Yo-Chi Barangaroo,NSW,2026-07-09,11402.72,7450.3,15776.15,0.9,14.4438,789.46,204.78,903.18,16.7,,SYD 1,CORE Cluster,Prophet+Wx+Hol
Yo-Chi Barangaroo,NSW,2026-07-10,15245.46,10956.06,19627.91,0.9,14.4438,1055.5,221.49,945.89,16.2,,SYD 1,CORE Cluster,Prophet+Wx+Hol
Yo-Chi Barangaroo,NSW,2026-07-11,18052.0,13491.38,22380.58,0.9,14.4438,1249.81,214.62,1019.24,16.2,,SYD 1,CORE Cluster,Prophet+Wx+Hol
Yo-Chi Barangaroo,NSW,2026-07-12,16750.26,12396.17,21363.25,0.9,14.4438,1159.69,232.24,1653.55,16.9,,SYD 1,CORE Cluster,Prophet+Wx+Hol
Yo-Chi Barangaroo,NSW,2026-07-13,9396.16,5368.53,13403.11,0.9,14.4438,650.53,213.64,794.6,16.7,,SYD 1,CORE Cluster,Prophet+Wx+Hol
Yo-Chi Barangaroo,NSW,2026-07-14,11344.78,7165.04,15678.39,0.9,14.4438,785.44,249.39,956.66,16.2,,SYD 1,CORE Cluster,Prophet+Wx+Hol
Yo-Chi Barangaroo,NSW,2026-07-15,11059.8,7020.03,15144.38,0.9,14.4438,765.71,255.13,1293.66,16.6,,SYD 1,CORE Cluster,Prophet+Wx+Hol
Yo-Chi Barangaroo,NSW,2026-07-16,11582.36,7310.37,16186.83,0.9,14.4438,801.89,256.18,1004.81,15.6,,SYD 1,CORE Cluster,Prophet+Wx+Hol
Yo-Chi Barangaroo,NSW,2026-07-17,15476.79,10997.08,19706.82,0.9,14.4438,1071.52,265.01,1095.29,16.5,,SYD 1,CORE Cluster,Prophet+Wx+Hol
Yo-Chi Barangaroo,NSW,2026-07-18,18010.54,13710.69,22404.42,0.9,14.4438,1246.94,250.64,1166.68,16.6,,SYD 1,CORE Cluster,Prophet+Wx+Hol
Yo-Chi Barangaroo,NSW,2026-07-19,15983.77,11822.66,20173.68,0.9,14.4438,1106.62,262.68,1735.84,15.6,,SYD 1,CORE Cluster,Prophet+Wx+Hol
Yo-Chi Barangaroo,NSW,2026-07-20,8509.13,4402.88,12687.06,0.9,14.4438,589.12,234.55,867.1,16.1,,SYD 1,CORE Cluster,Prophet+Wx+Hol
Yo-Chi Barangaroo,NSW,2026-07-21,10195.63,5897.63,14400.08,0.9,14.4438,705.88,261.73,1008.56,15.9,,SYD 1,CORE Cluster,Prophet+Wx+Hol
Yo-Chi Barangaroo,NSW,2026-07-22,9822.26,5298.04,14022.64,0.9,14.4438,680.03,257.55,1342.54,17.1,,SYD 1,CORE Cluster,Prophet+Wx+Hol
Yo-Chi Barangaroo,NSW,2026-07-23,10248.4,5888.15,14515.97,0.9,14.4438,709.54,248.78,1037.52,17.0,,SYD 1,CORE Cluster,Prophet+Wx+Hol
Yo-Chi Barangaroo,NSW,2026-07-24,13664.2,9438.9,18158.13,0.9,14.4438,946.03,250.13,1060.42,17.0,,SYD 1,CORE Cluster,Prophet+Wx+Hol
Yo-Chi Barangaroo,NSW,2026-07-25,15979.21,11540.08,20362.74,0.9,14.4438,1106.3,227.26,1093.46,17.2,,SYD 1,CORE Cluster,Prophet+Wx+Hol
Yo-Chi Barangaroo,NSW,2026-07-26,14154.12,10063.6,18723.02,0.9,14.4438,979.95,229.88,1679.9,17.9,,SYD 1,CORE Cluster,Prophet+Wx+Hol
Yo-Chi Barangaroo,NSW,2026-07-27,6310.83,2249.27,10452.23,0.9,14.4438,436.92,195.75,730.79,17.5,,SYD 1,CORE Cluster,Prophet+Wx+Hol
Yo-Chi Barangaroo,NSW,2026-07-28,8199.96,4087.85,12583.06,0.9,14.4438,567.72,215.71,881.34,18.6,,SYD 1,CORE Cluster,Prophet+Wx+Hol
Yo-Chi Barangaroo,NSW,2026-07-29,7042.87,2701.21,11147.97,0.9,14.4438,487.61,210.25,1089.81,17.0,,SYD 1,CORE Cluster,Prophet+Wx+Hol
Yo-Chi Barangaroo,NSW,2026-07-30,7376.97,3302.17,11364.84,0.9,14.4438,510.74,197.94,746.01,16.6,,SYD 1,CORE Cluster,Prophet+Wx+Hol
Yo-Chi Barangaroo,NSW,2026-07-31,10891.02,6801.25,15195.87,0.9,14.4438,754.03,196.27,760.65,17.0,,SYD 1,CORE Cluster,Prophet+Wx+Hol
Yo-Chi Barangaroo,NSW,2026-08-01,13475.56,9025.78,17889.22,0.9,14.4438,932.97,170.66,808.98,18.1,,SYD 1,CORE Cluster,Prophet+Wx+Hol
Yo-Chi Barangaroo,NSW,2026-08-02,11389.22,7176.8,15594.39,0.9,14.4438,788.52,175.15,1342.96,17.2,,SYD 1,CORE Cluster,Prophet+Wx+Hol
Yo-Chi Barangaroo,NSW,2026-08-03,4288.04,106.6,8364.35,0.9,14.4438,296.88,138.73,462.09,19.1,,SYD 1,CORE Cluster,Prophet+Wx+Hol
Yo-Chi Barangaroo,NSW,2026-08-04,5912.37,1894.66,10436.73,0.9,14.4438,409.34,163.5,560.63,18.3,,SYD 1,CORE Cluster,Prophet+Wx+Hol
Yo-Chi Barangaroo,NSW,2026-08-05,5381.07,1146.77,9490.55,0.9,14.4438,372.55,159.18,841.06,18.3,,SYD 1,CORE Cluster,Prophet+Wx+Hol
Yo-Chi Barangaroo,NSW,2026-08-06,5789.75,1244.29,9984.15,0.9,14.4438,400.85,151.86,491.13,17.1,,SYD 1,CORE Cluster,Prophet+Wx+Hol
Yo-Chi Barangaroo,NSW,2026-08-07,9156.94,4718.76,13350.76,0.9,14.4438,633.97,157.38,476.78,15.8,,SYD 1,CORE Cluster,Prophet+Wx+Hol
Yo-Chi Barangaroo,NSW,2026-08-08,11926.77,7732.43,15892.26,0.9,14.4438,825.74,137.68,544.54,16.4,,SYD 1,CORE Cluster,Prophet+Wx+Hol
Yo-Chi Barangaroo,NSW,2026-08-09,10462.02,6129.64,14808.86,0.9,14.4438,724.33,146.81,1163.67,16.7,,SYD 1,CORE Cluster,Prophet+Wx+Hol
Yo-Chi Barangaroo,NSW,2026-08-10,3523.56,0.0,7716.05,0.9,14.4438,243.95,117.36,290.09,17.7,,SYD 1,CORE Cluster,Prophet+Wx+Hol
Yo-Chi Barangaroo,NSW,2026-08-11,5718.51,1681.48,9915.19,0.9,14.4438,395.92,147.72,468.89,17.9,,SYD 1,CORE Cluster,Prophet+Wx+Hol
Yo-Chi Barangaroo,NSW,2026-08-12,5622.95,1415.42,9861.75,0.9,14.4438,389.3,149.26,813.5,18.3,,SYD 1,CORE Cluster,Prophet+Wx+Hol
Yo-Chi Barangaroo,NSW,2026-08-13,6609.4,2402.05,11022.36,0.9,14.4438,457.59,146.7,543.31,18.2,,SYD 1,CORE Cluster,Prophet+Wx+Hol
Yo-Chi Barangaroo,NSW,2026-08-14,10196.09,5865.27,14669.66,0.9,14.4438,705.92,158.49,564.55,16.6,,SYD 1,CORE Cluster,Prophet+Wx+Hol
Yo-Chi Barangaroo,NSW,2026-08-15,13324.2,8732.04,17505.31,0.9,14.4438,922.49,143.33,688.58,17.6,,SYD 1,CORE Cluster,Prophet+Wx+Hol
Yo-Chi Barangaroo,NSW,2026-08-16,12171.63,7513.38,16815.75,0.9,14.4438,842.69,156.86,1361.26,18.2,,SYD 1,CORE Cluster,Prophet+Wx+Hol
Yo-Chi Barangaroo,NSW,2026-08-17,5152.11,634.56,9202.76,0.9,14.4438,356.7,132.54,468.24,17.9,,SYD 1,CORE Cluster,Prophet+Wx+Hol
Yo-Chi Barangaroo,NSW,2026-08-18,7242.95,3154.13,11384.87,0.9,14.4438,501.46,167.66,638.74,17.1,,SYD 1,CORE Cluster,Prophet+Wx+Hol
Yo-Chi Barangaroo,NSW,2026-08-19,7314.16,2921.83,11792.75,0.9,14.4438,506.39,171.02,1013.04,17.7,,SYD 1,CORE Cluster,Prophet+Wx+Hol
Yo-Chi Barangaroo,NSW,2026-08-20,8675.51,4118.53,13265.9,0.9,14.4438,600.64,167.88,795.55,18.8,,SYD 1,CORE Cluster,Prophet+Wx+Hol
Yo-Chi Barangaroo,NSW,2026-08-21,12814.61,8510.52,17305.68,0.9,14.4438,887.21,177.03,897.91,19.4,,SYD 1,CORE Cluster,Prophet+Wx+Hol
Yo-Chi Barangaroo,NSW,2026-08-22,15783.87,11243.38,20295.78,0.9,14.4438,1092.78,161.54,1001.65,19.9,,SYD 1,CORE Cluster,Prophet+Wx+Hol
Yo-Chi Barangaroo,NSW,2026-08-23,14371.34,9730.29,18579.18,0.9,14.4438,994.99,174.6,1641.52,19.6,,SYD 1,CORE Cluster,Prophet+Wx+Hol
Yo-Chi Barangaroo,NSW,2026-08-24,7031.78,2770.91,11235.11,0.9,14.4438,486.84,148.73,687.33,18.4,,SYD 1,CORE Cluster,Prophet+Wx+Hol
Yo-Chi Barangaroo,NSW,2026-08-25,9250.76,4582.37,13467.26,0.9,14.4438,640.47,179.48,874.44,18.7,,SYD 1,CORE Cluster,Prophet+Wx+Hol
Yo-Chi Barangaroo,NSW,2026-08-26,8966.01,4616.43,13421.79,0.9,14.4438,620.75,179.97,1195.95,18.5,,SYD 1,CORE Cluster,Prophet+Wx+Hol
Yo-Chi Barangaroo,NSW,2026-08-27,10086.9,5726.16,14635.74,0.9,14.4438,698.36,172.56,936.04,19.5,,SYD 1,CORE Cluster,Prophet+Wx+Hol
Yo-Chi Barangaroo,NSW,2026-08-28,13882.43,9172.8,18707.63,0.9,14.4438,961.14,177.65,984.89,19.6,,SYD 1,CORE Cluster,Prophet+Wx+Hol
Yo-Chi Barangaroo,NSW,2026-08-29,16567.46,11837.15,21416.65,0.9,14.4438,1147.03,157.21,1042.53,19.9,,SYD 1,CORE Cluster,Prophet+Wx+Hol
Yo-Chi Barangaroo,NSW,2026-08-30,15617.08,10695.51,20261.74,0.9,14.4438,1081.23,161.54,1746.82,22.5,,SYD 1,CORE Cluster,Prophet+Wx+Hol
Yo-Chi Barangaroo,NSW,2026-08-31,7762.75,3254.51,12347.04,0.9,14.4438,537.45,132.06,697.46,20.0,,SYD 1,CORE Cluster,Prophet+Wx+Hol
Yo-Chi Barangaroo,NSW,2026-09-01,9638.98,5134.18,14127.96,0.9,14.4438,667.34,159.06,830.4,19.8,,SYD 1,CORE Cluster,Prophet+Wx+Hol
Yo-Chi Barangaroo,NSW,2026-09-02,9228.16,4854.99,14096.23,0.9,14.4438,638.9,154.7,1129.65,20.0,,SYD 1,CORE Cluster,Prophet+Wx+Hol
Yo-Chi Barangaroo,NSW,2026-09-03,9982.69,5399.11,14663.28,0.9,14.4438,691.14,144.27,808.31,20.3,,SYD 1,CORE Cluster,Prophet+Wx+Hol
Yo-Chi Barangaroo,NSW,2026-09-04,13573.54,8900.86,18088.8,0.9,14.4438,939.75,146.29,824.43,20.4,,SYD 1,CORE Cluster,Prophet+Wx+Hol
Yo-Chi Barangaroo,NSW,2026-09-05,16055.74,11257.7,21087.58,0.9,14.4438,1111.6,123.32,850.1,20.4,,SYD 1,CORE Cluster,Prophet+Wx+Hol
Yo-Chi Barangaroo,NSW,2026-09-06,14270.91,9740.7,18877.55,0.9,14.4438,988.03,129.98,1435.4,20.0,,SYD 1,CORE Cluster,Prophet+Wx+Hol
Yo-Chi Barangaroo,NSW,2026-09-07,7292.31,2964.63,11647.1,0.9,14.4438,504.88,93.94,498.06,21.3,,SYD 1,CORE Cluster,Prophet+Wx+Hol
Yo-Chi Barangaroo,NSW,2026-09-08,9200.89,4753.77,13613.29,0.9,14.4438,637.01,120.62,637.2,21.4,,SYD 1,CORE Cluster,Prophet+Wx+Hol
Yo-Chi Barangaroo,NSW,2026-09-09,8769.96,4099.46,13265.27,0.9,14.4438,607.18,116.92,936.45,21.5,,SYD 1,CORE Cluster,Prophet+Wx+Hol
Yo-Chi Barangaroo,NSW,2026-09-10,9024.35,4724.97,13562.08,0.9,14.4438,624.79,110.73,539.96,19.5,,SYD 1,CORE Cluster,Prophet+Wx+Hol
Yo-Chi Barangaroo,NSW,2026-09-11,12934.35,8350.78,17926.78,0.9,14.4438,895.5,113.35,607.27,20.6,,SYD 1,CORE Cluster,Prophet+Wx+Hol
Yo-Chi Barangaroo,NSW,2026-09-12,15674.99,10727.41,20464.25,0.9,14.4438,1085.24,91.84,675.54,21.2,,SYD 1,CORE Cluster,Prophet+Wx+Hol
Yo-Chi Barangaroo,NSW,2026-09-13,13604.53,8651.96,18335.21,0.9,14.4438,941.9,104.21,1226.5,18.9,,SYD 1,CORE Cluster,Prophet+Wx+Hol
Yo-Chi Barangaroo,NSW,2026-09-14,6721.48,2067.2,10683.68,0.9,14.4438,465.35,71.84,294.32,19.7,,SYD 1,CORE Cluster,Prophet+Wx+Hol
Yo-Chi Barangaroo,NSW,2026-09-15,8866.08,4310.7,13277.79,0.9,14.4438,613.83,102.37,474.64,20.0,,SYD 1,CORE Cluster,Prophet+Wx+Hol
Yo-Chi Barangaroo,NSW,2026-09-16,9391.81,4920.12,13744.33,0.9,14.4438,650.23,98.29,922.89,23.1,,SYD 1,CORE Cluster,Prophet+Wx+Hol
Yo-Chi Barangaroo,NSW,2026-09-17,10690.34,6197.16,15355.58,0.9,14.4438,740.13,91.22,682.49,24.4,,SYD 1,CORE Cluster,Prophet+Wx+Hol
Yo-Chi Barangaroo,NSW,2026-09-18,14389.04,9481.68,19219.79,0.9,14.4438,996.21,100.09,724.57,23.7,,SYD 1,CORE Cluster,Prophet+Wx+Hol
Yo-Chi Barangaroo,NSW,2026-09-19,17432.82,12163.17,22655.64,0.9,14.4438,1206.94,81.35,843.55,24.7,,SYD 1,CORE Cluster,Prophet+Wx+Hol
Yo-Chi Barangaroo,NSW,2026-09-20,15984.26,11050.05,20903.19,0.9,14.4438,1106.65,94.69,1494.8,24.0,,SYD 1,CORE Cluster,Prophet+Wx+Hol
Yo-Chi Barangaroo,NSW,2026-09-21,8594.85,4281.16,12821.62,0.9,14.4438,595.06,68.82,476.32,21.7,,SYD 1,CORE Cluster,Prophet+Wx+Hol
Yo-Chi Barangaroo,NSW,2026-09-22,10681.91,6029.94,15365.51,0.9,14.4438,739.55,103.14,652.63,21.0,,SYD 1,CORE Cluster,Prophet+Wx+Hol
Yo-Chi Barangaroo,NSW,2026-09-23,10704.5,6352.61,15752.83,0.9,14.4438,741.12,104.26,1030.84,21.4,,SYD 1,CORE Cluster,Prophet+Wx+Hol
Yo-Chi Barangaroo,NSW,2026-09-24,12021.92,7355.16,16454.84,0.9,14.4438,832.33,98.45,792.85,22.4,,SYD 1,CORE Cluster,Prophet+Wx+Hol
Yo-Chi Barangaroo,NSW,2026-09-25,16230.37,10823.21,21660.78,0.9,14.4438,1123.69,104.93,915.74,23.5,,SYD 1,CORE Cluster,Prophet+Wx+Hol
Yo-Chi Barangaroo,NSW,2026-09-26,18057.45,12772.15,23200.46,0.9,14.4438,1250.19,92.68,854.18,19.3,,SYD 1,CORE Cluster,Prophet+Wx+Hol
Yo-Chi Barangaroo,NSW,2026-09-27,17205.44,12199.21,22563.76,0.9,14.4438,1191.2,101.45,1603.22,21.1,,SYD 1,CORE Cluster,Prophet+Wx+Hol
Yo-Chi Barangaroo,NSW,2026-09-28,10181.2,5617.24,14583.37,0.9,14.4438,704.88,71.17,629.46,20.6,,SYD 1,CORE Cluster,Prophet+Wx+Hol
Yo-Chi Barangaroo,NSW,2026-09-29,12351.41,7754.06,17334.17,0.9,14.4438,855.14,102.45,825.06,20.7,,SYD 1,CORE Cluster,Prophet+Wx+Hol
Yo-Chi Barangaroo,NSW,2026-09-30,12237.72,7056.74,16615.34,0.9,14.4438,847.27,100.83,1191.14,21.2,,SYD 1,CORE Cluster,Prophet+Wx+Hol
Yo-Chi Barangaroo,NSW,2026-10-01,13816.52,8790.83,18853.68,0.9,14.4438,956.57,89.25,998.47,24.1,,SYD 1,CORE Cluster,Prophet+Wx+Hol
Yo-Chi Barangaroo,NSW,2026-10-02,16843.02,11790.38,22394.3,0.9,14.4438,1166.11,98.24,951.98,21.4,,SYD 1,CORE Cluster,Prophet+Wx+Hol
Yo-Chi Barangaroo,NSW,2026-10-03,20115.63,14514.97,26314.39,0.9,14.4438,1392.68,72.47,1123.69,24.5,,SYD 1,CORE Cluster,Prophet+Wx+Hol
Yo-Chi Barangaroo,NSW,2026-10-04,18451.78,12746.47,24024.17,0.9,14.4438,1277.49,81.41,1767.11,24.2,,SYD 1,CORE Cluster,Prophet+Wx+Hol
Yo-Chi Barangaroo,NSW,2026-10-05,14850.15,9593.05,20082.27,0.9,14.4438,1028.14,72.09,742.74,23.8,Labour Day,SYD 1,CORE Cluster,Prophet+Wx+Hol
Yo-Chi Barangaroo,NSW,2026-10-06,11991.14,7123.12,17049.22,0.9,14.4438,830.19,90.59,915.59,23.2,,SYD 1,CORE Cluster,Prophet+Wx+Hol
Yo-Chi Barangaroo,NSW,2026-10-07,12326.02,7291.52,17232.54,0.9,14.4438,853.38,75.06,1220.76,23.7,,SYD 1,CORE Cluster,Prophet+Wx+Hol
Yo-Chi Barangaroo,NSW,2026-10-08,12645.48,7667.42,17768.44,0.9,14.4438,875.5,67.75,852.78,22.9,,SYD 1,CORE Cluster,Prophet+Wx+Hol
Yo-Chi Barangaroo,NSW,2026-10-09,15619.49,10676.51,20871.18,0.9,14.4438,1081.4,74.78,821.91,21.6,,SYD 1,CORE Cluster,Prophet+Wx+Hol
Yo-Chi Barangaroo,NSW,2026-10-10,18230.32,12708.57,24072.89,0.9,14.4438,1262.16,51.27,917.85,23.3,,SYD 1,CORE Cluster,Prophet+Wx+Hol
Yo-Chi Barangaroo,NSW,2026-10-11,16168.18,10724.42,21849.83,0.9,14.4438,1119.39,62.48,1528.85,22.7,,SYD 1,CORE Cluster,Prophet+Wx+Hol
Yo-Chi Barangaroo,NSW,2026-10-12,8818.29,4117.21,13639.66,0.9,14.4438,610.53,29.9,518.57,23.1,,SYD 1,CORE Cluster,Prophet+Wx+Hol
Yo-Chi Barangaroo,NSW,2026-10-13,9975.05,5499.39,15061.4,0.9,14.4438,690.61,65.63,603.97,21.6,,SYD 1,CORE Cluster,Prophet+Wx+Hol
Yo-Chi Barangaroo,NSW,2026-10-14,9778.44,5401.65,14558.76,0.9,14.4438,677.0,63.8,1007.57,24.1,,SYD 1,CORE Cluster,Prophet+Wx+Hol
Yo-Chi Barangaroo,NSW,2026-10-15,9621.24,4802.31,14143.43,0.9,14.4438,666.12,63.66,584.8,22.0,,SYD 1,CORE Cluster,Prophet+Wx+Hol
Yo-Chi Barangaroo,NSW,2026-10-16,12814.02,7414.32,18108.3,0.9,14.4438,887.17,74.8,611.24,22.0,,SYD 1,CORE Cluster,Prophet+Wx+Hol
Yo-Chi Barangaroo,NSW,2026-10-17,15120.76,10094.42,20444.77,0.9,14.4438,1046.87,59.26,680.65,22.8,,SYD 1,CORE Cluster,Prophet+Wx+Hol
Yo-Chi Barangaroo,NSW,2026-10-18,13083.68,8095.25,18193.17,0.9,14.4438,905.83,77.78,1316.06,22.2,,SYD 1,CORE Cluster,Prophet+Wx+Hol
Yo-Chi Barangaroo,NSW,2026-10-19,5797.12,1436.37,9953.28,0.9,14.4438,401.36,52.6,314.95,22.6,,SYD 1,CORE Cluster,Prophet+Wx+Hol
Yo-Chi Barangaroo,NSW,2026-10-20,7533.73,2986.78,12364.56,0.9,14.4438,521.59,93.66,502.42,23.1,,SYD 1,CORE Cluster,Prophet+Wx+Hol
Yo-Chi Barangaroo,NSW,2026-10-21,6625.34,2102.69,11079.88,0.9,14.4438,458.7,105.07,800.83,21.8,,SYD 1,CORE Cluster,Prophet+Wx+Hol
Yo-Chi Barangaroo,NSW,2026-10-22,8120.14,3627.53,13023.01,0.9,14.4438,562.19,103.61,636.83,25.8,,SYD 1,CORE Cluster,Prophet+Wx+Hol
Yo-Chi Barangaroo,NSW,2026-10-23,11296.36,6287.73,16190.23,0.9,14.4438,782.09,123.7,657.98,24.8,,SYD 1,CORE Cluster,Prophet+Wx+Hol
Yo-Chi Barangaroo,NSW,2026-10-24,13183.36,8182.68,18894.1,0.9,14.4438,912.74,118.98,652.7,22.6,,SYD 1,CORE Cluster,Prophet+Wx+Hol
Yo-Chi Barangaroo,NSW,2026-10-25,11393.38,6426.94,16601.48,0.9,14.4438,788.81,144.04,1317.81,21.7,,SYD 1,CORE Cluster,Prophet+Wx+Hol
Yo-Chi Barangaroo,NSW,2026-10-26,4003.15,0.0,8364.15,0.9,14.4438,277.15,126.4,267.89,20.2,,SYD 1,CORE Cluster,Prophet+Wx+Hol
Yo-Chi Barangaroo,NSW,2026-10-27,6375.47,1870.41,10749.49,0.9,14.4438,441.4,169.87,537.09,21.9,,SYD 1,CORE Cluster,Prophet+Wx+Hol
Yo-Chi Barangaroo,NSW,2026-10-28,6060.2,1534.98,10257.88,0.9,14.4438,419.57,182.46,906.5,21.8,,SYD 1,CORE Cluster,Prophet+Wx+Hol
Yo-Chi Barangaroo,NSW,2026-10-29,7225.42,2829.3,11961.2,0.9,14.4438,500.24,186.42,659.11,22.9,,SYD 1,CORE Cluster,Prophet+Wx+Hol
Yo-Chi Barangaroo,NSW,2026-10-30,10972.47,5896.96,15894.1,0.9,14.4438,759.67,204.95,742.41,23.0,,SYD 1,CORE Cluster,Prophet+Wx+Hol
Yo-Chi Barangaroo,NSW,2026-10-31,14100.15,8363.54,19575.48,0.9,14.4438,976.21,192.57,905.38,24.8,,SYD 1,CORE Cluster,Prophet+Wx+Hol
Yo-Chi Barangaroo,NSW,2026-11-01,11931.79,7114.03,16766.19,0.9,14.4438,826.09,219.0,1480.0,21.1,,SYD 1,CORE Cluster,Prophet+Wx+Hol
Yo-Chi Barangaroo,NSW,2026-11-02,5125.0,917.65,9632.69,0.9,14.4438,354.82,194.63,477.03,20.9,,SYD 1,CORE Cluster,Prophet+Wx+Hol
Yo-Chi Barangaroo,NSW,2026-11-03,7951.89,2916.17,12757.51,0.9,14.4438,550.54,231.03,791.12,23.8,,SYD 1,CORE Cluster,Prophet+Wx+Hol
Yo-Chi Barangaroo,NSW,2026-11-04,7320.73,2706.61,12001.3,0.9,14.4438,506.84,239.63,1081.29,21.6,,SYD 1,CORE Cluster,Prophet+Wx+Hol
Yo-Chi Barangaroo,NSW,2026-11-05,8200.96,3480.92,13321.75,0.9,14.4438,567.78,237.86,757.69,21.2,,SYD 1,CORE Cluster,Prophet+Wx+Hol
Yo-Chi Barangaroo,NSW,2026-11-06,12298.41,7304.24,17681.94,0.9,14.4438,851.47,245.44,876.65,22.6,,SYD 1,CORE Cluster,Prophet+Wx+Hol
Yo-Chi Barangaroo,NSW,2026-11-07,15595.78,9443.07,21559.34,0.9,14.4438,1079.76,221.88,1050.54,25.2,,SYD 1,CORE Cluster,Prophet+Wx+Hol
Yo-Chi Barangaroo,NSW,2026-11-08,14079.63,8174.54,19553.7,0.9,14.4438,974.79,233.72,1720.83,24.5,,SYD 1,CORE Cluster,Prophet+Wx+Hol
Yo-Chi Barangaroo,NSW,2026-11-09,6646.94,1838.62,11438.49,0.9,14.4438,460.19,201.95,592.28,22.0,,SYD 1,CORE Cluster,Prophet+Wx+Hol
Yo-Chi Barangaroo,NSW,2026-11-10,8757.96,3818.06,13484.59,0.9,14.4438,606.35,231.67,788.78,22.6,,SYD 1,CORE Cluster,Prophet+Wx+Hol
Yo-Chi Barangaroo,NSW,2026-11-11,8673.86,3947.74,13812.8,0.9,14.4438,600.53,225.17,1173.0,23.6,,SYD 1,CORE Cluster,Prophet+Wx+Hol
Yo-Chi Barangaroo,NSW,2026-11-12,9370.53,4485.84,14321.12,0.9,14.4438,648.76,213.14,824.27,23.4,,SYD 1,CORE Cluster,Prophet+Wx+Hol
Yo-Chi Barangaroo,NSW,2026-11-13,12949.51,7098.09,18440.99,0.9,14.4438,896.55,213.21,874.01,23.8,,SYD 1,CORE Cluster,Prophet+Wx+Hol
Yo-Chi Barangaroo,NSW,2026-11-14,15166.69,9104.39,21461.54,0.9,14.4438,1050.05,186.33,890.41,23.1,,SYD 1,CORE Cluster,Prophet+Wx+Hol
Yo-Chi Barangaroo,NSW,2026-11-15,13544.75,7947.25,18962.95,0.9,14.4438,937.76,190.12,1570.66,23.2,,SYD 1,CORE Cluster,Prophet+Wx+Hol
Yo-Chi Barangaroo,NSW,2026-11-16,6766.09,2324.32,11658.72,0.9,14.4438,468.44,146.35,563.04,24.7,,SYD 1,CORE Cluster,Prophet+Wx+Hol
Yo-Chi Barangaroo,NSW,2026-11-17,7672.67,2906.06,12335.05,0.9,14.4438,531.21,178.25,591.3,21.5,,SYD 1,CORE Cluster,Prophet+Wx+Hol
Yo-Chi Barangaroo,NSW,2026-11-18,7417.4,2725.88,12467.16,0.9,14.4438,513.54,168.59,981.55,23.0,,SYD 1,CORE Cluster,Prophet+Wx+Hol
Yo-Chi Barangaroo,NSW,2026-11-19,8132.52,3303.51,12881.27,0.9,14.4438,563.05,153.97,665.41,24.1,,SYD 1,CORE Cluster,Prophet+Wx+Hol
Yo-Chi Barangaroo,NSW,2026-11-20,11430.31,6234.22,17060.49,0.9,14.4438,791.37,155.51,702.42,24.4,,SYD 1,CORE Cluster,Prophet+Wx+Hol
Yo-Chi Barangaroo,NSW,2026-11-21,12880.79,6857.46,19125.66,0.9,14.4438,891.79,135.1,621.61,21.3,,SYD 1,CORE Cluster,Prophet+Wx+Hol
Yo-Chi Barangaroo,NSW,2026-11-22,11534.22,6096.34,16999.55,0.9,14.4438,798.56,140.99,1380.18,23.3,,SYD 1,CORE Cluster,Prophet+Wx+Hol
Yo-Chi Barangaroo,NSW,2026-11-23,4685.14,288.68,9073.69,0.9,14.4438,324.37,103.24,370.71,24.9,,SYD 1,CORE Cluster,Prophet+Wx+Hol
Yo-Chi Barangaroo,NSW,2026-11-24,6030.09,1902.64,10687.81,0.9,14.4438,417.49,140.37,491.51,23.8,,SYD 1,CORE Cluster,Prophet+Wx+Hol
Yo-Chi Barangaroo,NSW,2026-11-25,5660.05,766.53,10273.59,0.9,14.4438,391.87,140.99,877.06,24.8,,SYD 1,CORE Cluster,Prophet+Wx+Hol
Yo-Chi Barangaroo,NSW,2026-11-26,6779.95,2074.47,11301.53,0.9,14.4438,469.4,134.76,631.39,27.4,,SYD 1,CORE Cluster,Prophet+Wx+Hol
Yo-Chi Barangaroo,NSW,2026-11-27,10031.86,4788.94,15385.73,0.9,14.4438,694.55,149.21,659.19,27.0,,SYD 1,CORE Cluster,Prophet+Wx+Hol
Yo-Chi Barangaroo,NSW,2026-11-28,12314.48,6431.83,17872.25,0.9,14.4438,852.58,136.8,707.68,26.7,,SYD 1,CORE Cluster,Prophet+Wx+Hol
Yo-Chi Barangaroo,NSW,2026-11-29,10759.19,5275.47,16676.66,0.9,14.4438,744.9,158.91,1415.18,26.7,,SYD 1,CORE Cluster,Prophet+Wx+Hol
Yo-Chi Barangaroo,NSW,2026-11-30,3268.08,0.0,7705.71,0.9,14.4438,226.26,140.55,252.63,24.0,,SYD 1,CORE Cluster,Prophet+Wx+Hol
Yo-Chi Barangaroo,NSW,2026-12-01,5396.37,706.3,9731.94,0.9,14.4438,373.61,188.32,469.57,24.8,,SYD 1,CORE Cluster,Prophet+Wx+Hol
Yo-Chi Barangaroo,NSW,2026-12-02,4922.27,389.72,9612.17,0.9,14.4438,340.79,205.15,792.22,23.6,,SYD 1,CORE Cluster,Prophet+Wx+Hol
Yo-Chi Barangaroo,NSW,2026-12-03,6218.44,1418.87,11109.27,0.9,14.4438,430.53,212.72,519.11,25.1,,SYD 1,CORE Cluster,Prophet+Wx+Hol
Yo-Chi Barangaroo,NSW,2026-12-04,10008.63,4695.4,15094.39,0.9,14.4438,692.94,237.97,578.28,25.0,,SYD 1,CORE Cluster,Prophet+Wx+Hol
Yo-Chi Barangaroo,NSW,2026-12-05,13328.53,7113.98,19882.82,0.9,14.4438,922.79,231.65,737.81,27.1,,SYD 1,CORE Cluster,Prophet+Wx+Hol
Yo-Chi Barangaroo,NSW,2026-12-06,12272.96,6585.66,18708.25,0.9,14.4438,849.71,262.62,1462.56,27.0,,SYD 1,CORE Cluster,Prophet+Wx+Hol
Yo-Chi Barangaroo,NSW,2026-12-07,6149.13,1204.4,10971.08,0.9,14.4438,425.73,245.34,444.21,28.0,,SYD 1,CORE Cluster,Prophet+Wx+Hol
Yo-Chi Barangaroo,NSW,2026-12-08,7786.56,2587.6,12502.57,0.9,14.4438,539.09,305.51,500.68,24.5,,SYD 1,CORE Cluster,Prophet+Wx+Hol
Yo-Chi Barangaroo,NSW,2026-12-09,8442.3,3392.46,13584.24,0.9,14.4438,584.49,321.39,942.72,26.1,,SYD 1,CORE Cluster,Prophet+Wx+Hol
Yo-Chi Barangaroo,NSW,2026-12-10,9183.51,4062.98,14371.51,0.9,14.4438,635.81,337.26,494.7,23.2,,SYD 1,CORE Cluster,Prophet+Wx+Hol
Yo-Chi Barangaroo,NSW,2026-12-11,13427.6,7077.81,19813.11,0.9,14.4438,929.65,361.74,562.06,23.3,,SYD 1,CORE Cluster,Prophet+Wx+Hol
Yo-Chi Barangaroo,NSW,2026-12-12,16908.68,9330.85,24064.71,0.9,14.4438,1170.66,354.05,684.8,24.5,,SYD 1,CORE Cluster,Prophet+Wx+Hol
Yo-Chi Barangaroo,NSW,2026-12-13,16289.86,9251.87,23540.28,0.9,14.4438,1127.81,379.93,1429.88,25.0,,SYD 1,CORE Cluster,Prophet+Wx+Hol
Yo-Chi Barangaroo,NSW,2026-12-14,10643.83,4794.24,16328.22,0.9,14.4438,736.91,354.6,429.67,26.8,,SYD 1,CORE Cluster,Prophet+Wx+Hol
Yo-Chi Barangaroo,NSW,2026-12-15,12812.58,6611.92,19210.32,0.9,14.4438,887.07,404.76,538.04,24.8,,SYD 1,CORE Cluster,Prophet+Wx+Hol
Yo-Chi Barangaroo,NSW,2026-12-16,13345.37,7091.18,20050.08,0.9,14.4438,923.95,412.67,931.24,25.3,,SYD 1,CORE Cluster,Prophet+Wx+Hol
Yo-Chi Barangaroo,NSW,2026-12-17,14936.5,7888.65,22080.14,0.9,14.4438,1034.11,411.9,610.04,25.8,,SYD 1,CORE Cluster,Prophet+Wx+Hol
Yo-Chi Barangaroo,NSW,2026-12-18,19329.5,11271.83,27766.76,0.9,14.4438,1338.26,422.93,700.85,26.7,,SYD 1,CORE Cluster,Prophet+Wx+Hol
Yo-Chi Barangaroo,NSW,2026-12-19,22650.92,13558.93,32623.61,0.9,14.4438,1568.21,402.17,806.02,27.6,,SYD 1,CORE Cluster,Prophet+Wx+Hol
Yo-Chi Barangaroo,NSW,2026-12-20,20962.44,11923.98,30782.96,0.9,14.4438,1451.31,420.63,1388.7,24.0,,SYD 1,CORE Cluster,Prophet+Wx+Hol
Yo-Chi Barangaroo,NSW,2026-12-21,15149.77,8252.31,22209.44,0.9,14.4438,1048.88,380.25,380.68,25.9,,SYD 1,CORE Cluster,Prophet+Wx+Hol
Yo-Chi Barangaroo,NSW,2026-12-22,17276.08,10081.33,25207.87,0.9,14.4438,1196.09,414.46,530.63,24.9,,SYD 1,CORE Cluster,Prophet+Wx+Hol
Yo-Chi Barangaroo,NSW,2026-12-23,17701.83,9528.08,25748.07,0.9,14.4438,1225.57,406.16,967.47,26.4,,SYD 1,CORE Cluster,Prophet+Wx+Hol
Yo-Chi Barangaroo,NSW,2026-12-24,18636.73,10741.4,27038.25,0.9,14.4438,1290.3,392.92,598.02,25.7,,SYD 1,CORE Cluster,Prophet+Wx+Hol
Yo-Chi Barangaroo,NSW,2026-12-25,4238.08,0.0,8676.94,0.9,14.4438,293.42,13.94,581.58,24.7,Christmas Day,SYD 1,CORE Cluster,Prophet+Wx+Hol
Yo-Chi Barangaroo,NSW,2026-12-26,21514.68,12093.21,31394.18,0.9,14.4438,1489.55,193.85,720.82,24.5,Boxing Day,SYD 1,CORE Cluster,Prophet+Wx+Hol
Yo-Chi Barangaroo,NSW,2026-12-27,21912.13,12515.35,31994.27,0.9,14.4438,1517.06,127.5,1521.75,26.1,,SYD 1,CORE Cluster,Prophet+Wx+Hol
Yo-Chi Barangaroo,NSW,2026-12-28,16668.66,8529.37,24743.38,0.9,14.4438,1154.04,313.38,341.32,24.3,Boxing Day (observed),SYD 1,CORE Cluster,Prophet+Wx+Hol
Yo-Chi Barangaroo,NSW,2026-12-29,18293.49,9729.14,26942.28,0.9,14.4438,1266.53,338.34,506.34,23.3,,SYD 1,CORE Cluster,Prophet+Wx+Hol
Yo-Chi Barangaroo,NSW,2026-12-30,18037.76,8979.91,26726.07,0.9,14.4438,1248.83,323.37,926.09,24.0,,SYD 1,CORE Cluster,Prophet+Wx+Hol
Yo-Chi Barangaroo,NSW,2026-12-31,18643.45,9726.62,27718.81,0.9,14.4438,1290.76,302.19,596.96,24.0,,SYD 1,CORE Cluster,Prophet+Wx+Hol
Yo-Chi Barangaroo,NSW,2027-01-01,26504.58,14495.24,38471.6,0.9,14.4438,1835.02,221.22,660.95,24.1,New Year's Day,SYD 1,CORE Cluster,Prophet+Wx+Hol
Yo-Chi Barangaroo,NSW,2027-01-02,17322.99,9043.12,25848.32,0.9,14.4438,1199.34,87.3,788.72,24.1,,SYD 1,CORE Cluster,Prophet+Wx+Hol
Yo-Chi Barangaroo,NSW,2027-01-03,22638.17,11814.6,33783.26,0.9,14.4438,1567.33,256.29,1575.65,25.2,,SYD 1,CORE Cluster,Prophet+Wx+Hol
Yo-Chi Barangaroo,NSW,2027-01-04,15936.09,8108.45,24191.86,0.9,14.4438,1103.32,204.08,561.55,26.7,,SYD 1,CORE Cluster,Prophet+Wx+Hol
Yo-Chi Barangaroo,NSW,2027-01-05,17001.42,7691.37,25829.77,0.9,14.4438,1177.08,231.79,697.48,24.8,,SYD 1,CORE Cluster,Prophet+Wx+Hol
Yo-Chi Barangaroo,NSW,2027-01-06,16317.19,8406.32,24543.4,0.9,14.4438,1129.7,219.66,1103.77,24.8,,SYD 1,CORE Cluster,Prophet+Wx+Hol
Yo-Chi Barangaroo,NSW,2027-01-07,16557.67,7900.16,25053.86,0.9,14.4438,1146.35,202.59,753.89,24.2,,SYD 1,CORE Cluster,Prophet+Wx+Hol
Yo-Chi Barangaroo,NSW,2027-01-08,19903.15,9671.84,29548.31,0.9,14.4438,1377.97,198.65,882.11,25.4,,SYD 1,CORE Cluster,Prophet+Wx+Hol
Yo-Chi Barangaroo,NSW,2027-01-09,21914.07,11529.76,32844.58,0.9,14.4438,1517.2,167.53,966.02,25.2,,SYD 1,CORE Cluster,Prophet+Wx+Hol
Yo-Chi Barangaroo,NSW,2027-01-10,20803.19,10023.34,31292.7,0.9,14.4438,1440.29,167.17,1862.85,28.3,,SYD 1,CORE Cluster,Prophet+Wx+Hol
Yo-Chi Barangaroo,NSW,2027-01-11,12990.47,5776.24,20337.07,0.9,14.4438,899.38,129.12,633.41,25.1,,SYD 1,CORE Cluster,Prophet+Wx+Hol
Yo-Chi Barangaroo,NSW,2027-01-12,14557.26,6972.52,22734.96,0.9,14.4438,1007.86,160.52,853.87,25.3,,SYD 1,CORE Cluster,Prophet+Wx+Hol
Yo-Chi Barangaroo,NSW,2027-01-13,14214.53,6321.42,21575.32,0.9,14.4438,984.13,153.42,1306.89,26.6,,SYD 1,CORE Cluster,Prophet+Wx+Hol
Yo-Chi Barangaroo,NSW,2027-01-14,14728.2,6860.73,23128.46,0.9,14.4438,1019.69,142.17,977.31,26.8,,SYD 1,CORE Cluster,Prophet+Wx+Hol
Yo-Chi Barangaroo,NSW,2027-01-15,17748.69,8712.41,26996.44,0.9,14.4438,1228.81,148.67,1014.42,26.1,,SYD 1,CORE Cluster,Prophet+Wx+Hol
Yo-Chi Barangaroo,NSW,2027-01-16,19599.23,10147.64,30255.35,0.9,14.4438,1356.93,126.57,1030.6,24.6,,SYD 1,CORE Cluster,Prophet+Wx+Hol
Yo-Chi Barangaroo,NSW,2027-01-17,18078.86,9284.42,27040.29,0.9,14.4438,1251.67,137.32,1813.9,25.1,,SYD 1,CORE Cluster,Prophet+Wx+Hol
Yo-Chi Barangaroo,NSW,2027-01-18,11374.88,3986.0,18156.24,0.9,14.4438,787.53,98.63,728.29,25.8,,SYD 1,CORE Cluster,Prophet+Wx+Hol
Yo-Chi Barangaroo,NSW,2027-01-19,12367.23,4948.2,19809.16,0.9,14.4438,856.23,141.91,797.88,22.6,,SYD 1,CORE Cluster,Prophet+Wx+Hol
Yo-Chi Barangaroo,NSW,2027-01-20,11966.36,5240.21,18671.85,0.9,14.4438,828.48,142.0,1197.44,22.8,,SYD 1,CORE Cluster,Prophet+Wx+Hol
Yo-Chi Barangaroo,NSW,2027-01-21,13199.75,6139.64,20333.8,0.9,14.4438,913.87,131.46,956.33,25.3,,SYD 1,CORE Cluster,Prophet+Wx+Hol
Yo-Chi Barangaroo,NSW,2027-01-22,16633.94,7626.14,25920.55,0.9,14.4438,1151.63,140.38,1033.82,25.6,,SYD 1,CORE Cluster,Prophet+Wx+Hol
Yo-Chi Barangaroo,NSW,2027-01-23,18620.75,8886.04,28494.65,0.9,14.4438,1289.19,121.8,1042.8,23.9,,SYD 1,CORE Cluster,Prophet+Wx+Hol
Yo-Chi Barangaroo,NSW,2027-01-24,17744.96,8265.37,27750.21,0.9,14.4438,1228.55,131.94,1924.28,26.6,,SYD 1,CORE Cluster,Prophet+Wx+Hol
Yo-Chi Barangaroo,NSW,2027-01-25,11457.27,4880.37,18180.69,0.9,14.4438,793.23,93.27,882.4,28.3,,SYD 1,CORE Cluster,Prophet+Wx+Hol
Yo-Chi Barangaroo,NSW,2027-01-26,22452.78,10398.47,34501.8,0.9,14.4438,1554.5,111.34,1177.51,29.8,Australia Day,SYD 1,CORE Cluster,Prophet+Wx+Hol
Yo-Chi Barangaroo,NSW,2027-01-27,9269.3,3140.04,15303.38,0.9,14.4438,641.75,155.57,1373.99,25.6,,SYD 1,CORE Cluster,Prophet+Wx+Hol
Yo-Chi Barangaroo,NSW,2027-01-28,13566.51,5788.51,21588.55,0.9,14.4438,939.26,129.99,1149.42,27.8,,SYD 1,CORE Cluster,Prophet+Wx+Hol
Yo-Chi Barangaroo,NSW,2027-01-29,16617.94,7103.33,26380.47,0.9,14.4438,1150.53,142.47,1166.31,26.2,,SYD 1,CORE Cluster,Prophet+Wx+Hol
Yo-Chi Barangaroo,NSW,2027-01-30,19049.23,9149.94,29638.71,0.9,14.4438,1318.85,120.4,1276.17,26.4,,SYD 1,CORE Cluster,Prophet+Wx+Hol
Yo-Chi Barangaroo,NSW,2027-01-31,17478.92,8243.03,27892.87,0.9,14.4438,1210.13,135.63,2053.15,25.9,,SYD 1,CORE Cluster,Prophet+Wx+Hol
Yo-Chi Barangaroo,NSW,2027-02-01,11172.72,4041.6,18349.03,0.9,14.4438,773.53,96.18,1020.08,27.6,,SYD 1,CORE Cluster,Prophet+Wx+Hol
Yo-Chi Barangaroo,NSW,2027-02-02,12313.75,5093.85,20135.19,0.9,14.4438,852.53,140.7,1135.52,24.7,,SYD 1,CORE Cluster,Prophet+Wx+Hol
Yo-Chi Barangaroo,NSW,2027-02-03,12031.64,4463.95,19617.74,0.9,14.4438,833.0,140.56,1588.15,25.2,,SYD 1,CORE Cluster,Prophet+Wx+Hol
Yo-Chi Barangaroo,NSW,2027-02-04,13075.08,5289.57,21445.13,0.9,14.4438,905.24,131.0,1341.2,26.9,,SYD 1,CORE Cluster,Prophet+Wx+Hol
Yo-Chi Barangaroo,NSW,2027-02-05,16874.81,7513.6,27067.78,0.9,14.4438,1168.31,136.18,1533.52,29.0,,SYD 1,CORE Cluster,Prophet+Wx+Hol
Yo-Chi Barangaroo,NSW,2027-02-06,18515.58,8006.0,28737.41,0.9,14.4438,1281.91,118.27,1521.88,26.1,,SYD 1,CORE Cluster,Prophet+Wx+Hol
Yo-Chi Barangaroo,NSW,2027-02-07,16948.65,6827.12,27287.35,0.9,14.4438,1173.42,132.03,2327.71,26.0,,SYD 1,CORE Cluster,Prophet+Wx+Hol
Yo-Chi Barangaroo,NSW,2027-02-08,9835.84,3115.18,16754.48,0.9,14.4438,680.97,97.03,1144.35,24.4,,SYD 1,CORE Cluster,Prophet+Wx+Hol
Yo-Chi Barangaroo,NSW,2027-02-09,11763.67,4387.49,19152.21,0.9,14.4438,814.45,134.36,1424.17,25.4,,SYD 1,CORE Cluster,Prophet+Wx+Hol
Yo-Chi Barangaroo,NSW,2027-02-10,11273.37,3699.68,18700.92,0.9,14.4438,780.5,134.44,1843.66,25.4,,SYD 1,CORE Cluster,Prophet+Wx+Hol
Yo-Chi Barangaroo,NSW,2027-02-11,12144.8,4346.9,19768.18,0.9,14.4438,840.83,124.83,1557.54,26.7,,SYD 1,CORE Cluster,Prophet+Wx+Hol
Yo-Chi Barangaroo,NSW,2027-02-12,15266.72,5923.13,24792.55,0.9,14.4438,1056.98,134.12,1609.35,26.2,,SYD 1,CORE Cluster,Prophet+Wx+Hol
Yo-Chi Barangaroo,NSW,2027-02-13,17201.27,7430.07,26982.14,0.9,14.4438,1190.91,112.76,1633.09,24.8,,SYD 1,CORE Cluster,Prophet+Wx+Hol
Yo-Chi Barangaroo,NSW,2027-02-14,15738.2,6088.62,25395.77,0.9,14.4438,1089.62,125.1,2432.76,25.4,,SYD 1,CORE Cluster,Prophet+Wx+Hol
Yo-Chi Barangaroo,NSW,2027-02-15,8646.13,2178.68,15011.53,0.9,14.4438,598.61,89.21,1198.78,23.8,,SYD 1,CORE Cluster,Prophet+Wx+Hol
Yo-Chi Barangaroo,NSW,2027-02-16,10571.3,2967.27,18015.48,0.9,14.4438,731.89,126.4,1433.95,25.0,,SYD 1,CORE Cluster,Prophet+Wx+Hol
Yo-Chi Barangaroo,NSW,2027-02-17,10469.57,3065.67,17682.0,0.9,14.4438,724.85,123.14,1877.69,26.7,,SYD 1,CORE Cluster,Prophet+Wx+Hol
Yo-Chi Barangaroo,NSW,2027-02-18,11505.3,3638.1,19218.97,0.9,14.4438,796.56,111.97,1562.13,28.7,,SYD 1,CORE Cluster,Prophet+Wx+Hol
Yo-Chi Barangaroo,NSW,2027-02-19,13952.64,5199.88,22896.08,0.9,14.4438,966.0,126.58,1420.47,25.0,,SYD 1,CORE Cluster,Prophet+Wx+Hol
Yo-Chi Barangaroo,NSW,2027-02-20,16344.24,5898.04,27222.51,0.9,14.4438,1131.58,101.47,1468.97,25.6,,SYD 1,CORE Cluster,Prophet+Wx+Hol
Yo-Chi Barangaroo,NSW,2027-02-21,15143.9,5551.6,25343.17,0.9,14.4438,1048.47,112.16,2258.41,27.1,,SYD 1,CORE Cluster,Prophet+Wx+Hol
Yo-Chi Barangaroo,NSW,2027-02-22,8363.95,1876.86,14831.8,0.9,14.4438,579.07,74.05,1005.21,26.5,,SYD 1,CORE Cluster,Prophet+Wx+Hol
Yo-Chi Barangaroo,NSW,2027-02-23,10056.69,2373.26,17317.52,0.9,14.4438,696.26,113.89,1135.52,26.3,,SYD 1,CORE Cluster,Prophet+Wx+Hol
Yo-Chi Barangaroo,NSW,2027-02-24,9296.75,2248.47,16385.82,0.9,14.4438,643.65,116.48,1395.38,24.7,,SYD 1,CORE Cluster,Prophet+Wx+Hol
Yo-Chi Barangaroo,NSW,2027-02-25,10053.92,3064.19,17518.91,0.9,14.4438,696.07,108.15,972.61,25.1,,SYD 1,CORE Cluster,Prophet+Wx+Hol
Yo-Chi Barangaroo,NSW,2027-02-26,13479.75,4305.0,22790.58,0.9,14.4438,933.26,115.86,984.01,25.5,,SYD 1,CORE Cluster,Prophet+Wx+Hol
Yo-Chi Barangaroo,NSW,2027-02-27,15561.87,5675.83,25965.26,0.9,14.4438,1077.41,93.92,942.07,24.4,,SYD 1,CORE Cluster,Prophet+Wx+Hol
Yo-Chi Barangaroo,NSW,2027-02-28,14626.9,4672.3,24431.6,0.9,14.4438,1012.68,103.71,1769.76,26.7,,SYD 1,CORE Cluster,Prophet+Wx+Hol
Yo-Chi Barangaroo,NSW,2027-03-01,8044.34,1779.87,14350.95,0.9,14.4438,556.94,65.06,533.75,26.6,,SYD 1,CORE Cluster,Prophet+Wx+Hol
Yo-Chi Barangaroo,NSW,2027-03-02,9314.1,2276.65,16617.92,0.9,14.4438,644.85,109.95,587.99,24.2,,SYD 1,CORE Cluster,Prophet+Wx+Hol
Yo-Chi Barangaroo,NSW,2027-03-03,9086.19,2656.17,15839.01,0.9,14.4438,629.07,109.71,975.03,24.7,,SYD 1,CORE Cluster,Prophet+Wx+Hol
Yo-Chi Barangaroo,NSW,2027-03-04,9893.96,2367.84,17365.14,0.9,14.4438,685.0,102.37,592.68,25.1,,SYD 1,CORE Cluster,Prophet+Wx+Hol
Yo-Chi Barangaroo,NSW,2027-03-05,13299.79,3892.04,22446.54,0.9,14.4438,920.8,111.77,648.79,25.4,,SYD 1,CORE Cluster,Prophet+Wx+Hol
Yo-Chi Barangaroo,NSW,2027-03-06,15993.18,5898.91,27488.52,0.9,14.4438,1107.27,86.21,789.14,26.9,,SYD 1,CORE Cluster,Prophet+Wx+Hol
Yo-Chi Barangaroo,NSW,2027-03-07,14534.25,4775.55,25034.62,0.9,14.4438,1006.26,102.03,1586.41,26.7,,SYD 1,CORE Cluster,Prophet+Wx+Hol
Yo-Chi Barangaroo,NSW,2027-03-08,7841.53,1369.98,14505.81,0.9,14.4438,542.9,65.79,392.18,25.9,,SYD 1,CORE Cluster,Prophet+Wx+Hol
Yo-Chi Barangaroo,NSW,2027-03-09,9582.51,2142.43,16995.37,0.9,14.4438,663.44,108.82,629.3,25.7,,SYD 1,CORE Cluster,Prophet+Wx+Hol
Yo-Chi Barangaroo,NSW,2027-03-10,9088.28,2070.91,16338.23,0.9,14.4438,629.22,112.32,1057.33,24.9,,SYD 1,CORE Cluster,Prophet+Wx+Hol
Yo-Chi Barangaroo,NSW,2027-03-11,10005.05,2655.3,17482.82,0.9,14.4438,692.69,105.44,790.0,25.9,,SYD 1,CORE Cluster,Prophet+Wx+Hol
Yo-Chi Barangaroo,NSW,2027-03-12,13271.61,3740.58,23454.88,0.9,14.4438,918.85,117.28,917.1,25.6,,SYD 1,CORE Cluster,Prophet+Wx+Hol
Yo-Chi Barangaroo,NSW,2027-03-13,15464.37,4373.19,26572.8,0.9,14.4438,1070.66,96.63,1053.26,24.9,,SYD 1,CORE Cluster,Prophet+Wx+Hol
Yo-Chi Barangaroo,NSW,2027-03-14,14171.47,4346.84,24495.55,0.9,14.4438,981.15,112.18,1979.2,25.5,,SYD 1,CORE Cluster,Prophet+Wx+Hol
Yo-Chi Barangaroo,NSW,2027-03-15,7589.41,1085.99,13868.63,0.9,14.4438,525.45,75.53,876.25,25.2,,SYD 1,CORE Cluster,Prophet+Wx+Hol
Yo-Chi Barangaroo,NSW,2027-03-16,9841.7,2245.82,17400.9,0.9,14.4438,681.38,115.01,1295.01,27.3,,SYD 1,CORE Cluster,Prophet+Wx+Hol
Yo-Chi Barangaroo,NSW,2027-03-17,9043.08,1567.62,16640.18,0.9,14.4438,626.09,121.07,1726.35,25.2,,SYD 1,CORE Cluster,Prophet+Wx+Hol
Yo-Chi Barangaroo,NSW,2027-03-18,9583.19,2051.11,17102.22,0.9,14.4438,663.48,116.87,1429.73,24.4,,SYD 1,CORE Cluster,Prophet+Wx+Hol
Yo-Chi Barangaroo,NSW,2027-03-19,13083.7,3678.84,22634.87,0.9,14.4438,905.84,126.03,1642.4,25.2,,SYD 1,CORE Cluster,Prophet+Wx+Hol
Yo-Chi Barangaroo,NSW,2027-03-20,15216.42,4197.3,26424.62,0.9,14.4438,1053.49,104.51,1786.65,24.3,,SYD 1,CORE Cluster,Prophet+Wx+Hol
Yo-Chi Barangaroo,NSW,2027-03-21,13565.62,3195.53,24596.03,0.9,14.4438,939.2,121.74,2645.16,23.1,,SYD 1,CORE Cluster,Prophet+Wx+Hol
Yo-Chi Barangaroo,NSW,2027-03-22,7216.34,703.88,13679.23,0.9,14.4438,499.62,81.19,1558.86,23.5,,SYD 1,CORE Cluster,Prophet+Wx+Hol
Yo-Chi Barangaroo,NSW,2027-03-23,8948.73,1529.49,16051.1,0.9,14.4438,619.56,123.14,1839.69,23.1,,SYD 1,CORE Cluster,Prophet+Wx+Hol
Yo-Chi Barangaroo,NSW,2027-03-24,8923.85,1232.98,16470.2,0.9,14.4438,617.83,120.31,2380.67,24.3,,SYD 1,CORE Cluster,Prophet+Wx+Hol
Yo-Chi Barangaroo,NSW,2027-03-25,9804.33,1959.96,18130.27,0.9,14.4438,678.79,110.47,2083.34,24.8,,SYD 1,CORE Cluster,Prophet+Wx+Hol
Yo-Chi Barangaroo,NSW,2027-03-26,7106.24,501.53,13469.78,0.9,14.4438,491.99,166.02,2073.06,24.3,Good Friday,SYD 1,CORE Cluster,Prophet+Wx+Hol
Yo-Chi Barangaroo,NSW,2027-03-27,26783.01,8255.4,46080.98,0.9,14.4438,1854.29,148.77,2161.68,23.2,Easter Saturday,SYD 1,CORE Cluster,Prophet+Wx+Hol
Yo-Chi Barangaroo,NSW,2027-03-28,17636.47,4482.45,30438.65,0.9,14.4438,1221.04,77.85,2877.48,23.6,Easter Sunday,SYD 1,CORE Cluster,Prophet+Wx+Hol
Yo-Chi Barangaroo,NSW,2027-03-29,13654.95,3215.05,24065.32,0.9,14.4438,945.39,70.78,1819.4,23.1,Easter Monday,SYD 1,CORE Cluster,Prophet+Wx+Hol
Yo-Chi Barangaroo,NSW,2027-03-30,9216.69,1430.32,16887.7,0.9,14.4438,638.11,61.17,2048.42,23.0,,SYD 1,CORE Cluster,Prophet+Wx+Hol
Yo-Chi Barangaroo,NSW,2027-03-31,9234.45,1245.71,16873.7,0.9,14.4438,639.34,95.84,2395.94,22.8,,SYD 1,CORE Cluster,Prophet+Wx+Hol
Yo-Chi Barangaroo,NSW,2027-04-01,9966.09,1502.4,18170.79,0.9,14.4438,689.99,84.93,1937.5,22.3,,SYD 1,CORE Cluster,Prophet+Wx+Hol
Yo-Chi Barangaroo,NSW,2027-04-02,13619.09,2719.77,24486.68,0.9,14.4438,942.9,88.01,1980.33,23.2,,SYD 1,CORE Cluster,Prophet+Wx+Hol
Yo-Chi Barangaroo,NSW,2027-04-03,16242.7,4129.39,28916.79,0.9,14.4438,1124.55,57.48,2015.02,23.9,,SYD 1,CORE Cluster,Prophet+Wx+Hol
Yo-Chi Barangaroo,NSW,2027-04-04,14865.25,3136.34,27316.64,0.9,14.4438,1029.18,69.1,2720.36,23.2,,SYD 1,CORE Cluster,Prophet+Wx+Hol
Yo-Chi Barangaroo,NSW,2027-04-05,8535.93,1718.53,16399.35,0.9,14.4438,590.98,25.14,1393.06,22.9,,SYD 1,CORE Cluster,Prophet+Wx+Hol
Yo-Chi Barangaroo,NSW,2027-04-06,10479.52,1601.42,19736.23,0.9,14.4438,725.54,63.89,1515.24,23.1,,SYD 1,CORE Cluster,Prophet+Wx+Hol
Yo-Chi Barangaroo,NSW,2027-04-07,10522.65,1805.3,19563.83,0.9,14.4438,728.53,59.47,1881.42,24.0,,SYD 1,CORE Cluster,Prophet+Wx+Hol
Yo-Chi Barangaroo,NSW,2027-04-08,11130.69,2555.22,20775.54,0.9,14.4438,770.62,51.97,1343.98,22.9,,SYD 1,CORE Cluster,Prophet+Wx+Hol
Yo-Chi Barangaroo,NSW,2027-04-09,14623.49,3698.58,26841.69,0.9,14.4438,1012.44,59.67,1325.77,23.3,,SYD 1,CORE Cluster,Prophet+Wx+Hol
Yo-Chi Barangaroo,NSW,2027-04-10,17003.97,4388.14,30861.25,0.9,14.4438,1177.25,35.05,1301.32,23.1,,SYD 1,CORE Cluster,Prophet+Wx+Hol
Yo-Chi Barangaroo,NSW,2027-04-11,15682.48,3733.64,29077.56,0.9,14.4438,1085.76,51.31,2033.7,22.9,,SYD 1,CORE Cluster,Prophet+Wx+Hol
Yo-Chi Barangaroo,NSW,2027-04-12,9003.14,918.24,16960.94,0.9,14.4438,623.32,15.95,648.43,21.2,,SYD 1,CORE Cluster,Prophet+Wx+Hol
Yo-Chi Barangaroo,NSW,2027-04-13,10962.36,2063.27,20530.09,0.9,14.4438,758.97,61.28,828.62,21.8,,SYD 1,CORE Cluster,Prophet+Wx+Hol
Yo-Chi Barangaroo,NSW,2027-04-14,11060.78,1433.88,21069.77,0.9,14.4438,765.78,63.36,1280.71,23.6,,SYD 1,CORE Cluster,Prophet+Wx+Hol
Yo-Chi Barangaroo,NSW,2027-04-15,11783.76,1575.09,21630.02,0.9,14.4438,815.84,62.3,853.4,23.6,,SYD 1,CORE Cluster,Prophet+Wx+Hol
Yo-Chi Barangaroo,NSW,2027-04-16,14887.34,2790.91,27109.81,0.9,14.4438,1030.71,81.26,858.95,22.9,,SYD 1,CORE Cluster,Prophet+Wx+Hol
Yo-Chi Barangaroo,NSW,2027-04-17,16991.72,4022.56,30428.65,0.9,14.4438,1176.4,66.91,894.49,22.1,,SYD 1,CORE Cluster,Prophet+Wx+Hol
Yo-Chi Barangaroo,NSW,2027-04-18,15501.61,2838.68,27799.8,0.9,14.4438,1073.24,93.1,1722.67,21.9,,SYD 1,CORE Cluster,Prophet+Wx+Hol
Yo-Chi Barangaroo,NSW,2027-04-19,9296.48,808.14,17638.06,0.9,14.4438,643.63,61.7,559.02,23.1,,SYD 1,CORE Cluster,Prophet+Wx+Hol
Yo-Chi Barangaroo,NSW,2027-04-20,10650.87,1311.39,19778.94,0.9,14.4438,737.4,120.7,750.95,21.8,,SYD 1,CORE Cluster,Prophet+Wx+Hol
Yo-Chi Barangaroo,NSW,2027-04-21,9991.79,1499.62,19029.68,0.9,14.4438,691.77,137.17,1182.55,20.9,,SYD 1,CORE Cluster,Prophet+Wx+Hol
Yo-Chi Barangaroo,NSW,2027-04-22,10484.45,1480.53,20394.64,0.9,14.4438,725.88,145.31,840.21,20.7,,SYD 1,CORE Cluster,Prophet+Wx+Hol
Yo-Chi Barangaroo,NSW,2027-04-23,13783.63,1380.28,26271.77,0.9,14.4438,954.3,169.16,1022.63,21.8,,SYD 1,CORE Cluster,Prophet+Wx+Hol
Yo-Chi Barangaroo,NSW,2027-04-24,16025.41,3197.75,30115.12,0.9,14.4438,1109.5,159.2,1213.03,22.6,,SYD 1,CORE Cluster,Prophet+Wx+Hol
Yo-Chi Barangaroo,NSW,2027-04-25,21494.06,4468.54,40148.21,0.9,14.4438,1488.12,124.35,2110.75,21.5,ANZAC Day,SYD 1,CORE Cluster,Prophet+Wx+Hol
Yo-Chi Barangaroo,NSW,2027-04-26,23021.5,4532.64,42073.33,0.9,14.4438,1593.87,460.06,836.05,21.4,ANZAC Day (observed),SYD 1,CORE Cluster,Prophet+Wx+Hol
Yo-Chi Barangaroo,NSW,2027-04-27,8444.27,0.0,16675.46,0.9,14.4438,584.63,68.16,1198.73,21.3,,SYD 1,CORE Cluster,Prophet+Wx+Hol
Yo-Chi Barangaroo,NSW,2027-04-28,8742.57,682.91,17370.49,0.9,14.4438,605.28,246.79,1785.26,22.6,,SYD 1,CORE Cluster,Prophet+Wx+Hol
Yo-Chi Barangaroo,NSW,2027-04-29,9142.35,1275.89,17320.88,0.9,14.4438,632.96,256.69,1462.54,22.5,,SYD 1,CORE Cluster,Prophet+Wx+Hol
Yo-Chi Barangaroo,NSW,2027-04-30,11615.75,1500.31,22491.23,0.9,14.4438,804.2,287.86,1489.23,20.2,,SYD 1,CORE Cluster,Prophet+Wx+Hol
Yo-Chi Barangaroo,NSW,2027-05-01,13463.59,1860.21,25173.89,0.9,14.4438,932.14,280.06,1596.68,19.4,,SYD 1,CORE Cluster,Prophet+Wx+Hol
Yo-Chi Barangaroo,NSW,2027-05-02,11963.81,1417.54,23182.89,0.9,14.4438,828.3,309.71,2523.87,20.0,,SYD 1,CORE Cluster,Prophet+Wx+Hol
Yo-Chi Barangaroo,NSW,2027-05-03,5638.97,0.0,11943.41,0.9,14.4438,390.41,280.22,1363.16,21.1,,SYD 1,CORE Cluster,Prophet+Wx+Hol
Yo-Chi Barangaroo,NSW,2027-05-04,6820.49,436.01,14155.76,0.9,14.4438,472.21,340.83,1544.05,19.6,,SYD 1,CORE Cluster,Prophet+Wx+Hol
Yo-Chi Barangaroo,NSW,2027-05-05,6393.62,0.0,12992.16,0.9,14.4438,442.66,352.87,2018.83,20.1,,SYD 1,CORE Cluster,Prophet+Wx+Hol
Yo-Chi Barangaroo,NSW,2027-05-06,6986.44,0.0,14189.94,0.9,14.4438,483.7,355.88,1646.73,20.5,,SYD 1,CORE Cluster,Prophet+Wx+Hol
Yo-Chi Barangaroo,NSW,2027-05-07,9883.46,398.05,19354.36,0.9,14.4438,684.27,377.73,1667.66,19.7,,SYD 1,CORE Cluster,Prophet+Wx+Hol
Yo-Chi Barangaroo,NSW,2027-05-08,12077.83,1433.48,23332.66,0.9,14.4438,836.2,360.71,1743.2,20.0,,SYD 1,CORE Cluster,Prophet+Wx+Hol
Yo-Chi Barangaroo,NSW,2027-05-09,10466.97,945.29,20897.91,0.9,14.4438,724.67,385.61,2533.38,19.4,,SYD 1,CORE Cluster,Prophet+Wx+Hol
Yo-Chi Barangaroo,NSW,2027-05-10,4231.7,0.0,9298.54,0.9,14.4438,292.98,349.23,1257.95,20.0,,SYD 1,CORE Cluster,Prophet+Wx+Hol
Yo-Chi Barangaroo,NSW,2027-05-11,5802.64,0.0,12238.94,0.9,14.4438,401.74,400.84,1407.92,19.5,,SYD 1,CORE Cluster,Prophet+Wx+Hol
Yo-Chi Barangaroo,NSW,2027-05-12,5604.57,0.0,12142.79,0.9,14.4438,388.03,405.28,1820.25,20.1,,SYD 1,CORE Cluster,Prophet+Wx+Hol
Yo-Chi Barangaroo,NSW,2027-05-13,6289.55,0.0,13265.34,0.9,14.4438,435.45,402.22,1356.71,20.0,,SYD 1,CORE Cluster,Prophet+Wx+Hol
Yo-Chi Barangaroo,NSW,2027-05-14,9540.31,0.0,19488.68,0.9,14.4438,660.51,416.16,1359.61,19.9,,SYD 1,CORE Cluster,Prophet+Wx+Hol
Yo-Chi Barangaroo,NSW,2027-05-15,11728.65,772.87,22752.06,0.9,14.4438,812.02,394.81,1348.52,19.2,,SYD 1,CORE Cluster,Prophet+Wx+Hol
Yo-Chi Barangaroo,NSW,2027-05-16,10543.34,116.37,20325.78,0.9,14.4438,729.96,412.52,2165.77,19.4,,SYD 1,CORE Cluster,Prophet+Wx+Hol
Yo-Chi Barangaroo,NSW,2027-05-17,4301.77,0.0,9758.06,0.9,14.4438,297.83,373.24,817.88,18.9,,SYD 1,CORE Cluster,Prophet+Wx+Hol
Yo-Chi Barangaroo,NSW,2027-05-18,5777.98,0.0,12454.32,0.9,14.4438,400.03,423.89,910.97,16.9,,SYD 1,CORE Cluster,Prophet+Wx+Hol
Yo-Chi Barangaroo,NSW,2027-05-19,5867.89,0.0,12182.23,0.9,14.4438,406.26,424.12,1372.63,17.9,,SYD 1,CORE Cluster,Prophet+Wx+Hol
Yo-Chi Barangaroo,NSW,2027-05-20,6977.06,0.0,14701.54,0.9,14.4438,483.05,416.05,1003.94,18.9,,SYD 1,CORE Cluster,Prophet+Wx+Hol
Yo-Chi Barangaroo,NSW,2027-05-21,10243.49,412.93,20112.07,0.9,14.4438,709.2,429.35,1034.74,18.1,,SYD 1,CORE Cluster,Prophet+Wx+Hol
Yo-Chi Barangaroo,NSW,2027-05-22,12721.0,704.93,25039.03,0.9,14.4438,880.73,404.96,1132.12,18.0,,SYD 1,CORE Cluster,Prophet+Wx+Hol
Yo-Chi Barangaroo,NSW,2027-05-23,11626.94,422.9,22938.15,0.9,14.4438,804.98,422.23,2034.11,18.0,,SYD 1,CORE Cluster,Prophet+Wx+Hol
Yo-Chi Barangaroo,NSW,2027-05-24,5750.4,0.0,12568.45,0.9,14.4438,398.12,379.83,830.36,18.5,,SYD 1,CORE Cluster,Prophet+Wx+Hol
Yo-Chi Barangaroo,NSW,2027-05-25,7807.75,0.0,16079.26,0.9,14.4438,540.56,425.83,1149.63,18.9,,SYD 1,CORE Cluster,Prophet+Wx+Hol
Yo-Chi Barangaroo,NSW,2027-05-26,7737.8,0.0,16284.43,0.9,14.4438,535.72,427.87,1682.12,18.8,,SYD 1,CORE Cluster,Prophet+Wx+Hol
Yo-Chi Barangaroo,NSW,2027-05-27,8521.77,0.0,17236.73,0.9,14.4438,590.0,422.82,1351.26,18.1,,SYD 1,CORE Cluster,Prophet+Wx+Hol
Yo-Chi Barangaroo,NSW,2027-05-28,11968.61,0.0,24010.18,0.9,14.4438,828.63,434.07,1547.79,18.2,,SYD 1,CORE Cluster,Prophet+Wx+Hol
Yo-Chi Barangaroo,NSW,2027-05-29,14310.34,693.43,27618.64,0.9,14.4438,990.76,409.8,1741.99,17.6,,SYD 1,CORE Cluster,Prophet+Wx+Hol
Yo-Chi Barangaroo,NSW,2027-05-30,13336.34,0.0,26655.54,0.9,14.4438,923.33,424.62,2802.8,18.4,,SYD 1,CORE Cluster,Prophet+Wx+Hol
Yo-Chi Barangaroo,NSW,2027-05-31,7355.43,0.0,14935.75,0.9,14.4438,509.25,380.83,1684.3,18.7,,SYD 1,CORE Cluster,Prophet+Wx+Hol
Yo-Chi Barangaroo,NSW,2027-06-01,9097.1,0.0,18646.39,0.9,14.4438,629.83,427.06,2052.46,18.1,,SYD 1,CORE Cluster,Prophet+Wx+Hol
Yo-Chi Barangaroo,NSW,2027-06-02,8739.01,73.51,18476.84,0.9,14.4438,605.04,427.93,2630.79,17.3,,SYD 1,CORE Cluster,Prophet+Wx+Hol
Yo-Chi Barangaroo,NSW,2027-06-03,9388.76,0.0,19681.12,0.9,14.4438,650.02,419.27,2364.49,16.7,,SYD 1,CORE Cluster,Prophet+Wx+Hol
Yo-Chi Barangaroo,NSW,2027-06-04,12596.01,0.0,25051.27,0.9,14.4438,872.07,427.06,2593.19,16.5,,SYD 1,CORE Cluster,Prophet+Wx+Hol
Yo-Chi Barangaroo,NSW,2027-06-05,14869.49,838.04,29627.69,0.9,14.4438,1029.47,396.61,2841.93,16.5,,SYD 1,CORE Cluster,Prophet+Wx+Hol
Yo-Chi Barangaroo,NSW,2027-06-06,13589.41,607.65,27527.35,0.9,14.4438,940.85,407.23,3886.64,16.7,,SYD 1,CORE Cluster,Prophet+Wx+Hol
Yo-Chi Barangaroo,NSW,2027-06-07,7490.06,0.0,15884.45,0.9,14.4438,518.57,356.51,2756.09,17.3,,SYD 1,CORE Cluster,Prophet+Wx+Hol
Yo-Chi Barangaroo,NSW,2027-06-08,8988.14,0.0,18378.73,0.9,14.4438,622.28,396.95,3080.27,16.5,,SYD 1,CORE Cluster,Prophet+Wx+Hol
Yo-Chi Barangaroo,NSW,2027-06-09,8496.9,0.0,17547.11,0.9,14.4438,588.27,390.34,3619.01,16.0,,SYD 1,CORE Cluster,Prophet+Wx+Hol
Yo-Chi Barangaroo,NSW,2027-06-10,8930.97,0.0,18537.43,0.9,14.4438,618.33,374.73,3268.01,15.3,,SYD 1,CORE Cluster,Prophet+Wx+Hol
Yo-Chi Barangaroo,NSW,2027-06-11,12202.41,0.0,25010.32,0.9,14.4438,844.82,372.96,3463.4,16.4,,SYD 1,CORE Cluster,Prophet+Wx+Hol
Yo-Chi Barangaroo,NSW,2027-06-12,14348.16,0.0,28984.42,0.9,14.4438,993.38,334.81,3613.87,16.7,,SYD 1,CORE Cluster,Prophet+Wx+Hol
Yo-Chi Barangaroo,NSW,2027-06-13,12888.01,0.0,27064.44,0.9,14.4438,892.29,339.24,4532.37,16.8,,SYD 1,CORE Cluster,Prophet+Wx+Hol
Yo-Chi Barangaroo,NSW,2027-06-14,9980.25,0.0,20690.07,0.9,14.4438,690.97,445.3,3203.31,16.7,King's Birthday,SYD 1,CORE Cluster,Prophet+Wx+Hol
Yo-Chi Barangaroo,NSW,2027-06-15,6518.56,0.0,14252.34,0.9,14.4438,451.31,199.25,3416.72,16.7,,SYD 1,CORE Cluster,Prophet+Wx+Hol
Yo-Chi Barangaroo,NSW,2027-06-16,7756.62,0.0,16560.1,0.9,14.4438,537.02,303.93,3893.82,17.4,,SYD 1,CORE Cluster,Prophet+Wx+Hol
Yo-Chi Barangaroo,NSW,2027-06-17,8180.46,0.0,17460.5,0.9,14.4438,566.37,284.49,3399.96,17.0,,SYD 1,CORE Cluster,Prophet+Wx+Hol
Yo-Chi Barangaroo,NSW,2027-06-18,11139.85,0.0,23814.57,0.9,14.4438,771.26,283.42,3381.99,16.8,,SYD 1,CORE Cluster,Prophet+Wx+Hol
Yo-Chi Barangaroo,NSW,2027-06-19,13014.26,131.75,26890.41,0.9,14.4438,901.03,247.03,3324.77,15.8,,SYD 1,CORE Cluster,Prophet+Wx+Hol
Yo-Chi Barangaroo,NSW,2027-06-20,11637.81,0.0,24119.53,0.9,14.4438,805.73,252.04,4122.41,16.2,,SYD 1,CORE Cluster,Prophet+Wx+Hol
Yo-Chi Barangaroo,NSW,2027-06-21,5495.13,0.0,12856.24,0.9,14.4438,380.45,197.2,2705.32,16.7,,SYD 1,CORE Cluster,Prophet+Wx+Hol
Yo-Chi Barangaroo,NSW,2027-06-22,6906.21,0.0,15299.2,0.9,14.4438,478.14,237.73,2760.38,15.8,,SYD 1,CORE Cluster,Prophet+Wx+Hol
Yo-Chi Barangaroo,NSW,2027-06-23,6870.59,0.0,14644.63,0.9,14.4438,475.68,228.3,3156.84,17.4,,SYD 1,CORE Cluster,Prophet+Wx+Hol
Yo-Chi Barangaroo,NSW,2027-06-24,7705.52,0.0,16940.01,0.9,14.4438,533.48,213.39,2643.27,18.3,,SYD 1,CORE Cluster,Prophet+Wx+Hol
Yo-Chi Barangaroo,NSW,2027-06-25,10723.79,0.0,22671.79,0.9,14.4438,742.45,222.08,2540.49,17.8,,SYD 1,CORE Cluster,Prophet+Wx+Hol
Yo-Chi Barangaroo,NSW,2027-06-26,12909.14,0.0,27694.99,0.9,14.4438,893.75,194.24,2472.95,17.6,,SYD 1,CORE Cluster,Prophet+Wx+Hol
Yo-Chi Barangaroo,NSW,2027-06-27,11343.57,0.0,23758.9,0.9,14.4438,785.36,214.57,3159.09,16.1,,SYD 1,CORE Cluster,Prophet+Wx+Hol
Yo-Chi Barangaroo,NSW,2027-06-28,5078.63,0.0,11950.71,0.9,14.4438,351.61,175.19,1643.93,15.0,,SYD 1,CORE Cluster,Prophet+Wx+Hol
Yo-Chi Barangaroo,NSW,2027-06-29,7176.05,0.0,15850.11,0.9,14.4438,496.83,224.39,1831.84,16.5,,SYD 1,CORE Cluster,Prophet+Wx+Hol
Yo-Chi Barangaroo,NSW,2027-06-30,7000.94,0.0,15488.68,0.9,14.4438,484.7,232.05,2180.65,16.5,,SYD 1,CORE Cluster,Prophet+Wx+Hol
Yo-Chi Barangaroo,NSW,2027-07-01,7000.94,0.0,15488.68,0.9,14.4438,484.7,232.05,2180.65,,,SYD 1,CORE Cluster,Prophet+Wx+Hol
