venue,state,date,fy,type,servings_sales,servings_lower_90,servings_upper_90,multiplier,atp,transactions,retail_sales,pos_discounts,weather_temp_max,weather_precip_mm,weather_gusts_kmh,weather_extreme_event,public_holiday,cluster,cluster_type,model
Yo-Chi Albert St,QLD,2025-07-01,FY 2026,actual,17959.13,,,,13.8467,1297.0,0.0,-587.52,18.2,0.3,44.6,0,,BRIS,CORE Cluster,
Yo-Chi Albert St,QLD,2025-07-02,FY 2026,actual,16033.85,,,,12.6951,1263.0,110.55,-521.92,16.9,0.0,67.7,0,,BRIS,CORE Cluster,
Yo-Chi Albert St,QLD,2025-07-03,FY 2026,actual,16504.28,,,,12.6373,1306.0,29.36,-622.78,18.5,0.0,66.2,0,,BRIS,CORE Cluster,
Yo-Chi Albert St,QLD,2025-07-04,FY 2026,actual,20148.44,,,,13.7064,1470.0,57.0,-432.93,19.3,0.0,43.6,0,,BRIS,CORE Cluster,
Yo-Chi Albert St,QLD,2025-07-05,FY 2026,actual,20157.82,,,,15.0882,1336.0,38.0,-306.83,21.0,0.0,25.9,0,,BRIS,CORE Cluster,
Yo-Chi Albert St,QLD,2025-07-06,FY 2026,actual,18335.49,,,,14.0072,1309.0,57.0,-396.59,22.9,3.2,27.7,0,,BRIS,CORE Cluster,
Yo-Chi Albert St,QLD,2025-07-07,FY 2026,actual,17699.74,,,,13.0529,1356.0,8.64,-476.85,20.2,4.1,32.4,0,,BRIS,CORE Cluster,
Yo-Chi Albert St,QLD,2025-07-08,FY 2026,actual,18330.33,,,,13.3409,1374.0,69.09,-570.65,20.8,0.0,25.2,0,,BRIS,CORE Cluster,
Yo-Chi Albert St,QLD,2025-07-09,FY 2026,actual,18224.8,,,,13.1303,1388.0,43.18,-456.73,23.9,0.0,20.5,0,,BRIS,CORE Cluster,
Yo-Chi Albert St,QLD,2025-07-10,FY 2026,actual,18411.05,,,,13.3996,1374.0,43.18,-584.99,22.0,0.2,42.1,0,,BRIS,CORE Cluster,
Yo-Chi Albert St,QLD,2025-07-11,FY 2026,actual,19965.45,,,,13.2134,1511.0,82.91,-554.56,19.3,0.0,43.2,0,,BRIS,CORE Cluster,
Yo-Chi Albert St,QLD,2025-07-12,FY 2026,actual,20716.69,,,,14.5892,1420.0,44.91,-471.21,19.5,0.0,29.5,0,,BRIS,CORE Cluster,
Yo-Chi Albert St,QLD,2025-07-13,FY 2026,actual,17974.98,,,,14.1424,1271.0,101.91,-374.27,20.5,0.0,20.5,0,,BRIS,CORE Cluster,
Yo-Chi Albert St,QLD,2025-07-14,FY 2026,actual,13670.54,,,,13.1448,1040.0,65.64,-337.87,21.6,0.0,29.5,0,,BRIS,CORE Cluster,
Yo-Chi Albert St,QLD,2025-07-15,FY 2026,actual,11873.35,,,,11.6634,1018.0,140.27,-499.49,21.9,0.0,22.3,0,,BRIS,CORE Cluster,
Yo-Chi Albert St,QLD,2025-07-16,FY 2026,actual,13430.95,,,,11.7301,1145.0,208.59,-414.84,21.5,0.0,19.1,0,,BRIS,CORE Cluster,
Yo-Chi Albert St,QLD,2025-07-17,FY 2026,actual,14385.71,,,,12.306,1169.0,206.09,-408.32,21.5,0.8,22.0,0,,BRIS,CORE Cluster,
Yo-Chi Albert St,QLD,2025-07-18,FY 2026,actual,16210.68,,,,13.4083,1209.0,168.27,-482.83,19.5,15.1,34.6,0,,BRIS,CORE Cluster,
Yo-Chi Albert St,QLD,2025-07-19,FY 2026,actual,19606.38,,,,13.7685,1424.0,117.82,-529.75,20.0,0.0,29.5,0,,BRIS,CORE Cluster,
Yo-Chi Albert St,QLD,2025-07-20,FY 2026,actual,17428.62,,,,13.284,1312.0,144.18,-641.78,20.7,0.1,28.1,0,,BRIS,CORE Cluster,
Yo-Chi Albert St,QLD,2025-07-21,FY 2026,actual,11669.51,,,,11.5884,1007.0,116.09,-401.99,20.4,0.1,31.7,0,,BRIS,CORE Cluster,
Yo-Chi Albert St,QLD,2025-07-22,FY 2026,actual,14201.87,,,,11.4531,1240.0,70.59,-575.98,21.2,0.0,22.3,0,,BRIS,CORE Cluster,
Yo-Chi Albert St,QLD,2025-07-23,FY 2026,actual,10985.55,,,,11.6868,940.0,200.91,-335.55,21.6,8.7,32.0,0,,BRIS,CORE Cluster,
Yo-Chi Albert St,QLD,2025-07-24,FY 2026,actual,12489.1,,,,11.607,1076.0,227.18,-430.14,18.4,0.0,41.4,0,,BRIS,CORE Cluster,
Yo-Chi Albert St,QLD,2025-07-25,FY 2026,actual,17495.24,,,,12.2003,1434.0,252.41,-506.65,19.1,0.0,24.8,0,,BRIS,CORE Cluster,
Yo-Chi Albert St,QLD,2025-07-26,FY 2026,actual,15256.88,,,,12.9077,1182.0,237.41,-442.49,20.4,18.3,29.5,0,,BRIS,CORE Cluster,
Yo-Chi Albert St,QLD,2025-07-27,FY 2026,actual,19222.39,,,,13.2935,1446.0,294.14,-476.95,19.8,1.4,41.8,0,,BRIS,CORE Cluster,
Yo-Chi Albert St,QLD,2025-07-28,FY 2026,actual,12729.62,,,,11.7867,1080.0,108.41,-437.78,18.5,0.0,50.0,0,,BRIS,CORE Cluster,
Yo-Chi Albert St,QLD,2025-07-29,FY 2026,actual,15000.55,,,,11.7467,1277.0,95.18,-627.44,19.4,0.0,23.8,0,,BRIS,CORE Cluster,
Yo-Chi Albert St,QLD,2025-07-30,FY 2026,actual,14732.43,,,,12.464,1182.0,193.05,-378.52,23.6,2.6,45.7,0,,BRIS,CORE Cluster,
Yo-Chi Albert St,QLD,2025-07-31,FY 2026,actual,15739.98,,,,13.7467,1145.0,173.86,-512.65,18.5,0.0,43.9,0,,BRIS,CORE Cluster,
Yo-Chi Albert St,QLD,2025-08-01,FY 2026,actual,17604.16,,,,13.1669,1337.0,153.14,-534.65,18.5,1.5,25.6,0,,BRIS,CORE Cluster,
Yo-Chi Albert St,QLD,2025-08-02,FY 2026,actual,18590.89,,,,13.7101,1356.0,53.05,-455.05,16.9,0.9,47.5,0,,BRIS,CORE Cluster,
Yo-Chi Albert St,QLD,2025-08-03,FY 2026,actual,16485.62,,,,13.2949,1240.0,93.45,-410.59,20.4,1.0,54.7,0,,BRIS,CORE Cluster,
Yo-Chi Albert St,QLD,2025-08-04,FY 2026,actual,13561.19,,,,12.1625,1115.0,126.27,-332.29,21.9,0.0,38.5,0,,BRIS,CORE Cluster,
Yo-Chi Albert St,QLD,2025-08-05,FY 2026,actual,14019.27,,,,11.6054,1208.0,132.41,-656.66,23.1,0.0,31.0,0,,BRIS,CORE Cluster,
Yo-Chi Albert St,QLD,2025-08-06,FY 2026,actual,16482.92,,,,11.4784,1436.0,126.91,-524.36,22.5,0.0,20.9,0,,BRIS,CORE Cluster,
Yo-Chi Albert St,QLD,2025-08-07,FY 2026,actual,13946.4,,,,11.9609,1166.0,70.23,-309.02,21.2,0.0,35.6,0,,BRIS,CORE Cluster,
Yo-Chi Albert St,QLD,2025-08-08,FY 2026,actual,17113.94,,,,12.3122,1390.0,127.23,-467.71,19.4,4.5,41.4,0,,BRIS,CORE Cluster,
Yo-Chi Albert St,QLD,2025-08-09,FY 2026,actual,18026.61,,,,13.1581,1370.0,74.45,-580.63,19.3,2.7,44.6,0,,BRIS,CORE Cluster,
Yo-Chi Albert St,QLD,2025-08-10,FY 2026,actual,17286.74,,,,12.6829,1363.0,90.95,-533.76,20.2,0.4,41.4,0,,BRIS,CORE Cluster,
Yo-Chi Albert St,QLD,2025-08-11,FY 2026,actual,13043.19,,,,11.7506,1110.0,84.82,-309.96,20.1,0.2,31.3,0,,BRIS,CORE Cluster,
Yo-Chi Albert St,QLD,2025-08-12,FY 2026,actual,13201.36,,,,11.8717,1112.0,187.68,-551.59,20.6,0.0,22.0,0,,BRIS,CORE Cluster,
Yo-Chi Albert St,QLD,2025-08-13,FY 2026,actual,16401.1,,,,13.7593,1192.0,84.64,-325.64,19.4,1.3,22.7,0,The Royal Queensland Show,BRIS,CORE Cluster,
Yo-Chi Albert St,QLD,2025-08-14,FY 2026,actual,11346.52,,,,11.9689,948.0,46.64,-312.13,18.9,3.9,23.4,0,,BRIS,CORE Cluster,
Yo-Chi Albert St,QLD,2025-08-15,FY 2026,actual,16572.24,,,,12.699,1305.0,122.59,-448.61,20.4,0.5,26.3,0,,BRIS,CORE Cluster,
Yo-Chi Albert St,QLD,2025-08-16,FY 2026,actual,19008.56,,,,13.7345,1384.0,106.5,-438.56,22.0,0.0,31.7,0,,BRIS,CORE Cluster,
Yo-Chi Albert St,QLD,2025-08-17,FY 2026,actual,16486.76,,,,13.6254,1210.0,50.36,-401.93,20.1,0.0,31.7,0,,BRIS,CORE Cluster,
Yo-Chi Albert St,QLD,2025-08-18,FY 2026,actual,11288.63,,,,11.933,946.0,46.91,-369.47,19.0,0.0,29.5,0,,BRIS,CORE Cluster,
Yo-Chi Albert St,QLD,2025-08-19,FY 2026,actual,12579.98,,,,12.3092,1022.0,48.36,-602.93,16.5,2.6,28.4,0,,BRIS,CORE Cluster,
Yo-Chi Albert St,QLD,2025-08-20,FY 2026,actual,11302.27,,,,11.9474,946.0,31.64,-378.09,16.5,19.6,28.4,0,,BRIS,CORE Cluster,
Yo-Chi Albert St,QLD,2025-08-21,FY 2026,actual,10731.25,,,,12.2503,876.0,55.73,-363.11,20.1,12.2,33.1,0,,BRIS,CORE Cluster,
Yo-Chi Albert St,QLD,2025-08-22,FY 2026,actual,16702.05,,,,12.4549,1341.0,19.0,-371.21,23.5,0.7,21.6,0,,BRIS,CORE Cluster,
Yo-Chi Albert St,QLD,2025-08-23,FY 2026,actual,21037.29,,,,13.8768,1516.0,63.91,-513.15,23.4,0.0,37.1,0,,BRIS,CORE Cluster,
Yo-Chi Albert St,QLD,2025-08-24,FY 2026,actual,17680.95,,,,13.1947,1340.0,101.27,-494.96,23.2,0.0,25.9,0,,BRIS,CORE Cluster,
Yo-Chi Albert St,QLD,2025-08-25,FY 2026,actual,11407.75,,,,12.123,941.0,72.82,-292.99,22.5,0.1,29.9,0,,BRIS,CORE Cluster,
Yo-Chi Albert St,QLD,2025-08-26,FY 2026,actual,13878.98,,,,11.5755,1199.0,139.55,-689.53,22.5,0.1,27.0,0,,BRIS,CORE Cluster,
Yo-Chi Albert St,QLD,2025-08-27,FY 2026,actual,12912.15,,,,12.3917,1042.0,25.91,-462.61,26.4,0.0,35.3,0,,BRIS,CORE Cluster,
Yo-Chi Albert St,QLD,2025-08-28,FY 2026,actual,14047.91,,,,12.599,1115.0,98.09,-401.89,24.2,0.0,40.7,0,,BRIS,CORE Cluster,
Yo-Chi Albert St,QLD,2025-08-29,FY 2026,actual,18610.07,,,,12.8523,1448.0,131.0,-559.56,23.0,0.0,37.1,0,,BRIS,CORE Cluster,
Yo-Chi Albert St,QLD,2025-08-30,FY 2026,actual,18532.15,,,,13.9654,1327.0,77.64,-565.05,19.0,0.0,61.9,0,,BRIS,CORE Cluster,
Yo-Chi Albert St,QLD,2025-08-31,FY 2026,actual,14982.75,,,,13.8601,1081.0,55.27,-318.49,21.4,0.0,32.8,0,,BRIS,CORE Cluster,
Yo-Chi Albert St,QLD,2025-09-01,FY 2026,actual,10652.71,,,,12.3153,865.0,43.18,-215.15,20.4,0.5,23.8,0,,BRIS,CORE Cluster,
Yo-Chi Albert St,QLD,2025-09-02,FY 2026,actual,15177.54,,,,12.4,1224.0,67.27,-894.88,22.0,3.6,26.6,0,,BRIS,CORE Cluster,
Yo-Chi Albert St,QLD,2025-09-03,FY 2026,actual,12059.31,,,,12.2181,987.0,84.82,-382.0,23.2,0.0,27.7,0,,BRIS,CORE Cluster,
Yo-Chi Albert St,QLD,2025-09-04,FY 2026,actual,13818.21,,,,12.6425,1093.0,81.09,-323.76,23.5,0.0,19.8,0,,BRIS,CORE Cluster,
Yo-Chi Albert St,QLD,2025-09-05,FY 2026,actual,22071.3,,,,13.304,1659.0,59.27,-625.33,24.9,0.8,34.6,0,,BRIS,CORE Cluster,
Yo-Chi Albert St,QLD,2025-09-06,FY 2026,actual,22214.68,,,,14.6922,1512.0,75.91,-441.95,21.0,0.4,40.0,0,,BRIS,CORE Cluster,
Yo-Chi Albert St,QLD,2025-09-07,FY 2026,actual,17105.76,,,,14.4964,1180.0,120.82,-448.74,21.5,0.0,31.7,0,,BRIS,CORE Cluster,
Yo-Chi Albert St,QLD,2025-09-08,FY 2026,actual,11517.12,,,,12.022,958.0,34.55,-296.16,23.4,0.0,33.8,0,,BRIS,CORE Cluster,
Yo-Chi Albert St,QLD,2025-09-09,FY 2026,actual,13389.87,,,,12.5726,1065.0,39.73,-379.85,27.1,0.0,25.2,0,,BRIS,CORE Cluster,
Yo-Chi Albert St,QLD,2025-09-10,FY 2026,actual,12451.06,,,,12.4386,1001.0,60.27,-493.16,27.4,0.0,30.6,0,,BRIS,CORE Cluster,
Yo-Chi Albert St,QLD,2025-09-11,FY 2026,actual,11986.17,,,,11.9862,1000.0,15.45,-299.31,21.0,0.2,57.2,0,,BRIS,CORE Cluster,
Yo-Chi Albert St,QLD,2025-09-12,FY 2026,actual,17160.95,,,,13.08,1312.0,8.64,-415.31,22.8,0.4,30.6,0,,BRIS,CORE Cluster,
Yo-Chi Albert St,QLD,2025-09-13,FY 2026,actual,18745.0,,,,14.4081,1301.0,27.64,-395.86,21.0,1.0,32.0,0,,BRIS,CORE Cluster,
Yo-Chi Albert St,QLD,2025-09-14,FY 2026,actual,18061.02,,,,14.2888,1264.0,69.36,-425.06,22.4,0.1,26.6,0,,BRIS,CORE Cluster,
Yo-Chi Albert St,QLD,2025-09-15,FY 2026,actual,11902.63,,,,12.0107,991.0,50.36,-383.75,22.9,0.0,30.2,0,,BRIS,CORE Cluster,
Yo-Chi Albert St,QLD,2025-09-16,FY 2026,actual,13826.14,,,,11.8883,1163.0,62.18,-319.38,23.5,0.0,35.3,0,,BRIS,CORE Cluster,
Yo-Chi Albert St,QLD,2025-09-17,FY 2026,actual,14990.44,,,,13.0352,1150.0,43.45,-444.25,28.5,0.1,28.1,0,,BRIS,CORE Cluster,
Yo-Chi Albert St,QLD,2025-09-18,FY 2026,actual,14846.23,,,,12.4445,1193.0,44.82,-360.34,27.7,0.0,34.9,0,,BRIS,CORE Cluster,
Yo-Chi Albert St,QLD,2025-09-19,FY 2026,actual,18920.47,,,,13.3055,1422.0,124.91,-489.06,26.8,0.2,34.6,0,,BRIS,CORE Cluster,
Yo-Chi Albert St,QLD,2025-09-20,FY 2026,actual,18029.83,,,,14.0858,1280.0,75.36,-448.32,23.7,0.2,36.0,0,,BRIS,CORE Cluster,
Yo-Chi Albert St,QLD,2025-09-21,FY 2026,actual,18303.63,,,,14.0473,1303.0,125.91,-377.62,26.3,0.0,36.4,0,,BRIS,CORE Cluster,
Yo-Chi Albert St,QLD,2025-09-22,FY 2026,actual,17118.38,,,,13.5968,1259.0,25.91,-406.86,28.8,0.0,27.7,0,,BRIS,CORE Cluster,
Yo-Chi Albert St,QLD,2025-09-23,FY 2026,actual,17814.3,,,,13.1665,1353.0,17.27,-691.15,23.9,0.2,43.6,0,,BRIS,CORE Cluster,
Yo-Chi Albert St,QLD,2025-09-24,FY 2026,actual,18367.42,,,,13.8622,1325.0,80.0,-511.67,25.0,0.0,29.5,0,,BRIS,CORE Cluster,
Yo-Chi Albert St,QLD,2025-09-25,FY 2026,actual,19400.32,,,,13.8475,1401.0,51.82,-464.46,27.7,0.0,30.6,0,,BRIS,CORE Cluster,
Yo-Chi Albert St,QLD,2025-09-26,FY 2026,actual,21850.98,,,,14.0702,1553.0,67.91,-603.15,27.6,0.0,34.2,0,,BRIS,CORE Cluster,
Yo-Chi Albert St,QLD,2025-09-27,FY 2026,actual,21340.46,,,,15.265,1398.0,68.18,-452.92,27.2,0.0,38.5,0,,BRIS,CORE Cluster,
Yo-Chi Albert St,QLD,2025-09-28,FY 2026,actual,19705.64,,,,14.4152,1367.0,97.18,-468.14,29.0,0.0,36.0,0,,BRIS,CORE Cluster,
Yo-Chi Albert St,QLD,2025-09-29,FY 2026,actual,18870.96,,,,13.7343,1374.0,126.91,-849.02,30.9,0.0,35.3,0,,BRIS,CORE Cluster,
Yo-Chi Albert St,QLD,2025-09-30,FY 2026,actual,17539.08,,,,13.1774,1331.0,67.0,-910.92,27.6,0.1,36.0,0,,BRIS,CORE Cluster,
Yo-Chi Albert St,QLD,2025-10-01,FY 2026,actual,19136.93,,,,14.0095,1366.0,53.82,-849.46,28.5,0.2,32.8,0,,BRIS,CORE Cluster,
Yo-Chi Albert St,QLD,2025-10-02,FY 2026,actual,18930.31,,,,14.0955,1343.0,19.0,-718.41,32.8,0.0,36.4,0,,BRIS,CORE Cluster,
Yo-Chi Albert St,QLD,2025-10-03,FY 2026,actual,20425.19,,,,13.8476,1475.0,97.27,-559.58,28.6,0.0,40.7,0,,BRIS,CORE Cluster,
Yo-Chi Albert St,QLD,2025-10-04,FY 2026,actual,19636.56,,,,14.5241,1352.0,101.0,-752.38,26.5,0.0,39.2,0,,BRIS,CORE Cluster,
Yo-Chi Albert St,QLD,2025-10-05,FY 2026,actual,19096.44,,,,14.489,1318.0,63.91,-667.99,28.0,0.0,34.6,0,,BRIS,CORE Cluster,
Yo-Chi Albert St,QLD,2025-10-06,FY 2026,actual,19710.15,,,,15.4832,1273.0,39.73,-408.97,32.2,0.0,38.5,0,King's Birthday,BRIS,CORE Cluster,
Yo-Chi Albert St,QLD,2025-10-07,FY 2026,actual,14272.7,,,,12.5419,1138.0,29.91,-793.88,32.5,0.0,36.7,0,,BRIS,CORE Cluster,
Yo-Chi Albert St,QLD,2025-10-08,FY 2026,actual,14345.03,,,,12.8425,1117.0,20.73,-532.75,30.6,0.0,40.7,0,,BRIS,CORE Cluster,
Yo-Chi Albert St,QLD,2025-10-09,FY 2026,actual,14340.13,,,,12.4588,1151.0,59.27,-689.05,30.4,0.0,47.5,0,,BRIS,CORE Cluster,
Yo-Chi Albert St,QLD,2025-10-10,FY 2026,actual,17725.02,,,,13.3673,1326.0,59.27,-735.73,29.4,0.0,40.7,0,,BRIS,CORE Cluster,
Yo-Chi Albert St,QLD,2025-10-11,FY 2026,actual,19584.55,,,,14.1405,1385.0,72.55,-462.64,32.8,0.0,41.0,0,,BRIS,CORE Cluster,
Yo-Chi Albert St,QLD,2025-10-12,FY 2026,actual,16912.94,,,,14.3209,1181.0,41.73,-664.97,33.2,1.6,33.8,0,,BRIS,CORE Cluster,
Yo-Chi Albert St,QLD,2025-10-13,FY 2026,actual,11743.21,,,,12.5328,937.0,81.73,-295.95,29.3,8.8,36.0,0,,BRIS,CORE Cluster,
Yo-Chi Albert St,QLD,2025-10-14,FY 2026,actual,12521.29,,,,12.1213,1033.0,84.32,-488.64,25.9,2.6,33.1,0,,BRIS,CORE Cluster,
Yo-Chi Albert St,QLD,2025-10-15,FY 2026,actual,13565.12,,,,12.3319,1100.0,31.09,-661.29,26.4,1.8,37.8,0,,BRIS,CORE Cluster,
Yo-Chi Albert St,QLD,2025-10-16,FY 2026,actual,15223.79,,,,12.179,1250.0,62.18,-788.4,26.0,0.0,33.1,0,,BRIS,CORE Cluster,
Yo-Chi Albert St,QLD,2025-10-17,FY 2026,actual,18954.06,,,,12.6868,1494.0,24.45,-781.82,27.5,0.0,38.2,0,,BRIS,CORE Cluster,
Yo-Chi Albert St,QLD,2025-10-18,FY 2026,actual,19512.0,,,,13.3188,1465.0,92.64,-571.82,33.2,3.3,38.5,0,,BRIS,CORE Cluster,
Yo-Chi Albert St,QLD,2025-10-19,FY 2026,actual,18041.4,,,,13.2075,1366.0,60.45,-602.07,28.2,0.6,40.7,0,,BRIS,CORE Cluster,
Yo-Chi Albert St,QLD,2025-10-20,FY 2026,actual,13425.19,,,,11.8702,1131.0,81.18,-472.14,28.8,0.0,33.1,0,,BRIS,CORE Cluster,
Yo-Chi Albert St,QLD,2025-10-21,FY 2026,actual,14036.26,,,,11.9458,1175.0,36.27,-507.7,31.0,0.0,34.6,0,,BRIS,CORE Cluster,
Yo-Chi Albert St,QLD,2025-10-22,FY 2026,actual,15294.84,,,,12.1195,1262.0,74.82,-456.59,29.5,0.0,39.6,0,,BRIS,CORE Cluster,
Yo-Chi Albert St,QLD,2025-10-23,FY 2026,actual,16525.0,,,,12.4529,1327.0,129.91,-480.37,34.7,1.2,42.1,0,,BRIS,CORE Cluster,
Yo-Chi Albert St,QLD,2025-10-24,FY 2026,actual,17632.49,,,,12.8987,1367.0,84.77,-345.21,32.7,0.0,40.7,0,,BRIS,CORE Cluster,
Yo-Chi Albert St,QLD,2025-10-25,FY 2026,actual,19176.94,,,,14.2686,1344.0,126.95,-499.0,27.9,0.0,36.4,0,,BRIS,CORE Cluster,
Yo-Chi Albert St,QLD,2025-10-26,FY 2026,actual,15536.25,,,,13.4863,1152.0,154.55,-337.66,31.5,13.4,42.5,0,,BRIS,CORE Cluster,
Yo-Chi Albert St,QLD,2025-10-27,FY 2026,actual,13168.28,,,,11.4308,1152.0,256.36,-446.64,35.4,0.0,52.9,0,,BRIS,CORE Cluster,
Yo-Chi Albert St,QLD,2025-10-28,FY 2026,actual,7846.35,,,,12.3565,635.0,135.64,-259.19,22.1,32.6,38.9,0,,BRIS,CORE Cluster,
Yo-Chi Albert St,QLD,2025-10-29,FY 2026,actual,12557.05,,,,11.9137,1054.0,150.77,-471.34,25.3,4.1,32.4,0,,BRIS,CORE Cluster,
Yo-Chi Albert St,QLD,2025-10-30,FY 2026,actual,12690.9,,,,12.1328,1046.0,97.18,-339.26,26.2,44.0,31.3,0,,BRIS,CORE Cluster,
Yo-Chi Albert St,QLD,2025-10-31,FY 2026,actual,13810.13,,,,12.1675,1135.0,123.55,-338.09,28.1,20.1,37.4,0,,BRIS,CORE Cluster,
Yo-Chi Albert St,QLD,2025-11-01,FY 2026,actual,14032.61,,,,14.319,980.0,260.36,-435.51,29.6,13.6,37.4,0,,BRIS,CORE Cluster,
Yo-Chi Albert St,QLD,2025-11-02,FY 2026,actual,16847.6,,,,13.0602,1290.0,213.86,-630.84,28.5,0.6,43.2,0,,BRIS,CORE Cluster,
Yo-Chi Albert St,QLD,2025-11-03,FY 2026,actual,11925.61,,,,11.8075,1010.0,74.73,-303.9,30.1,15.4,45.0,0,,BRIS,CORE Cluster,
Yo-Chi Albert St,QLD,2025-11-04,FY 2026,actual,12882.75,,,,12.0512,1069.0,54.0,-391.58,28.2,13.7,37.4,0,,BRIS,CORE Cluster,
Yo-Chi Albert St,QLD,2025-11-05,FY 2026,actual,14919.89,,,,12.8178,1164.0,138.18,-473.3,28.4,0.0,39.6,0,,BRIS,CORE Cluster,
Yo-Chi Albert St,QLD,2025-11-06,FY 2026,actual,13288.11,,,,12.6073,1054.0,50.45,-477.95,25.6,0.8,31.3,0,,BRIS,CORE Cluster,
Yo-Chi Albert St,QLD,2025-11-07,FY 2026,actual,18309.05,,,,12.8575,1424.0,112.45,-1262.56,26.2,0.0,28.1,0,,BRIS,CORE Cluster,
Yo-Chi Albert St,QLD,2025-11-08,FY 2026,actual,18509.32,,,,12.9981,1424.0,124.0,-564.11,29.6,8.6,36.0,0,,BRIS,CORE Cluster,
Yo-Chi Albert St,QLD,2025-11-09,FY 2026,actual,15526.62,,,,13.3966,1159.0,64.09,-497.24,26.4,2.2,25.9,0,,BRIS,CORE Cluster,
Yo-Chi Albert St,QLD,2025-11-10,FY 2026,actual,10505.47,,,,12.4325,845.0,171.32,-275.8,23.0,15.5,32.0,0,,BRIS,CORE Cluster,
Yo-Chi Albert St,QLD,2025-11-11,FY 2026,actual,13606.06,,,,12.2247,1113.0,29.09,-433.66,27.0,0.0,34.9,0,,BRIS,CORE Cluster,
Yo-Chi Albert St,QLD,2025-11-12,FY 2026,actual,13825.95,,,,12.6727,1091.0,77.0,-472.99,24.4,0.0,36.0,0,,BRIS,CORE Cluster,
Yo-Chi Albert St,QLD,2025-11-13,FY 2026,actual,14303.05,,,,11.8599,1206.0,101.5,-402.82,26.7,0.0,44.6,0,,BRIS,CORE Cluster,
Yo-Chi Albert St,QLD,2025-11-14,FY 2026,actual,14991.34,,,,12.5661,1193.0,101.73,-446.91,26.2,24.6,48.2,0,,BRIS,CORE Cluster,
Yo-Chi Albert St,QLD,2025-11-15,FY 2026,actual,17988.93,,,,13.5052,1332.0,186.14,-533.76,30.1,33.2,34.6,0,,BRIS,CORE Cluster,
Yo-Chi Albert St,QLD,2025-11-16,FY 2026,actual,15566.12,,,,13.6306,1142.0,104.27,-452.9,25.4,19.3,34.2,0,,BRIS,CORE Cluster,
Yo-Chi Albert St,QLD,2025-11-17,FY 2026,actual,13726.58,,,,12.062,1138.0,79.36,-341.39,31.4,0.0,45.4,0,,BRIS,CORE Cluster,
Yo-Chi Albert St,QLD,2025-11-18,FY 2026,actual,13073.58,,,,11.8851,1100.0,69.45,-301.28,25.8,0.3,38.9,0,,BRIS,CORE Cluster,
Yo-Chi Albert St,QLD,2025-11-19,FY 2026,actual,14870.06,,,,11.6903,1272.0,129.32,-396.81,27.0,0.0,34.2,0,,BRIS,CORE Cluster,
Yo-Chi Albert St,QLD,2025-11-20,FY 2026,actual,14501.54,,,,12.1048,1198.0,57.23,-441.45,28.2,0.0,31.3,0,,BRIS,CORE Cluster,
Yo-Chi Albert St,QLD,2025-11-21,FY 2026,actual,18008.72,,,,13.1835,1366.0,77.64,-697.67,28.6,6.4,37.1,0,,BRIS,CORE Cluster,
Yo-Chi Albert St,QLD,2025-11-22,FY 2026,actual,19273.71,,,,14.0581,1371.0,86.09,-606.05,27.8,2.6,31.7,0,,BRIS,CORE Cluster,
Yo-Chi Albert St,QLD,2025-11-23,FY 2026,actual,17287.64,,,,14.1008,1226.0,80.14,-663.65,28.5,12.9,28.1,0,,BRIS,CORE Cluster,
Yo-Chi Albert St,QLD,2025-11-24,FY 2026,actual,11727.51,,,,12.0282,975.0,53.64,-305.15,33.8,7.0,37.4,0,,BRIS,CORE Cluster,
Yo-Chi Albert St,QLD,2025-11-25,FY 2026,actual,15983.64,,,,11.9459,1338.0,132.59,-491.15,30.0,2.0,33.5,0,,BRIS,CORE Cluster,
Yo-Chi Albert St,QLD,2025-11-26,FY 2026,actual,13562.82,,,,12.771,1062.0,0.0,-499.08,31.2,19.2,36.0,0,,BRIS,CORE Cluster,
Yo-Chi Albert St,QLD,2025-11-27,FY 2026,actual,12383.1,,,,12.1881,1016.0,90.77,-302.96,33.8,6.6,32.8,0,,BRIS,CORE Cluster,
Yo-Chi Albert St,QLD,2025-11-28,FY 2026,actual,17872.35,,,,12.5244,1427.0,63.59,-721.52,32.2,0.0,33.5,0,,BRIS,CORE Cluster,
Yo-Chi Albert St,QLD,2025-11-29,FY 2026,actual,18085.35,,,,14.1624,1277.0,102.27,-498.05,30.4,3.9,43.9,0,,BRIS,CORE Cluster,
Yo-Chi Albert St,QLD,2025-11-30,FY 2026,actual,18439.37,,,,13.9481,1322.0,96.18,-836.76,30.3,0.1,31.0,0,,BRIS,CORE Cluster,
Yo-Chi Albert St,QLD,2025-12-01,FY 2026,actual,11785.94,,,,12.5382,940.0,36.77,-287.01,29.6,0.0,43.2,0,,BRIS,CORE Cluster,
Yo-Chi Albert St,QLD,2025-12-02,FY 2026,actual,13334.19,,,,12.2444,1089.0,43.64,-352.81,26.8,0.0,45.4,0,,BRIS,CORE Cluster,
Yo-Chi Albert St,QLD,2025-12-03,FY 2026,actual,13521.74,,,,12.7204,1063.0,81.55,-339.92,27.0,0.0,34.9,0,,BRIS,CORE Cluster,
Yo-Chi Albert St,QLD,2025-12-04,FY 2026,actual,12101.51,,,,12.1623,995.0,151.55,-370.18,27.3,0.0,33.8,0,,BRIS,CORE Cluster,
Yo-Chi Albert St,QLD,2025-12-05,FY 2026,actual,16062.89,,,,13.6126,1180.0,110.82,-364.95,27.5,0.0,34.2,0,,BRIS,CORE Cluster,
Yo-Chi Albert St,QLD,2025-12-06,FY 2026,actual,18175.15,,,,14.2662,1274.0,72.45,-362.11,29.0,0.0,38.2,0,,BRIS,CORE Cluster,
Yo-Chi Albert St,QLD,2025-12-07,FY 2026,actual,16652.25,,,,14.0763,1183.0,57.45,-440.04,30.5,5.6,38.9,0,,BRIS,CORE Cluster,
Yo-Chi Albert St,QLD,2025-12-08,FY 2026,actual,14632.96,,,,12.6473,1157.0,35.0,-368.51,27.6,25.7,30.6,0,,BRIS,CORE Cluster,
Yo-Chi Albert St,QLD,2025-12-09,FY 2026,actual,14754.56,,,,12.8412,1149.0,168.09,-438.85,29.5,0.2,29.9,0,,BRIS,CORE Cluster,
Yo-Chi Albert St,QLD,2025-12-10,FY 2026,actual,15695.19,,,,12.5763,1248.0,158.0,-396.23,30.4,0.0,35.6,0,,BRIS,CORE Cluster,
Yo-Chi Albert St,QLD,2025-12-11,FY 2026,actual,15860.66,,,,13.2393,1198.0,273.45,-422.18,28.9,0.0,32.8,0,,BRIS,CORE Cluster,
Yo-Chi Albert St,QLD,2025-12-12,FY 2026,actual,17289.83,,,,13.7003,1262.0,347.86,-450.29,26.1,6.5,30.6,0,,BRIS,CORE Cluster,
Yo-Chi Albert St,QLD,2025-12-13,FY 2026,actual,18594.85,,,,15.0201,1238.0,390.55,-351.25,29.1,6.1,31.0,0,,BRIS,CORE Cluster,
Yo-Chi Albert St,QLD,2025-12-14,FY 2026,actual,19184.92,,,,15.0234,1277.0,84.5,-464.21,30.2,1.3,33.5,0,,BRIS,CORE Cluster,
Yo-Chi Albert St,QLD,2025-12-15,FY 2026,actual,15857.95,,,,13.6354,1163.0,343.68,-322.95,34.3,4.8,40.7,0,,BRIS,CORE Cluster,
Yo-Chi Albert St,QLD,2025-12-16,FY 2026,actual,16678.95,,,,13.29,1255.0,229.23,-437.89,26.1,3.4,49.7,0,,BRIS,CORE Cluster,
Yo-Chi Albert St,QLD,2025-12-17,FY 2026,actual,17720.01,,,,14.0859,1258.0,194.05,-573.76,26.0,0.3,39.2,0,,BRIS,CORE Cluster,
Yo-Chi Albert St,QLD,2025-12-18,FY 2026,actual,16372.34,,,,13.3108,1230.0,171.27,-488.16,28.2,0.0,33.8,0,,BRIS,CORE Cluster,
Yo-Chi Albert St,QLD,2025-12-19,FY 2026,actual,17857.64,,,,14.0501,1271.0,347.0,-379.17,30.6,0.0,35.3,0,,BRIS,CORE Cluster,
Yo-Chi Albert St,QLD,2025-12-20,FY 2026,actual,17768.91,,,,15.3312,1159.0,121.36,-597.47,31.8,0.0,40.3,0,,BRIS,CORE Cluster,
Yo-Chi Albert St,QLD,2025-12-21,FY 2026,actual,17606.25,,,,14.5747,1208.0,117.73,-427.56,33.4,0.0,42.1,0,,BRIS,CORE Cluster,
Yo-Chi Albert St,QLD,2025-12-22,FY 2026,actual,15378.71,,,,13.8173,1113.0,224.64,-444.0,35.7,0.7,42.5,0,,BRIS,CORE Cluster,
Yo-Chi Albert St,QLD,2025-12-23,FY 2026,actual,14394.25,,,,13.8673,1038.0,324.32,-304.84,30.5,9.9,33.5,0,,BRIS,CORE Cluster,
Yo-Chi Albert St,QLD,2025-12-24,FY 2026,actual,8805.83,,,,14.3417,614.0,120.32,-294.29,30.4,15.0,29.5,0,,BRIS,CORE Cluster,
Yo-Chi Albert St,QLD,2025-12-25,FY 2026,actual,0.0,,,,,,0.0,-0.0,33.7,3.0,37.4,0,Christmas Day,BRIS,CORE Cluster,
Yo-Chi Albert St,QLD,2025-12-26,FY 2026,actual,18728.63,,,,16.7819,1116.0,51.82,-469.39,27.7,2.8,37.8,0,Boxing Day,BRIS,CORE Cluster,
Yo-Chi Albert St,QLD,2025-12-27,FY 2026,actual,16989.99,,,,15.4034,1103.0,168.77,-319.95,24.6,0.3,42.8,0,,BRIS,CORE Cluster,
Yo-Chi Albert St,QLD,2025-12-28,FY 2026,actual,16129.21,,,,15.1733,1063.0,151.45,-365.49,25.4,1.9,33.8,0,,BRIS,CORE Cluster,
Yo-Chi Albert St,QLD,2025-12-29,FY 2026,actual,17321.79,,,,14.5439,1191.0,140.18,-343.65,28.6,0.0,40.7,0,,BRIS,CORE Cluster,
Yo-Chi Albert St,QLD,2025-12-30,FY 2026,actual,16963.81,,,,14.8026,1146.0,50.41,-255.84,28.4,0.0,40.3,0,,BRIS,CORE Cluster,
Yo-Chi Albert St,QLD,2025-12-31,FY 2026,actual,18371.75,,,,14.9973,1225.0,73.64,-440.82,31.5,3.3,38.5,0,,BRIS,CORE Cluster,
Yo-Chi Albert St,QLD,2026-01-01,FY 2026,actual,21144.2,,,,17.5325,1206.0,99.91,-293.42,28.8,3.8,31.3,0,New Year's Day,BRIS,CORE Cluster,
Yo-Chi Albert St,QLD,2026-01-02,FY 2026,actual,18478.25,,,,14.7826,1250.0,98.0,-422.26,26.0,2.7,26.3,0,,BRIS,CORE Cluster,
Yo-Chi Albert St,QLD,2026-01-03,FY 2026,actual,17297.09,,,,14.6959,1177.0,112.91,-360.63,26.6,17.4,30.6,0,,BRIS,CORE Cluster,
Yo-Chi Albert St,QLD,2026-01-04,FY 2026,actual,16447.78,,,,14.5684,1129.0,43.18,-273.4,29.6,1.1,32.4,0,,BRIS,CORE Cluster,
Yo-Chi Albert St,QLD,2026-01-05,FY 2026,actual,15373.77,,,,13.5332,1136.0,71.27,-369.91,29.4,2.8,33.5,0,,BRIS,CORE Cluster,
Yo-Chi Albert St,QLD,2026-01-06,FY 2026,actual,15395.66,,,,13.845,1112.0,49.36,-352.58,28.8,2.6,33.5,0,,BRIS,CORE Cluster,
Yo-Chi Albert St,QLD,2026-01-07,FY 2026,actual,16548.04,,,,13.1857,1255.0,99.68,-502.76,29.0,0.5,39.6,0,,BRIS,CORE Cluster,
Yo-Chi Albert St,QLD,2026-01-08,FY 2026,actual,16497.82,,,,13.3586,1235.0,47.91,-319.02,29.5,0.8,37.4,0,,BRIS,CORE Cluster,
Yo-Chi Albert St,QLD,2026-01-09,FY 2026,actual,18216.67,,,,13.7277,1327.0,96.0,-372.33,29.6,0.2,38.9,0,,BRIS,CORE Cluster,
Yo-Chi Albert St,QLD,2026-01-10,FY 2026,actual,17917.25,,,,15.3664,1166.0,108.82,-319.89,30.8,1.3,38.9,0,,BRIS,CORE Cluster,
Yo-Chi Albert St,QLD,2026-01-11,FY 2026,actual,18696.03,,,,14.3926,1299.0,74.27,-761.64,31.9,0.3,32.0,0,,BRIS,CORE Cluster,
Yo-Chi Albert St,QLD,2026-01-12,FY 2026,actual,14836.55,,,,13.1181,1131.0,106.14,-609.52,25.0,17.0,38.2,0,,BRIS,CORE Cluster,
Yo-Chi Albert St,QLD,2026-01-13,FY 2026,actual,16069.99,,,,12.6535,1270.0,56.27,-510.7,30.4,1.2,33.5,0,,BRIS,CORE Cluster,
Yo-Chi Albert St,QLD,2026-01-14,FY 2026,actual,16582.16,,,,12.9649,1279.0,49.32,-391.39,30.6,0.0,40.7,0,,BRIS,CORE Cluster,
Yo-Chi Albert St,QLD,2026-01-15,FY 2026,actual,17124.07,,,,13.5798,1261.0,95.0,-313.49,30.4,0.0,34.2,0,,BRIS,CORE Cluster,
Yo-Chi Albert St,QLD,2026-01-16,FY 2026,actual,18688.76,,,,13.4258,1392.0,60.27,-347.53,30.6,1.2,30.6,0,,BRIS,CORE Cluster,
Yo-Chi Albert St,QLD,2026-01-17,FY 2026,actual,18525.52,,,,14.9159,1242.0,26.36,-399.96,31.0,14.8,34.9,0,,BRIS,CORE Cluster,
Yo-Chi Albert St,QLD,2026-01-18,FY 2026,actual,18235.59,,,,14.6236,1247.0,73.14,-1337.97,28.0,5.9,41.4,0,,BRIS,CORE Cluster,
Yo-Chi Albert St,QLD,2026-01-19,FY 2026,actual,16342.97,,,,12.9809,1259.0,91.09,-420.7,27.9,2.5,48.6,0,,BRIS,CORE Cluster,
Yo-Chi Albert St,QLD,2026-01-20,FY 2026,actual,15657.65,,,,12.7298,1230.0,84.0,-512.46,26.5,1.3,38.2,0,,BRIS,CORE Cluster,
Yo-Chi Albert St,QLD,2026-01-21,FY 2026,actual,16423.4,,,,12.4988,1314.0,47.73,-557.99,27.9,0.2,31.7,0,,BRIS,CORE Cluster,
Yo-Chi Albert St,QLD,2026-01-22,FY 2026,actual,16966.86,,,,12.6524,1341.0,91.05,-367.02,32.5,1.2,34.2,0,,BRIS,CORE Cluster,
Yo-Chi Albert St,QLD,2026-01-23,FY 2026,actual,18592.75,,,,13.3954,1388.0,43.5,-402.34,29.1,21.6,38.9,0,,BRIS,CORE Cluster,
Yo-Chi Albert St,QLD,2026-01-24,FY 2026,actual,19759.89,,,,14.044,1407.0,110.55,-501.5,30.2,1.4,39.6,0,,BRIS,CORE Cluster,
Yo-Chi Albert St,QLD,2026-01-25,FY 2026,actual,18924.06,,,,13.9455,1357.0,113.23,-2278.37,35.5,2.5,41.8,0,,BRIS,CORE Cluster,
Yo-Chi Albert St,QLD,2026-01-26,FY 2026,actual,15710.08,,,,15.3569,1023.0,59.68,-323.4,39.0,0.0,33.5,0,Australia Day,BRIS,CORE Cluster,
Yo-Chi Albert St,QLD,2026-01-27,FY 2026,actual,13320.06,,,,12.2427,1088.0,139.32,-250.95,29.1,0.0,36.7,0,,BRIS,CORE Cluster,
Yo-Chi Albert St,QLD,2026-01-28,FY 2026,actual,13124.84,,,,12.6565,1037.0,49.32,-359.98,31.5,0.0,34.6,0,,BRIS,CORE Cluster,
Yo-Chi Albert St,QLD,2026-01-29,FY 2026,actual,12609.73,,,,12.8018,985.0,19.0,-310.59,30.9,0.1,54.7,0,,BRIS,CORE Cluster,
Yo-Chi Albert St,QLD,2026-01-30,FY 2026,actual,16983.88,,,,13.3416,1273.0,86.55,-576.81,30.4,0.0,44.6,0,,BRIS,CORE Cluster,
Yo-Chi Albert St,QLD,2026-01-31,FY 2026,actual,19777.05,,,,13.8108,1432.0,36.27,-499.06,32.2,0.4,36.4,0,,BRIS,CORE Cluster,
Yo-Chi Albert St,QLD,2026-02-01,FY 2026,actual,17031.1,,,,13.1311,1297.0,55.27,-1986.0,34.1,0.0,37.4,0,,BRIS,CORE Cluster,
Yo-Chi Albert St,QLD,2026-02-02,FY 2026,actual,11606.78,,,,12.7128,913.0,36.27,-199.1,31.9,1.9,59.0,0,,BRIS,CORE Cluster,
Yo-Chi Albert St,QLD,2026-02-03,FY 2026,actual,12810.57,,,,12.2355,1047.0,57.0,-464.76,25.4,0.0,47.5,0,,BRIS,CORE Cluster,
Yo-Chi Albert St,QLD,2026-02-04,FY 2026,actual,0.0,,,,,,0.0,-0.0,28.1,0.0,34.2,0,,BRIS,CORE Cluster,
Yo-Chi Albert St,QLD,2026-02-05,FY 2026,actual,24926.93,,,,11.6648,2136.93,57.5,-704.47,31.5,0.0,36.0,0,,BRIS,CORE Cluster,
Yo-Chi Albert St,QLD,2026-02-06,FY 2026,actual,17131.06,,,,12.9389,1324.0,85.59,-475.69,30.5,0.0,37.8,0,,BRIS,CORE Cluster,
Yo-Chi Albert St,QLD,2026-02-07,FY 2026,actual,19406.57,,,,14.155,1371.0,113.14,-561.99,29.6,0.0,37.8,0,,BRIS,CORE Cluster,
Yo-Chi Albert St,QLD,2026-02-08,FY 2026,actual,19596.26,,,,13.7711,1423.0,65.18,-2150.87,30.2,0.2,36.7,0,,BRIS,CORE Cluster,
Yo-Chi Albert St,QLD,2026-02-09,FY 2026,actual,15286.25,,,,12.4786,1225.0,53.55,-406.75,32.5,0.2,35.3,0,,BRIS,CORE Cluster,
Yo-Chi Albert St,QLD,2026-02-10,FY 2026,actual,13550.62,,,,12.3637,1096.0,25.45,-312.92,32.8,12.9,34.2,0,,BRIS,CORE Cluster,
Yo-Chi Albert St,QLD,2026-02-11,FY 2026,actual,16142.4,,,,13.2315,1220.0,46.18,-421.09,31.6,1.2,36.4,0,,BRIS,CORE Cluster,
Yo-Chi Albert St,QLD,2026-02-12,FY 2026,actual,14481.54,,,,12.4198,1166.0,69.09,-360.54,35.7,2.4,40.7,0,,BRIS,CORE Cluster,
Yo-Chi Albert St,QLD,2026-02-13,FY 2026,actual,15384.05,,,,13.5662,1134.0,134.27,-432.93,25.2,21.7,50.0,0,,BRIS,CORE Cluster,
Yo-Chi Albert St,QLD,2026-02-14,FY 2026,actual,21136.92,,,,15.0548,1404.0,36.27,-733.32,24.7,9.0,45.0,0,,BRIS,CORE Cluster,
Yo-Chi Albert St,QLD,2026-02-15,FY 2026,actual,16791.36,,,,13.8087,1216.0,77.73,-1223.94,21.7,24.1,37.8,0,,BRIS,CORE Cluster,
Yo-Chi Albert St,QLD,2026-02-16,FY 2026,actual,15631.77,,,,12.4259,1258.0,53.55,-467.48,25.4,0.5,48.6,0,,BRIS,CORE Cluster,
Yo-Chi Albert St,QLD,2026-02-17,FY 2026,actual,16597.68,,,,12.3956,1339.0,57.0,-327.32,27.1,0.1,31.7,0,,BRIS,CORE Cluster,
Yo-Chi Albert St,QLD,2026-02-18,FY 2026,actual,17359.86,,,,13.6477,1272.0,114.0,-384.71,29.2,0.0,28.4,0,,BRIS,CORE Cluster,
Yo-Chi Albert St,QLD,2026-02-19,FY 2026,actual,18543.75,,,,13.6451,1359.0,81.18,-445.0,31.5,0.0,27.7,0,,BRIS,CORE Cluster,
Yo-Chi Albert St,QLD,2026-02-20,FY 2026,actual,20064.63,,,,13.9338,1440.0,44.45,-588.52,29.0,0.1,32.8,0,,BRIS,CORE Cluster,
Yo-Chi Albert St,QLD,2026-02-21,FY 2026,actual,21329.14,,,,14.2005,1502.0,106.18,-577.15,28.9,0.0,29.2,0,,BRIS,CORE Cluster,
Yo-Chi Albert St,QLD,2026-02-22,FY 2026,actual,20492.87,,,,14.0651,1457.0,65.64,-2143.53,27.8,0.6,35.3,0,,BRIS,CORE Cluster,
Yo-Chi Albert St,QLD,2026-02-23,FY 2026,actual,14521.45,,,,12.3482,1176.0,63.91,-306.55,28.6,1.2,33.8,0,,BRIS,CORE Cluster,
Yo-Chi Albert St,QLD,2026-02-24,FY 2026,actual,14341.95,,,,12.0825,1187.0,44.91,-392.64,28.0,2.0,36.7,0,,BRIS,CORE Cluster,
Yo-Chi Albert St,QLD,2026-02-25,FY 2026,actual,14024.49,,,,12.0901,1160.0,10.36,-282.23,29.2,1.2,31.3,0,,BRIS,CORE Cluster,
Yo-Chi Albert St,QLD,2026-02-26,FY 2026,actual,16502.1,,,,12.9836,1271.0,69.09,-409.36,28.0,8.1,52.6,0,,BRIS,CORE Cluster,
Yo-Chi Albert St,QLD,2026-02-27,FY 2026,actual,17807.16,,,,13.4191,1327.0,114.0,-610.03,28.2,37.3,48.6,0,,BRIS,CORE Cluster,
Yo-Chi Albert St,QLD,2026-02-28,FY 2026,actual,20826.68,,,,14.5641,1430.0,92.82,-545.22,28.1,3.0,46.4,0,,BRIS,CORE Cluster,
Yo-Chi Albert St,QLD,2026-03-01,FY 2026,actual,19917.23,,,,14.4642,1377.0,60.45,-568.1,27.3,1.3,40.7,0,,BRIS,CORE Cluster,
Yo-Chi Albert St,QLD,2026-03-02,FY 2026,actual,13308.51,,,,12.3227,1080.0,17.73,-420.25,27.0,0.5,34.2,0,,BRIS,CORE Cluster,
Yo-Chi Albert St,QLD,2026-03-03,FY 2026,actual,14671.16,,,,12.0059,1222.0,77.73,-564.6,28.4,0.0,29.5,0,,BRIS,CORE Cluster,
Yo-Chi Albert St,QLD,2026-03-04,FY 2026,actual,13432.83,,,,12.2451,1097.0,70.36,-378.74,28.4,0.7,29.2,0,,BRIS,CORE Cluster,
Yo-Chi Albert St,QLD,2026-03-05,FY 2026,actual,12917.25,,,,12.1517,1063.0,34.55,-385.11,27.7,7.7,37.4,0,,BRIS,CORE Cluster,
Yo-Chi Albert St,QLD,2026-03-06,FY 2026,actual,18094.79,,,,13.1027,1381.0,95.0,-480.51,29.5,7.6,37.1,0,,BRIS,CORE Cluster,
Yo-Chi Albert St,QLD,2026-03-07,FY 2026,actual,19436.79,,,,13.9732,1391.0,27.64,-565.76,27.0,2.8,35.6,0,,BRIS,CORE Cluster,
Yo-Chi Albert St,QLD,2026-03-08,FY 2026,actual,13987.05,,,,13.3976,1044.0,35.82,-330.12,24.0,65.8,35.3,1,,BRIS,CORE Cluster,
Yo-Chi Albert St,QLD,2026-03-09,FY 2026,actual,9713.9,,,,12.5665,773.0,65.64,-236.91,23.5,22.4,34.2,0,,BRIS,CORE Cluster,
Yo-Chi Albert St,QLD,2026-03-10,FY 2026,actual,0.0,,,,,,0.0,-0.0,28.9,0.2,38.5,0,,BRIS,CORE Cluster,
Yo-Chi Albert St,QLD,2026-03-11,FY 2026,actual,26892.54,,,,11.9249,2255.15,146.18,-896.25,28.5,0.0,29.2,0,,BRIS,CORE Cluster,
Yo-Chi Albert St,QLD,2026-03-12,FY 2026,actual,14559.46,,,,12.6056,1155.0,34.09,-276.63,32.3,0.0,22.0,0,,BRIS,CORE Cluster,
Yo-Chi Albert St,QLD,2026-03-13,FY 2026,actual,16166.7,,,,13.0377,1240.0,10.36,-600.87,28.4,3.9,31.3,0,,BRIS,CORE Cluster,
Yo-Chi Albert St,QLD,2026-03-14,FY 2026,actual,21375.55,,,,14.5908,1465.0,71.27,-307.66,25.6,0.1,52.2,0,,BRIS,CORE Cluster,
Yo-Chi Albert St,QLD,2026-03-15,FY 2026,actual,17809.68,,,,14.0677,1266.0,31.09,-393.28,26.1,0.0,37.1,0,,BRIS,CORE Cluster,
Yo-Chi Albert St,QLD,2026-03-16,FY 2026,actual,11683.07,,,,12.4288,940.0,19.0,-250.25,26.0,0.9,33.1,0,,BRIS,CORE Cluster,
Yo-Chi Albert St,QLD,2026-03-17,FY 2026,actual,13911.93,,,,12.6128,1103.0,25.91,-283.85,27.8,0.0,24.8,0,,BRIS,CORE Cluster,
Yo-Chi Albert St,QLD,2026-03-18,FY 2026,actual,14992.63,,,,12.6307,1187.0,62.18,-420.9,27.0,1.6,31.7,0,,BRIS,CORE Cluster,
Yo-Chi Albert St,QLD,2026-03-19,FY 2026,actual,12880.83,,,,12.4935,1031.0,33.64,-227.15,24.1,7.7,21.6,0,,BRIS,CORE Cluster,
Yo-Chi Albert St,QLD,2026-03-20,FY 2026,actual,17095.15,,,,13.0797,1307.0,57.0,-279.05,26.8,2.1,32.8,0,,BRIS,CORE Cluster,
Yo-Chi Albert St,QLD,2026-03-21,FY 2026,actual,19922.51,,,,14.3949,1384.0,81.18,-319.51,26.6,6.4,34.9,0,,BRIS,CORE Cluster,
Yo-Chi Albert St,QLD,2026-03-22,FY 2026,actual,18618.15,,,,14.0833,1322.0,62.64,-604.81,26.5,5.7,38.9,0,,BRIS,CORE Cluster,
Yo-Chi Albert St,QLD,2026-03-23,FY 2026,actual,13035.05,,,,12.742,1023.0,17.27,-326.16,27.3,1.4,36.4,0,,BRIS,CORE Cluster,
Yo-Chi Albert St,QLD,2026-03-24,FY 2026,actual,12325.53,,,,12.5132,985.0,89.82,-296.77,27.0,0.7,43.2,0,,BRIS,CORE Cluster,
Yo-Chi Albert St,QLD,2026-03-25,FY 2026,actual,21886.54,,,,23.5846,928.0,20.73,-9127.63,28.5,0.2,26.3,0,,BRIS,CORE Cluster,
Yo-Chi Albert St,QLD,2026-03-26,FY 2026,actual,14423.33,,,,12.4877,1155.0,70.82,-327.53,31.5,0.0,29.9,0,,BRIS,CORE Cluster,
Yo-Chi Albert St,QLD,2026-03-27,FY 2026,actual,18022.21,,,,12.5853,1432.0,93.27,-543.59,28.0,0.0,60.1,0,,BRIS,CORE Cluster,
Yo-Chi Albert St,QLD,2026-03-28,FY 2026,actual,20803.15,,,,13.6235,1527.0,44.91,-786.02,26.0,0.0,41.8,0,,BRIS,CORE Cluster,
Yo-Chi Albert St,QLD,2026-03-29,FY 2026,actual,17211.22,,,,13.3524,1289.0,46.64,-472.25,27.4,0.0,33.1,0,,BRIS,CORE Cluster,
Yo-Chi Albert St,QLD,2026-03-30,FY 2026,actual,13314.95,,,,12.4091,1073.0,65.64,-410.39,28.1,0.0,44.6,0,,BRIS,CORE Cluster,
Yo-Chi Albert St,QLD,2026-03-31,FY 2026,actual,12518.63,,,,12.9996,963.0,27.64,-330.76,24.4,3.9,37.8,0,,BRIS,CORE Cluster,
Yo-Chi Albert St,QLD,2026-04-01,FY 2026,actual,14767.35,,,,12.7086,1162.0,55.27,-417.63,26.6,1.5,36.7,0,,BRIS,CORE Cluster,
Yo-Chi Albert St,QLD,2026-04-02,FY 2026,actual,16604.94,,,,12.57,1321.0,36.27,-400.55,26.4,0.3,33.5,0,,BRIS,CORE Cluster,
Yo-Chi Albert St,QLD,2026-04-03,FY 2026,actual,21916.71,,,,15.2305,1439.0,79.45,-503.12,25.1,2.3,32.0,0,Good Friday,BRIS,CORE Cluster,
Yo-Chi Albert St,QLD,2026-04-04,FY 2026,actual,22227.75,,,,15.9912,1390.0,76.0,-432.53,27.0,0.0,41.4,0,Easter Saturday,BRIS,CORE Cluster,
Yo-Chi Albert St,QLD,2026-04-05,FY 2026,actual,18282.55,,,,15.5464,1176.0,25.91,-238.81,26.8,0.6,45.0,0,Easter Sunday,BRIS,CORE Cluster,
Yo-Chi Albert St,QLD,2026-04-06,FY 2026,actual,18658.64,,,,15.0352,1241.0,81.18,-288.55,26.9,0.0,34.6,0,Easter Monday,BRIS,CORE Cluster,
Yo-Chi Albert St,QLD,2026-04-07,FY 2026,actual,17131.5,,,,13.229,1295.0,77.73,-354.54,30.4,0.0,30.2,0,,BRIS,CORE Cluster,
Yo-Chi Albert St,QLD,2026-04-08,FY 2026,actual,19116.39,,,,13.0755,1462.0,91.55,-462.45,32.2,0.0,28.8,0,,BRIS,CORE Cluster,
Yo-Chi Albert St,QLD,2026-04-09,FY 2026,actual,18190.36,,,,13.336,1364.0,25.91,-399.75,30.1,0.0,32.8,0,,BRIS,CORE Cluster,
Yo-Chi Albert St,QLD,2026-04-10,FY 2026,actual,20358.44,,,,13.341,1526.0,38.0,-417.95,29.1,0.0,28.1,0,,BRIS,CORE Cluster,
Yo-Chi Albert St,QLD,2026-04-11,FY 2026,actual,21870.73,,,,14.6195,1496.0,86.36,-357.3,32.2,0.0,29.5,0,,BRIS,CORE Cluster,
Yo-Chi Albert St,QLD,2026-04-12,FY 2026,actual,19282.09,,,,14.821,1301.0,67.36,-482.99,30.2,0.0,45.7,0,,BRIS,CORE Cluster,
Yo-Chi Albert St,QLD,2026-04-13,FY 2026,actual,18604.84,,,,13.4428,1384.0,81.18,-458.41,27.6,0.0,30.6,0,,BRIS,CORE Cluster,
Yo-Chi Albert St,QLD,2026-04-14,FY 2026,actual,17245.66,,,,13.4627,1281.0,84.64,-260.36,26.4,0.0,25.2,0,,BRIS,CORE Cluster,
Yo-Chi Albert St,QLD,2026-04-15,FY 2026,actual,19560.29,,,,13.7943,1418.0,39.55,-539.03,28.6,0.0,34.2,0,,BRIS,CORE Cluster,
Yo-Chi Albert St,QLD,2026-04-16,FY 2026,actual,18741.76,,,,13.4446,1394.0,33.91,-539.07,28.9,0.0,32.0,0,,BRIS,CORE Cluster,
Yo-Chi Albert St,QLD,2026-04-17,FY 2026,actual,20667.2,,,,13.8706,1490.0,98.55,-584.03,30.3,0.0,28.8,0,,BRIS,CORE Cluster,
Yo-Chi Albert St,QLD,2026-04-18,FY 2026,actual,20932.85,,,,14.3671,1457.0,123.73,-584.45,29.1,0.1,39.6,0,,BRIS,CORE Cluster,
Yo-Chi Albert St,QLD,2026-04-19,FY 2026,actual,17635.35,,,,13.7027,1287.0,183.64,-475.42,28.0,0.0,34.9,0,,BRIS,CORE Cluster,
Yo-Chi Albert St,QLD,2026-04-20,FY 2026,actual,12627.35,,,,12.4776,1012.0,91.36,-314.03,27.3,0.0,32.4,0,,BRIS,CORE Cluster,
Yo-Chi Albert St,QLD,2026-04-21,FY 2026,actual,12957.35,,,,12.7533,1016.0,67.0,-442.35,26.6,0.0,29.9,0,,BRIS,CORE Cluster,
Yo-Chi Albert St,QLD,2026-04-22,FY 2026,actual,12640.95,,,,12.3567,1023.0,95.27,-392.44,24.9,0.6,33.1,0,,BRIS,CORE Cluster,
Yo-Chi Albert St,QLD,2026-04-23,FY 2026,actual,14149.41,,,,12.6673,1117.0,116.27,-395.45,25.1,0.6,41.8,0,,BRIS,CORE Cluster,
Yo-Chi Albert St,QLD,2026-04-24,FY 2026,actual,15206.89,,,,12.8981,1179.0,54.45,-426.44,24.9,3.3,47.9,0,,BRIS,CORE Cluster,
Yo-Chi Albert St,QLD,2026-04-25,FY 2026,actual,19312.85,,,,15.3034,1262.0,98.27,-499.23,20.7,4.7,48.2,0,ANZAC Day,BRIS,CORE Cluster,
Yo-Chi Albert St,QLD,2026-04-26,FY 2026,actual,16683.53,,,,13.8338,1206.0,112.36,-323.89,22.5,1.3,43.6,0,,BRIS,CORE Cluster,
Yo-Chi Albert St,QLD,2026-04-27,FY 2026,actual,10750.2,,,,13.094,821.0,379.55,-278.33,22.7,7.0,40.3,0,,BRIS,CORE Cluster,
Yo-Chi Albert St,QLD,2026-04-28,FY 2026,actual,11203.55,,,,12.2043,918.0,206.73,-486.63,22.5,1.2,34.2,0,,BRIS,CORE Cluster,
Yo-Chi Albert St,QLD,2026-04-29,FY 2026,actual,13051.79,,,,12.2783,1063.0,154.91,-387.72,24.2,0.7,40.3,0,,BRIS,CORE Cluster,
Yo-Chi Albert St,QLD,2026-04-30,FY 2026,actual,11899.44,,,,12.4601,955.0,163.55,-384.25,22.5,3.6,40.0,0,,BRIS,CORE Cluster,
Yo-Chi Albert St,QLD,2026-05-02,FY 2026,forecast,17620.98,14304.19,20491.11,1.0,13.5972,1295.93,268.95,-719.9,24.3,2.5,42.8,0,,BRIS,CORE Cluster,Prophet+Wx+Hol
Yo-Chi Albert St,QLD,2026-05-03,FY 2026,forecast,16291.58,13156.81,19392.9,1.0,13.5972,1198.16,264.07,-886.7,24.8,0.4,30.2,0,,BRIS,CORE Cluster,Prophet+Wx+Hol
Yo-Chi Albert St,QLD,2026-05-04,FY 2026,forecast,19869.89,16776.03,23048.12,1.0,13.5972,1461.32,268.45,-850.58,25.5,1.5,21.2,0,Labour Day,BRIS,CORE Cluster,Prophet+Wx+Hol
Yo-Chi Albert St,QLD,2026-05-05,FY 2026,forecast,12702.27,9629.83,15790.28,1.0,13.5972,934.18,277.68,-886.7,25.8,0.5,20.2,0,,BRIS,CORE Cluster,Prophet+Wx+Hol
Yo-Chi Albert St,QLD,2026-05-06,FY 2026,forecast,12910.89,9753.25,16045.82,1.0,13.5972,949.53,275.8,-886.7,24.8,4.7,25.9,0,,BRIS,CORE Cluster,Prophet+Wx+Hol
Yo-Chi Albert St,QLD,2026-05-07,FY 2026,forecast,12944.77,9889.04,16162.18,1.0,13.5972,952.02,273.84,-679.13,25.6,0.0,43.2,0,,BRIS,CORE Cluster,Prophet+Wx+Hol
Yo-Chi Albert St,QLD,2026-05-08,FY 2026,forecast,16364.36,13346.29,19475.67,1.0,13.5972,1203.51,284.18,-860.66,21.0,0.0,38.2,0,,BRIS,CORE Cluster,Prophet+Wx+Hol
Yo-Chi Albert St,QLD,2026-05-09,FY 2026,forecast,18414.35,15476.76,21333.49,1.0,13.5972,1354.28,284.18,-886.7,23.2,0.0,27.7,0,,BRIS,CORE Cluster,Prophet+Wx+Hol
Yo-Chi Albert St,QLD,2026-05-10,FY 2026,forecast,16387.41,13075.39,19361.16,1.0,13.5972,1205.21,284.18,-886.7,23.9,0.2,30.2,0,,BRIS,CORE Cluster,Prophet+Wx+Hol
Yo-Chi Albert St,QLD,2026-05-11,FY 2026,forecast,11843.1,8747.84,14801.67,1.0,13.5972,871.0,284.18,-656.49,23.7,0.8,42.8,0,,BRIS,CORE Cluster,Prophet+Wx+Hol
Yo-Chi Albert St,QLD,2026-05-12,FY 2026,forecast,11906.59,8930.43,14950.32,1.0,13.5972,875.67,271.98,-673.58,22.5,1.0,45.7,0,,BRIS,CORE Cluster,Prophet+Wx+Hol
Yo-Chi Albert St,QLD,2026-05-13,FY 2026,forecast,12856.88,9642.61,16160.06,1.0,13.5972,945.55,273.65,-886.7,23.2,5.13,30.4,0,,BRIS,CORE Cluster,Prophet+Wx+Hol
Yo-Chi Albert St,QLD,2026-05-14,FY 2026,forecast,12828.81,9622.87,15927.16,1.0,13.5972,943.49,272.46,-705.76,23.1,8.28,28.4,0,,BRIS,CORE Cluster,Prophet+Wx+Hol
Yo-Chi Albert St,QLD,2026-05-15,FY 2026,forecast,16742.32,13666.37,19892.39,1.0,13.5972,1231.31,284.18,-847.95,23.3,8.33,26.7,0,,BRIS,CORE Cluster,Prophet+Wx+Hol
Yo-Chi Albert St,QLD,2026-05-16,FY 2026,forecast,17629.62,14546.54,20669.38,1.0,13.5972,1296.56,284.18,-741.21,21.9,9.65,30.9,0,,BRIS,CORE Cluster,Prophet+Wx+Hol
Yo-Chi Albert St,QLD,2026-05-17,FY 2026,forecast,16435.47,13377.74,19714.03,1.0,13.5972,1208.74,265.13,-886.7,22.7,2.35,29.8,0,,BRIS,CORE Cluster,Prophet+Wx+Hol
Yo-Chi Albert St,QLD,2026-05-18,FY 2026,forecast,12694.11,9565.65,16012.87,1.0,13.5972,933.58,258.7,-632.89,22.9,0.72,27.9,0,,BRIS,CORE Cluster,Prophet+Wx+Hol
Yo-Chi Albert St,QLD,2026-05-19,FY 2026,forecast,12681.85,9523.74,15957.16,1.0,13.5972,932.68,236.88,-641.63,21.7,1.13,31.1,0,,BRIS,CORE Cluster,Prophet+Wx+Hol
Yo-Chi Albert St,QLD,2026-05-20,FY 2026,forecast,13473.09,10446.81,16458.63,1.0,13.5972,990.87,228.35,-816.81,21.5,1.37,24.9,0,,BRIS,CORE Cluster,Prophet+Wx+Hol
Yo-Chi Albert St,QLD,2026-05-21,FY 2026,forecast,13068.05,9964.04,16360.51,1.0,13.5972,961.09,223.73,-531.19,21.0,4.27,30.6,0,,BRIS,CORE Cluster,Prophet+Wx+Hol
Yo-Chi Albert St,QLD,2026-05-22,FY 2026,forecast,17015.43,13640.45,20136.41,1.0,13.5972,1251.39,246.54,-663.09,20.9,1.63,31.8,0,,BRIS,CORE Cluster,Prophet+Wx+Hol
Yo-Chi Albert St,QLD,2026-05-23,FY 2026,forecast,18552.54,15424.59,21386.42,1.0,13.5972,1364.44,246.98,-643.15,20.9,0.15,29.0,0,,BRIS,CORE Cluster,Prophet+Wx+Hol
Yo-Chi Albert St,QLD,2026-05-24,FY 2026,forecast,16704.47,13700.48,19761.46,1.0,13.5972,1228.52,231.0,-886.29,22.6,0.18,28.4,0,,BRIS,CORE Cluster,Prophet+Wx+Hol
Yo-Chi Albert St,QLD,2026-05-25,FY 2026,forecast,12779.55,9767.25,15819.82,1.0,13.5972,939.87,232.07,-581.11,22.8,0.72,24.6,0,,BRIS,CORE Cluster,Prophet+Wx+Hol
Yo-Chi Albert St,QLD,2026-05-26,FY 2026,forecast,13036.31,9864.74,16189.07,1.0,13.5972,958.75,220.58,-631.07,23.7,0.63,27.2,0,,BRIS,CORE Cluster,Prophet+Wx+Hol
Yo-Chi Albert St,QLD,2026-05-27,FY 2026,forecast,13548.77,10176.45,16662.5,1.0,13.5972,996.44,215.96,-769.26,23.7,0.03,29.1,0,,BRIS,CORE Cluster,Prophet+Wx+Hol
Yo-Chi Albert St,QLD,2026-05-28,FY 2026,forecast,13540.01,10237.39,16810.39,1.0,13.5972,995.8,214.92,-597.46,22.1,0.3,26.2,0,,BRIS,CORE Cluster,Prophet+Wx+Hol
Yo-Chi Albert St,QLD,2026-05-29,FY 2026,forecast,16864.1,13775.8,19921.93,1.0,13.5972,1240.26,244.01,-705.31,21.2,0.12,33.6,0,,BRIS,CORE Cluster,Prophet+Wx+Hol
Yo-Chi Albert St,QLD,2026-05-30,FY 2026,forecast,17548.05,14477.32,20871.41,1.0,13.5972,1290.57,259.04,-717.41,20.6,7.12,29.8,0,,BRIS,CORE Cluster,Prophet+Wx+Hol
Yo-Chi Albert St,QLD,2026-05-31,FY 2026,forecast,15439.71,12381.39,18638.76,1.0,13.5972,1135.51,244.4,-886.7,21.0,6.13,33.6,0,,BRIS,CORE Cluster,Prophet+Wx+Hol
Yo-Chi Albert St,QLD,2026-06-01,FY 2026,forecast,11889.78,8741.56,15165.45,1.0,13.5972,874.43,249.29,-664.75,22.4,2.35,33.6,0,,BRIS,CORE Cluster,Prophet+Wx+Hol
Yo-Chi Albert St,QLD,2026-06-02,FY 2026,forecast,12241.22,9042.14,15233.32,1.0,13.5972,900.28,236.65,-792.27,21.0,0.27,31.4,0,,BRIS,CORE Cluster,Prophet+Wx+Hol
Yo-Chi Albert St,QLD,2026-06-03,FY 2026,forecast,12458.58,9458.76,15897.19,1.0,13.5972,916.26,239.04,-886.7,20.8,2.67,33.4,0,,BRIS,CORE Cluster,Prophet+Wx+Hol
Yo-Chi Albert St,QLD,2026-06-04,FY 2026,forecast,12680.26,9287.42,15934.31,1.0,13.5972,932.56,242.18,-780.84,20.8,0.92,35.0,0,,BRIS,CORE Cluster,Prophet+Wx+Hol
Yo-Chi Albert St,QLD,2026-06-05,FY 2026,forecast,16713.16,13690.79,19628.89,1.0,13.5972,1229.16,278.48,-886.7,20.5,0.23,28.8,0,,BRIS,CORE Cluster,Prophet+Wx+Hol
Yo-Chi Albert St,QLD,2026-06-06,FY 2026,forecast,18102.94,14996.69,21229.8,1.0,13.5972,1331.37,284.18,-886.7,20.9,0.55,27.4,0,,BRIS,CORE Cluster,Prophet+Wx+Hol
Yo-Chi Albert St,QLD,2026-06-07,FY 2026,forecast,16037.59,13075.53,18998.89,1.0,13.5972,1179.48,272.71,-886.7,20.3,0.13,27.1,0,,BRIS,CORE Cluster,Prophet+Wx+Hol
Yo-Chi Albert St,QLD,2026-06-08,FY 2026,forecast,11965.95,8884.22,14890.63,1.0,13.5972,880.03,275.74,-886.7,20.7,0.1,30.0,0,,BRIS,CORE Cluster,Prophet+Wx+Hol
Yo-Chi Albert St,QLD,2026-06-09,FY 2026,forecast,11705.0,8585.94,14767.62,1.0,13.5972,860.84,259.68,-886.7,19.7,0.73,40.5,0,,BRIS,CORE Cluster,Prophet+Wx+Hol
Yo-Chi Albert St,QLD,2026-06-10,FY 2026,forecast,12634.91,9444.88,15719.08,1.0,13.5972,929.23,257.2,-886.7,19.6,0.85,32.6,0,,BRIS,CORE Cluster,Prophet+Wx+Hol
Yo-Chi Albert St,QLD,2026-06-11,FY 2026,forecast,13066.98,9957.11,16193.49,1.0,13.5972,961.01,257.54,-886.7,20.0,0.52,29.5,0,,BRIS,CORE Cluster,Prophet+Wx+Hol
Yo-Chi Albert St,QLD,2026-06-12,FY 2026,forecast,16944.12,13864.46,20046.41,1.0,13.5972,1246.15,284.18,-886.7,20.6,0.25,31.6,0,,BRIS,CORE Cluster,Prophet+Wx+Hol
Yo-Chi Albert St,QLD,2026-06-13,FY 2026,forecast,18467.35,15425.65,21964.3,1.0,13.5972,1358.17,284.18,-886.7,20.6,0.43,28.9,0,,BRIS,CORE Cluster,Prophet+Wx+Hol
Yo-Chi Albert St,QLD,2026-06-14,FY 2026,forecast,16507.59,13329.94,19684.37,1.0,13.5972,1214.04,268.26,-886.7,21.5,2.15,28.4,0,,BRIS,CORE Cluster,Prophet+Wx+Hol
Yo-Chi Albert St,QLD,2026-06-15,FY 2026,forecast,12743.06,9646.92,15829.99,1.0,13.5972,937.18,261.05,-886.7,21.3,1.75,25.5,0,,BRIS,CORE Cluster,Prophet+Wx+Hol
Yo-Chi Albert St,QLD,2026-06-16,FY 2026,forecast,13316.99,10225.54,16214.52,1.0,13.5972,979.39,237.55,-886.7,21.3,0.18,25.9,0,,BRIS,CORE Cluster,Prophet+Wx+Hol
Yo-Chi Albert St,QLD,2026-06-17,FY 2026,forecast,13850.13,10755.28,17154.88,1.0,13.5972,1018.6,220.54,-886.7,20.6,0.23,28.8,0,,BRIS,CORE Cluster,Prophet+Wx+Hol
Yo-Chi Albert St,QLD,2026-06-18,FY 2026,forecast,14069.42,10888.56,17029.59,1.0,13.5972,1034.73,209.81,-886.7,20.8,0.35,31.9,0,,BRIS,CORE Cluster,Prophet+Wx+Hol
Yo-Chi Albert St,QLD,2026-06-19,FY 2026,forecast,17936.72,14980.34,21040.36,1.0,13.5972,1319.15,228.54,-886.7,20.4,0.1,33.4,0,,BRIS,CORE Cluster,Prophet+Wx+Hol
Yo-Chi Albert St,QLD,2026-06-20,FY 2026,forecast,19719.71,16717.75,22889.4,1.0,13.5972,1450.28,223.65,-886.7,20.5,0.12,26.5,0,,BRIS,CORE Cluster,Prophet+Wx+Hol
Yo-Chi Albert St,QLD,2026-06-21,FY 2026,forecast,17946.38,14790.85,21079.5,1.0,13.5972,1319.86,194.51,-886.7,21.2,0.15,26.5,0,,BRIS,CORE Cluster,Prophet+Wx+Hol
Yo-Chi Albert St,QLD,2026-06-22,FY 2026,forecast,13930.71,10688.4,16951.26,1.0,13.5972,1024.53,181.27,-886.7,20.8,0.3,29.3,0,,BRIS,CORE Cluster,Prophet+Wx+Hol
Yo-Chi Albert St,QLD,2026-06-23,FY 2026,forecast,14225.62,10856.29,17389.29,1.0,13.5972,1046.22,156.97,-886.7,21.0,1.12,32.6,0,,BRIS,CORE Cluster,Prophet+Wx+Hol
Yo-Chi Albert St,QLD,2026-06-24,FY 2026,forecast,15335.54,11772.85,18304.25,1.0,13.5972,1127.85,143.97,-886.7,21.7,0.33,27.8,0,,BRIS,CORE Cluster,Prophet+Wx+Hol
Yo-Chi Albert St,QLD,2026-06-25,FY 2026,forecast,15490.56,12398.88,18420.82,1.0,13.5972,1139.25,137.05,-886.7,21.7,2.43,27.2,0,,BRIS,CORE Cluster,Prophet+Wx+Hol
Yo-Chi Albert St,QLD,2026-06-26,FY 2026,forecast,19482.28,16256.53,22594.9,1.0,13.5972,1432.82,157.94,-886.7,21.0,0.82,27.4,0,,BRIS,CORE Cluster,Prophet+Wx+Hol
Yo-Chi Albert St,QLD,2026-06-27,FY 2026,forecast,21091.64,18117.87,24143.53,1.0,13.5972,1551.18,158.2,-886.7,21.6,0.25,27.3,0,,BRIS,CORE Cluster,Prophet+Wx+Hol
Yo-Chi Albert St,QLD,2026-06-28,FY 2026,forecast,19017.94,15673.67,22262.07,1.0,13.5972,1398.67,132.62,-886.7,20.6,0.65,27.0,0,,BRIS,CORE Cluster,Prophet+Wx+Hol
Yo-Chi Albert St,QLD,2026-06-29,FY 2026,forecast,14891.68,11609.37,18263.18,1.0,13.5972,1095.2,131.28,-886.7,20.2,1.88,28.4,0,,BRIS,CORE Cluster,Prophet+Wx+Hol
Yo-Chi Albert St,QLD,2026-06-30,FY 2026,forecast,15014.01,11739.62,18058.49,1.0,13.5972,1104.2,122.13,-886.7,20.3,4.87,28.7,0,,BRIS,CORE Cluster,Prophet+Wx+Hol
Yo-Chi Albert St,QLD,2026-07-01,FY 2027,forecast,15593.52,12521.24,18687.54,1.0,13.5972,1146.82,115.98,-886.7,18.8,3.85,28.6,0,,BRIS,CORE Cluster,Prophet+Wx+Hol
Yo-Chi Albert St,QLD,2026-07-02,FY 2027,forecast,15437.31,12357.53,18708.71,1.0,13.5972,1135.33,124.19,-747.16,19.2,5.85,34.7,0,,BRIS,CORE Cluster,Prophet+Wx+Hol
Yo-Chi Albert St,QLD,2026-07-03,FY 2027,forecast,19382.72,16411.85,22634.62,1.0,13.5972,1425.5,163.83,-861.92,19.3,3.93,36.0,0,,BRIS,CORE Cluster,Prophet+Wx+Hol
Yo-Chi Albert St,QLD,2026-07-04,FY 2027,forecast,20608.9,17446.72,23535.31,1.0,13.5972,1515.67,181.24,-803.23,18.7,5.15,34.2,0,,BRIS,CORE Cluster,Prophet+Wx+Hol
Yo-Chi Albert St,QLD,2026-07-05,FY 2027,forecast,18977.43,15652.2,22224.29,1.0,13.5972,1395.69,176.81,-886.7,19.6,2.9,31.4,0,,BRIS,CORE Cluster,Prophet+Wx+Hol
Yo-Chi Albert St,QLD,2026-07-06,FY 2027,forecast,15267.94,12036.1,18156.42,1.0,13.5972,1122.88,196.85,-697.02,20.9,1.63,29.8,0,,BRIS,CORE Cluster,Prophet+Wx+Hol
Yo-Chi Albert St,QLD,2026-07-07,FY 2027,forecast,15388.01,12236.69,18686.22,1.0,13.5972,1131.71,200.05,-695.61,20.9,0.7,35.1,0,,BRIS,CORE Cluster,Prophet+Wx+Hol
Yo-Chi Albert St,QLD,2026-07-08,FY 2027,forecast,16014.35,12873.41,18796.14,1.0,13.5972,1177.77,214.64,-878.78,19.8,0.3,29.7,0,,BRIS,CORE Cluster,Prophet+Wx+Hol
Yo-Chi Albert St,QLD,2026-07-09,FY 2027,forecast,15790.03,12650.86,18684.01,1.0,13.5972,1161.27,241.52,-641.2,19.7,3.52,29.5,0,,BRIS,CORE Cluster,Prophet+Wx+Hol
Yo-Chi Albert St,QLD,2026-07-10,FY 2027,forecast,19682.8,16582.12,22861.97,1.0,13.5972,1447.56,284.18,-766.51,20.7,0.97,33.2,0,,BRIS,CORE Cluster,Prophet+Wx+Hol
Yo-Chi Albert St,QLD,2026-07-11,FY 2027,forecast,21150.99,17818.96,24136.23,1.0,13.5972,1555.54,284.18,-760.84,21.2,0.28,29.5,0,,BRIS,CORE Cluster,Prophet+Wx+Hol
Yo-Chi Albert St,QLD,2026-07-12,FY 2027,forecast,18760.09,15585.59,21701.38,1.0,13.5972,1379.7,284.18,-886.7,20.6,3.05,26.3,0,,BRIS,CORE Cluster,Prophet+Wx+Hol
Yo-Chi Albert St,QLD,2026-07-13,FY 2027,forecast,14506.5,11431.16,17675.56,1.0,13.5972,1066.88,284.18,-618.87,19.8,0.03,33.0,0,,BRIS,CORE Cluster,Prophet+Wx+Hol
Yo-Chi Albert St,QLD,2026-07-14,FY 2027,forecast,14437.96,11328.3,17630.34,1.0,13.5972,1061.83,284.18,-647.01,19.7,0.0,37.8,0,,BRIS,CORE Cluster,Prophet+Wx+Hol
Yo-Chi Albert St,QLD,2026-07-15,FY 2027,forecast,15338.34,12216.58,18387.55,1.0,13.5972,1128.05,284.18,-886.7,20.7,0.08,29.0,0,,BRIS,CORE Cluster,Prophet+Wx+Hol
Yo-Chi Albert St,QLD,2026-07-16,FY 2027,forecast,15032.14,12011.25,18273.29,1.0,13.5972,1105.53,284.18,-618.49,20.9,1.03,35.2,0,,BRIS,CORE Cluster,Prophet+Wx+Hol
Yo-Chi Albert St,QLD,2026-07-17,FY 2027,forecast,18617.05,15325.63,21682.81,1.0,13.5972,1369.18,284.18,-807.71,19.6,0.43,33.3,0,,BRIS,CORE Cluster,Prophet+Wx+Hol
Yo-Chi Albert St,QLD,2026-07-18,FY 2027,forecast,19721.01,16502.86,22895.16,1.0,13.5972,1450.37,284.18,-791.96,20.4,2.7,31.8,0,,BRIS,CORE Cluster,Prophet+Wx+Hol
Yo-Chi Albert St,QLD,2026-07-19,FY 2027,forecast,17988.94,14994.89,21201.01,1.0,13.5972,1322.99,284.18,-886.7,21.1,0.03,28.5,0,,BRIS,CORE Cluster,Prophet+Wx+Hol
Yo-Chi Albert St,QLD,2026-07-20,FY 2027,forecast,13518.6,10468.04,16617.36,1.0,13.5972,994.22,284.18,-686.61,20.7,0.05,34.4,0,,BRIS,CORE Cluster,Prophet+Wx+Hol
Yo-Chi Albert St,QLD,2026-07-21,FY 2027,forecast,13185.28,10395.13,16221.6,1.0,13.5972,969.71,284.18,-709.8,19.8,1.82,39.8,0,,BRIS,CORE Cluster,Prophet+Wx+Hol
Yo-Chi Albert St,QLD,2026-07-22,FY 2027,forecast,14005.3,11067.24,17112.45,1.0,13.5972,1030.01,284.18,-886.7,19.4,1.77,29.6,0,,BRIS,CORE Cluster,Prophet+Wx+Hol
Yo-Chi Albert St,QLD,2026-07-23,FY 2027,forecast,14024.51,10909.58,17111.34,1.0,13.5972,1031.43,284.18,-748.96,20.3,3.1,30.0,0,,BRIS,CORE Cluster,Prophet+Wx+Hol
Yo-Chi Albert St,QLD,2026-07-24,FY 2027,forecast,17556.16,14424.05,20635.24,1.0,13.5972,1291.16,284.18,-865.94,20.0,1.93,35.6,0,,BRIS,CORE Cluster,Prophet+Wx+Hol
Yo-Chi Albert St,QLD,2026-07-25,FY 2027,forecast,18930.8,15701.38,22175.03,1.0,13.5972,1392.26,284.18,-847.07,20.6,1.97,34.0,0,,BRIS,CORE Cluster,Prophet+Wx+Hol
Yo-Chi Albert St,QLD,2026-07-26,FY 2027,forecast,16820.65,13642.96,19921.74,1.0,13.5972,1237.07,284.18,-886.7,22.2,4.63,32.6,0,,BRIS,CORE Cluster,Prophet+Wx+Hol
Yo-Chi Albert St,QLD,2026-07-27,FY 2027,forecast,12633.06,9584.45,15804.74,1.0,13.5972,929.09,284.18,-697.22,20.2,0.52,38.6,0,,BRIS,CORE Cluster,Prophet+Wx+Hol
Yo-Chi Albert St,QLD,2026-07-28,FY 2027,forecast,13164.2,9914.62,16252.18,1.0,13.5972,968.16,284.18,-794.77,21.2,0.0,36.1,0,,BRIS,CORE Cluster,Prophet+Wx+Hol
Yo-Chi Albert St,QLD,2026-07-29,FY 2027,forecast,14036.12,10840.59,17314.72,1.0,13.5972,1032.28,284.18,-886.7,21.8,0.03,30.0,0,,BRIS,CORE Cluster,Prophet+Wx+Hol
Yo-Chi Albert St,QLD,2026-07-30,FY 2027,forecast,14153.82,11104.23,17050.01,1.0,13.5972,1040.94,284.18,-766.74,21.9,0.43,30.6,0,,BRIS,CORE Cluster,Prophet+Wx+Hol
Yo-Chi Albert St,QLD,2026-07-31,FY 2027,forecast,17824.35,14537.42,20947.89,1.0,13.5972,1310.89,284.18,-886.7,21.5,0.02,33.2,0,,BRIS,CORE Cluster,Prophet+Wx+Hol
Yo-Chi Albert St,QLD,2026-08-01,FY 2027,forecast,19407.98,16118.97,22352.44,1.0,13.5972,1427.35,284.18,-886.7,21.5,0.28,26.4,0,,BRIS,CORE Cluster,Prophet+Wx+Hol
Yo-Chi Albert St,QLD,2026-08-02,FY 2027,forecast,17123.46,14098.31,20101.72,1.0,13.5972,1259.34,284.18,-886.7,21.4,0.17,32.9,0,,BRIS,CORE Cluster,Prophet+Wx+Hol
Yo-Chi Albert St,QLD,2026-08-03,FY 2027,forecast,13062.94,9983.28,15950.49,1.0,13.5972,960.71,284.18,-698.04,21.8,0.37,35.3,0,,BRIS,CORE Cluster,Prophet+Wx+Hol
Yo-Chi Albert St,QLD,2026-08-04,FY 2027,forecast,13432.66,10488.77,16537.09,1.0,13.5972,987.9,284.18,-767.62,21.6,0.12,34.3,0,,BRIS,CORE Cluster,Prophet+Wx+Hol
Yo-Chi Albert St,QLD,2026-08-05,FY 2027,forecast,14386.39,11058.64,17302.48,1.0,13.5972,1058.04,284.18,-886.7,22.6,0.2,29.2,0,,BRIS,CORE Cluster,Prophet+Wx+Hol
Yo-Chi Albert St,QLD,2026-08-06,FY 2027,forecast,14425.21,11175.17,17597.48,1.0,13.5972,1060.9,284.18,-743.94,21.8,1.97,26.6,0,,BRIS,CORE Cluster,Prophet+Wx+Hol
Yo-Chi Albert St,QLD,2026-08-07,FY 2027,forecast,17834.5,14782.12,20952.7,1.0,13.5972,1311.63,284.18,-838.59,21.4,3.48,32.3,0,,BRIS,CORE Cluster,Prophet+Wx+Hol
Yo-Chi Albert St,QLD,2026-08-08,FY 2027,forecast,19346.32,16381.74,22413.51,1.0,13.5972,1422.82,284.18,-783.65,20.8,0.82,32.9,0,,BRIS,CORE Cluster,Prophet+Wx+Hol
Yo-Chi Albert St,QLD,2026-08-09,FY 2027,forecast,17102.77,13963.87,20331.7,1.0,13.5972,1257.82,284.18,-886.7,19.7,0.65,35.3,0,,BRIS,CORE Cluster,Prophet+Wx+Hol
Yo-Chi Albert St,QLD,2026-08-10,FY 2027,forecast,13252.62,10124.35,16312.74,1.0,13.5972,974.66,284.18,-627.46,20.6,0.1,35.6,0,,BRIS,CORE Cluster,Prophet+Wx+Hol
Yo-Chi Albert St,QLD,2026-08-11,FY 2027,forecast,13899.41,10809.58,17132.23,1.0,13.5972,1022.23,273.01,-742.1,22.1,0.53,30.7,0,,BRIS,CORE Cluster,Prophet+Wx+Hol
Yo-Chi Albert St,QLD,2026-08-12,FY 2027,forecast,16577.89,13484.32,19539.81,1.0,13.5972,1219.21,277.24,-886.7,21.3,3.75,25.2,0,The Royal Queensland Show,BRIS,CORE Cluster,Prophet+Wx+Hol
Yo-Chi Albert St,QLD,2026-08-13,FY 2027,forecast,11830.44,8812.52,14983.66,1.0,13.5972,870.07,168.71,-665.8,22.2,7.18,27.5,0,,BRIS,CORE Cluster,Prophet+Wx+Hol
Yo-Chi Albert St,QLD,2026-08-14,FY 2027,forecast,18343.14,15188.04,21513.22,1.0,13.5972,1349.04,267.19,-832.46,22.4,2.58,28.8,0,,BRIS,CORE Cluster,Prophet+Wx+Hol
Yo-Chi Albert St,QLD,2026-08-15,FY 2027,forecast,19682.55,16573.34,22900.06,1.0,13.5972,1447.55,263.47,-770.71,23.1,2.2,30.7,0,,BRIS,CORE Cluster,Prophet+Wx+Hol
Yo-Chi Albert St,QLD,2026-08-16,FY 2027,forecast,17718.3,14704.82,20922.85,1.0,13.5972,1303.09,230.76,-886.7,23.0,0.27,31.6,0,,BRIS,CORE Cluster,Prophet+Wx+Hol
Yo-Chi Albert St,QLD,2026-08-17,FY 2027,forecast,13481.08,10238.34,16736.75,1.0,13.5972,991.46,221.74,-617.59,22.7,0.13,34.4,0,,BRIS,CORE Cluster,Prophet+Wx+Hol
Yo-Chi Albert St,QLD,2026-08-18,FY 2027,forecast,13725.88,10393.66,16621.13,1.0,13.5972,1009.46,199.25,-713.08,21.8,0.05,31.7,0,,BRIS,CORE Cluster,Prophet+Wx+Hol
Yo-Chi Albert St,QLD,2026-08-19,FY 2027,forecast,14162.83,10894.56,17171.21,1.0,13.5972,1041.6,190.54,-848.94,22.2,0.52,33.6,0,,BRIS,CORE Cluster,Prophet+Wx+Hol
Yo-Chi Albert St,QLD,2026-08-20,FY 2027,forecast,13986.54,10933.68,17139.31,1.0,13.5972,1028.64,189.05,-641.07,21.3,3.47,30.2,0,,BRIS,CORE Cluster,Prophet+Wx+Hol
Yo-Chi Albert St,QLD,2026-08-21,FY 2027,forecast,17835.82,14424.04,20789.43,1.0,13.5972,1311.73,223.83,-778.19,22.6,2.12,33.8,0,,BRIS,CORE Cluster,Prophet+Wx+Hol
Yo-Chi Albert St,QLD,2026-08-22,FY 2027,forecast,19475.64,16476.45,22715.73,1.0,13.5972,1432.33,229.45,-765.8,23.7,0.27,31.3,0,,BRIS,CORE Cluster,Prophet+Wx+Hol
Yo-Chi Albert St,QLD,2026-08-23,FY 2027,forecast,16924.33,14107.02,19938.36,1.0,13.5972,1244.69,205.47,-886.7,23.8,0.98,40.3,0,,BRIS,CORE Cluster,Prophet+Wx+Hol
Yo-Chi Albert St,QLD,2026-08-24,FY 2027,forecast,12561.58,9327.51,15644.76,1.0,13.5972,923.84,201.66,-554.27,22.3,1.72,40.0,0,,BRIS,CORE Cluster,Prophet+Wx+Hol
Yo-Chi Albert St,QLD,2026-08-25,FY 2027,forecast,13351.35,10336.08,16623.87,1.0,13.5972,981.92,188.38,-714.27,23.0,0.02,31.4,0,,BRIS,CORE Cluster,Prophet+Wx+Hol
Yo-Chi Albert St,QLD,2026-08-26,FY 2027,forecast,13910.81,10975.31,17338.05,1.0,13.5972,1023.07,182.23,-886.7,22.3,0.35,27.3,0,,BRIS,CORE Cluster,Prophet+Wx+Hol
Yo-Chi Albert St,QLD,2026-08-27,FY 2027,forecast,14018.39,10934.81,17192.54,1.0,13.5972,1030.98,184.69,-637.52,23.5,0.45,30.7,0,,BRIS,CORE Cluster,Prophet+Wx+Hol
Yo-Chi Albert St,QLD,2026-08-28,FY 2027,forecast,17916.16,14897.47,20990.2,1.0,13.5972,1317.64,224.55,-791.25,25.1,0.25,32.1,0,,BRIS,CORE Cluster,Prophet+Wx+Hol
Yo-Chi Albert St,QLD,2026-08-29,FY 2027,forecast,19183.64,15853.98,22255.57,1.0,13.5972,1410.85,227.45,-761.09,24.3,0.28,30.1,0,,BRIS,CORE Cluster,Prophet+Wx+Hol
Yo-Chi Albert St,QLD,2026-08-30,FY 2027,forecast,16794.88,13685.37,20212.01,1.0,13.5972,1235.17,203.31,-886.7,23.7,1.57,33.4,0,,BRIS,CORE Cluster,Prophet+Wx+Hol
Yo-Chi Albert St,QLD,2026-08-31,FY 2027,forecast,13070.08,9859.02,16352.74,1.0,13.5972,961.23,210.47,-621.22,26.1,2.3,31.2,0,,BRIS,CORE Cluster,Prophet+Wx+Hol
Yo-Chi Albert St,QLD,2026-09-01,FY 2027,forecast,13609.42,10399.54,16553.37,1.0,13.5972,1000.9,189.45,-710.23,25.6,0.18,29.1,0,,BRIS,CORE Cluster,Prophet+Wx+Hol
Yo-Chi Albert St,QLD,2026-09-02,FY 2027,forecast,13854.44,10801.71,17197.96,1.0,13.5972,1018.92,178.89,-839.2,24.1,1.88,30.5,0,,BRIS,CORE Cluster,Prophet+Wx+Hol
Yo-Chi Albert St,QLD,2026-09-03,FY 2027,forecast,13435.87,10483.04,16633.7,1.0,13.5972,988.14,175.05,-534.94,23.0,5.18,35.5,0,,BRIS,CORE Cluster,Prophet+Wx+Hol
Yo-Chi Albert St,QLD,2026-09-04,FY 2027,forecast,17697.56,14484.35,20907.54,1.0,13.5972,1301.56,202.63,-714.7,22.6,1.05,34.5,0,,BRIS,CORE Cluster,Prophet+Wx+Hol
Yo-Chi Albert St,QLD,2026-09-05,FY 2027,forecast,19403.69,16145.86,22384.18,1.0,13.5972,1427.04,210.11,-667.08,24.5,0.68,34.9,0,,BRIS,CORE Cluster,Prophet+Wx+Hol
Yo-Chi Albert St,QLD,2026-09-06,FY 2027,forecast,17214.16,14105.63,20486.43,1.0,13.5972,1266.01,178.47,-886.7,22.8,0.6,36.6,0,,BRIS,CORE Cluster,Prophet+Wx+Hol
Yo-Chi Albert St,QLD,2026-09-07,FY 2027,forecast,13524.83,10411.42,16615.85,1.0,13.5972,994.68,178.13,-544.56,23.6,0.68,34.2,0,,BRIS,CORE Cluster,Prophet+Wx+Hol
Yo-Chi Albert St,QLD,2026-09-08,FY 2027,forecast,14003.12,10764.61,17232.11,1.0,13.5972,1029.85,159.0,-597.6,23.9,0.42,35.9,0,,BRIS,CORE Cluster,Prophet+Wx+Hol
Yo-Chi Albert St,QLD,2026-09-09,FY 2027,forecast,14809.12,11769.84,18029.15,1.0,13.5972,1089.13,157.63,-811.12,24.6,3.6,30.1,0,,BRIS,CORE Cluster,Prophet+Wx+Hol
Yo-Chi Albert St,QLD,2026-09-10,FY 2027,forecast,15119.28,11964.04,18122.1,1.0,13.5972,1111.94,151.62,-526.04,24.7,2.37,35.0,0,,BRIS,CORE Cluster,Prophet+Wx+Hol
Yo-Chi Albert St,QLD,2026-09-11,FY 2027,forecast,18922.16,15928.93,22219.97,1.0,13.5972,1391.62,176.93,-649.61,23.1,0.43,39.8,0,,BRIS,CORE Cluster,Prophet+Wx+Hol
Yo-Chi Albert St,QLD,2026-09-12,FY 2027,forecast,20669.01,17632.86,24124.98,1.0,13.5972,1520.1,185.71,-668.38,23.9,1.83,34.1,0,,BRIS,CORE Cluster,Prophet+Wx+Hol
Yo-Chi Albert St,QLD,2026-09-13,FY 2027,forecast,18786.05,15765.9,21900.67,1.0,13.5972,1381.61,159.46,-886.7,23.8,1.4,36.4,0,,BRIS,CORE Cluster,Prophet+Wx+Hol
Yo-Chi Albert St,QLD,2026-09-14,FY 2027,forecast,15018.46,11882.78,18294.17,1.0,13.5972,1104.53,154.66,-554.83,23.1,0.42,35.4,0,,BRIS,CORE Cluster,Prophet+Wx+Hol
Yo-Chi Albert St,QLD,2026-09-15,FY 2027,forecast,15608.18,12507.86,18816.69,1.0,13.5972,1147.9,138.99,-635.39,23.7,0.27,36.0,0,,BRIS,CORE Cluster,Prophet+Wx+Hol
Yo-Chi Albert St,QLD,2026-09-16,FY 2027,forecast,16327.7,13456.46,19700.19,1.0,13.5972,1200.82,135.15,-827.77,23.6,2.0,33.9,0,,BRIS,CORE Cluster,Prophet+Wx+Hol
Yo-Chi Albert St,QLD,2026-09-17,FY 2027,forecast,17196.68,14063.05,20554.78,1.0,13.5972,1264.72,139.97,-628.7,25.7,0.23,32.4,0,,BRIS,CORE Cluster,Prophet+Wx+Hol
Yo-Chi Albert St,QLD,2026-09-18,FY 2027,forecast,21029.14,18019.75,24389.34,1.0,13.5972,1546.58,176.89,-785.26,25.7,0.42,35.6,0,,BRIS,CORE Cluster,Prophet+Wx+Hol
Yo-Chi Albert St,QLD,2026-09-19,FY 2027,forecast,22688.69,19629.75,25732.58,1.0,13.5972,1668.63,186.14,-763.31,26.7,0.08,35.8,0,,BRIS,CORE Cluster,Prophet+Wx+Hol
Yo-Chi Albert St,QLD,2026-09-20,FY 2027,forecast,20754.98,17705.51,23775.38,1.0,13.5972,1526.42,164.38,-886.7,26.8,0.12,36.5,0,,BRIS,CORE Cluster,Prophet+Wx+Hol
Yo-Chi Albert St,QLD,2026-09-21,FY 2027,forecast,16608.93,13394.55,20070.87,1.0,13.5972,1221.5,166.48,-633.27,27.1,1.07,40.9,0,,BRIS,CORE Cluster,Prophet+Wx+Hol
Yo-Chi Albert St,QLD,2026-09-22,FY 2027,forecast,16997.6,13706.88,20212.46,1.0,13.5972,1250.08,149.66,-788.62,25.6,1.68,34.7,0,,BRIS,CORE Cluster,Prophet+Wx+Hol
Yo-Chi Albert St,QLD,2026-09-23,FY 2027,forecast,17372.66,13940.42,20529.24,1.0,13.5972,1277.67,147.83,-886.7,25.4,4.17,35.4,0,,BRIS,CORE Cluster,Prophet+Wx+Hol
Yo-Chi Albert St,QLD,2026-09-24,FY 2027,forecast,18023.09,14729.08,21368.9,1.0,13.5972,1325.5,146.07,-747.92,26.1,0.07,35.6,0,,BRIS,CORE Cluster,Prophet+Wx+Hol
Yo-Chi Albert St,QLD,2026-09-25,FY 2027,forecast,21862.77,18689.48,25040.98,1.0,13.5972,1607.89,186.67,-886.7,26.3,0.23,35.0,0,,BRIS,CORE Cluster,Prophet+Wx+Hol
Yo-Chi Albert St,QLD,2026-09-26,FY 2027,forecast,22864.77,19628.36,25895.36,1.0,13.5972,1681.58,191.93,-874.58,26.0,0.92,39.9,0,,BRIS,CORE Cluster,Prophet+Wx+Hol
Yo-Chi Albert St,QLD,2026-09-27,FY 2027,forecast,20028.79,16878.41,23171.81,1.0,13.5972,1473.01,173.96,-886.7,24.6,7.45,38.0,0,,BRIS,CORE Cluster,Prophet+Wx+Hol
Yo-Chi Albert St,QLD,2026-09-28,FY 2027,forecast,15410.78,12546.63,18550.47,1.0,13.5972,1133.38,179.12,-761.49,24.6,11.58,40.6,0,,BRIS,CORE Cluster,Prophet+Wx+Hol
Yo-Chi Albert St,QLD,2026-09-29,FY 2027,forecast,16806.05,13480.77,20242.92,1.0,13.5972,1236.0,151.51,-886.7,25.1,0.7,36.8,0,,BRIS,CORE Cluster,Prophet+Wx+Hol
Yo-Chi Albert St,QLD,2026-09-30,FY 2027,forecast,17351.57,14225.5,20444.16,1.0,13.5972,1276.12,151.45,-886.7,26.4,2.0,35.1,0,,BRIS,CORE Cluster,Prophet+Wx+Hol
Yo-Chi Albert St,QLD,2026-10-01,FY 2027,forecast,17178.13,14039.93,20240.73,1.0,13.5972,1263.36,147.97,-860.06,25.7,2.2,36.3,0,,BRIS,CORE Cluster,Prophet+Wx+Hol
Yo-Chi Albert St,QLD,2026-10-02,FY 2027,forecast,20816.63,17763.65,24147.8,1.0,13.5972,1530.95,185.83,-886.7,26.4,1.6,39.1,0,,BRIS,CORE Cluster,Prophet+Wx+Hol
Yo-Chi Albert St,QLD,2026-10-03,FY 2027,forecast,22045.11,18700.62,25189.34,1.0,13.5972,1621.3,186.71,-886.7,26.0,0.02,38.6,0,,BRIS,CORE Cluster,Prophet+Wx+Hol
Yo-Chi Albert St,QLD,2026-10-04,FY 2027,forecast,19805.24,16597.28,22888.24,1.0,13.5972,1456.57,163.49,-886.7,26.4,0.5,37.4,0,,BRIS,CORE Cluster,Prophet+Wx+Hol
Yo-Chi Albert St,QLD,2026-10-05,FY 2027,forecast,20311.64,17309.87,23630.12,1.0,13.5972,1493.81,88.46,-886.7,27.5,0.2,34.3,0,King's Birthday,BRIS,CORE Cluster,Prophet+Wx+Hol
Yo-Chi Albert St,QLD,2026-10-06,FY 2027,forecast,13034.26,10055.02,16186.52,1.0,13.5972,958.6,62.15,-886.7,27.2,0.73,32.0,0,,BRIS,CORE Cluster,Prophet+Wx+Hol
Yo-Chi Albert St,QLD,2026-10-07,FY 2027,forecast,16051.33,12809.2,19245.48,1.0,13.5972,1180.49,135.3,-886.7,26.8,0.18,35.3,0,,BRIS,CORE Cluster,Prophet+Wx+Hol
Yo-Chi Albert St,QLD,2026-10-08,FY 2027,forecast,15761.38,12621.65,19174.11,1.0,13.5972,1159.16,135.91,-832.76,27.6,1.52,39.7,0,,BRIS,CORE Cluster,Prophet+Wx+Hol
Yo-Chi Albert St,QLD,2026-10-09,FY 2027,forecast,18759.65,15409.15,21944.92,1.0,13.5972,1379.67,179.51,-886.7,27.2,7.42,38.0,0,,BRIS,CORE Cluster,Prophet+Wx+Hol
Yo-Chi Albert St,QLD,2026-10-10,FY 2027,forecast,19931.34,16673.68,23071.93,1.0,13.5972,1465.84,174.29,-886.7,25.9,3.73,40.6,0,,BRIS,CORE Cluster,Prophet+Wx+Hol
Yo-Chi Albert St,QLD,2026-10-11,FY 2027,forecast,18163.85,14880.02,21110.61,1.0,13.5972,1335.85,151.39,-886.7,27.0,1.32,36.2,0,,BRIS,CORE Cluster,Prophet+Wx+Hol
Yo-Chi Albert St,QLD,2026-10-12,FY 2027,forecast,13310.3,9959.31,16491.11,1.0,13.5972,978.9,155.75,-819.49,26.1,6.7,35.5,0,,BRIS,CORE Cluster,Prophet+Wx+Hol
Yo-Chi Albert St,QLD,2026-10-13,FY 2027,forecast,13681.89,10677.34,16934.59,1.0,13.5972,1006.23,133.75,-854.93,26.2,2.53,38.4,0,,BRIS,CORE Cluster,Prophet+Wx+Hol
Yo-Chi Albert St,QLD,2026-10-14,FY 2027,forecast,14148.36,11012.44,17215.65,1.0,13.5972,1040.54,125.05,-886.7,24.8,1.55,34.7,0,,BRIS,CORE Cluster,Prophet+Wx+Hol
Yo-Chi Albert St,QLD,2026-10-15,FY 2027,forecast,14371.72,11135.14,17254.86,1.0,13.5972,1056.96,134.87,-775.65,26.9,1.68,35.2,0,,BRIS,CORE Cluster,Prophet+Wx+Hol
Yo-Chi Albert St,QLD,2026-10-16,FY 2027,forecast,17934.35,14751.42,21454.34,1.0,13.5972,1318.98,176.31,-886.7,26.5,1.42,36.8,0,,BRIS,CORE Cluster,Prophet+Wx+Hol
Yo-Chi Albert St,QLD,2026-10-17,FY 2027,forecast,19088.5,16144.86,22441.23,1.0,13.5972,1403.86,186.11,-830.99,26.4,0.85,39.2,0,,BRIS,CORE Cluster,Prophet+Wx+Hol
Yo-Chi Albert St,QLD,2026-10-18,FY 2027,forecast,16889.49,13832.87,20118.58,1.0,13.5972,1242.13,171.39,-886.7,27.1,1.4,41.0,0,,BRIS,CORE Cluster,Prophet+Wx+Hol
Yo-Chi Albert St,QLD,2026-10-19,FY 2027,forecast,13025.79,10145.8,16105.43,1.0,13.5972,957.98,181.62,-721.92,27.3,1.23,35.2,0,,BRIS,CORE Cluster,Prophet+Wx+Hol
Yo-Chi Albert St,QLD,2026-10-20,FY 2027,forecast,13231.05,10027.19,16259.78,1.0,13.5972,973.07,169.51,-782.6,26.3,0.3,35.1,0,,BRIS,CORE Cluster,Prophet+Wx+Hol
Yo-Chi Albert St,QLD,2026-10-21,FY 2027,forecast,13390.27,10168.7,16710.97,1.0,13.5972,984.78,178.64,-886.7,26.2,4.27,35.5,0,,BRIS,CORE Cluster,Prophet+Wx+Hol
Yo-Chi Albert St,QLD,2026-10-22,FY 2027,forecast,12958.55,10027.61,15985.29,1.0,13.5972,953.03,196.89,-643.6,26.1,10.0,36.3,0,,BRIS,CORE Cluster,Prophet+Wx+Hol
Yo-Chi Albert St,QLD,2026-10-23,FY 2027,forecast,16217.81,12940.88,19393.55,1.0,13.5972,1192.73,263.67,-750.4,28.4,16.73,41.4,0,,BRIS,CORE Cluster,Prophet+Wx+Hol
Yo-Chi Albert St,QLD,2026-10-24,FY 2027,forecast,19313.02,16102.29,22681.08,1.0,13.5972,1420.37,269.27,-767.91,30.2,1.87,37.9,0,,BRIS,CORE Cluster,Prophet+Wx+Hol
Yo-Chi Albert St,QLD,2026-10-25,FY 2027,forecast,16450.94,13132.78,19651.57,1.0,13.5972,1209.88,257.97,-886.7,28.1,7.5,39.0,0,,BRIS,CORE Cluster,Prophet+Wx+Hol
Yo-Chi Albert St,QLD,2026-10-26,FY 2027,forecast,12849.22,9878.0,15963.28,1.0,13.5972,944.99,269.32,-644.87,28.4,4.93,35.7,0,,BRIS,CORE Cluster,Prophet+Wx+Hol
Yo-Chi Albert St,QLD,2026-10-27,FY 2027,forecast,12838.04,9922.53,16147.52,1.0,13.5972,944.17,266.48,-674.71,28.4,7.25,39.2,0,,BRIS,CORE Cluster,Prophet+Wx+Hol
Yo-Chi Albert St,QLD,2026-10-28,FY 2027,forecast,13004.16,9927.89,16256.89,1.0,13.5972,956.39,271.73,-862.57,26.3,11.13,35.7,0,,BRIS,CORE Cluster,Prophet+Wx+Hol
Yo-Chi Albert St,QLD,2026-10-29,FY 2027,forecast,13861.2,10592.33,16923.4,1.0,13.5972,1019.42,280.05,-651.91,27.1,6.62,32.8,0,,BRIS,CORE Cluster,Prophet+Wx+Hol
Yo-Chi Albert St,QLD,2026-10-30,FY 2027,forecast,17621.7,14404.89,20884.36,1.0,13.5972,1295.98,284.18,-797.38,28.1,7.78,35.9,0,,BRIS,CORE Cluster,Prophet+Wx+Hol
Yo-Chi Albert St,QLD,2026-10-31,FY 2027,forecast,19059.99,15857.32,22511.82,1.0,13.5972,1401.76,284.18,-701.04,28.5,5.67,41.0,0,,BRIS,CORE Cluster,Prophet+Wx+Hol
Yo-Chi Albert St,QLD,2026-11-01,FY 2027,forecast,16921.84,13785.54,20178.1,1.0,13.5972,1244.51,284.18,-886.7,27.9,7.6,38.4,0,,BRIS,CORE Cluster,Prophet+Wx+Hol
Yo-Chi Albert St,QLD,2026-11-02,FY 2027,forecast,13317.71,10173.89,16500.58,1.0,13.5972,979.45,284.18,-607.05,25.6,0.2,38.4,0,,BRIS,CORE Cluster,Prophet+Wx+Hol
Yo-Chi Albert St,QLD,2026-11-03,FY 2027,forecast,13436.49,10010.14,16674.12,1.0,13.5972,988.18,284.18,-692.44,25.7,3.47,37.1,0,,BRIS,CORE Cluster,Prophet+Wx+Hol
Yo-Chi Albert St,QLD,2026-11-04,FY 2027,forecast,14224.34,10987.08,17496.61,1.0,13.5972,1046.12,284.18,-857.36,26.6,2.8,37.8,0,,BRIS,CORE Cluster,Prophet+Wx+Hol
Yo-Chi Albert St,QLD,2026-11-05,FY 2027,forecast,14460.57,11253.47,17865.27,1.0,13.5972,1063.5,284.18,-615.47,27.0,3.5,36.7,0,,BRIS,CORE Cluster,Prophet+Wx+Hol
Yo-Chi Albert St,QLD,2026-11-06,FY 2027,forecast,18357.39,15179.31,21416.56,1.0,13.5972,1350.09,284.18,-811.59,25.2,1.12,35.2,0,,BRIS,CORE Cluster,Prophet+Wx+Hol
Yo-Chi Albert St,QLD,2026-11-07,FY 2027,forecast,19750.8,16550.62,22998.18,1.0,13.5972,1452.57,284.18,-748.09,26.2,1.35,36.9,0,,BRIS,CORE Cluster,Prophet+Wx+Hol
Yo-Chi Albert St,QLD,2026-11-08,FY 2027,forecast,17459.08,14235.36,20686.29,1.0,13.5972,1284.02,284.18,-886.7,27.3,5.03,38.3,0,,BRIS,CORE Cluster,Prophet+Wx+Hol
Yo-Chi Albert St,QLD,2026-11-09,FY 2027,forecast,13937.74,10880.14,17294.59,1.0,13.5972,1025.05,284.18,-667.62,26.3,0.53,32.6,0,,BRIS,CORE Cluster,Prophet+Wx+Hol
Yo-Chi Albert St,QLD,2026-11-10,FY 2027,forecast,13207.56,10037.6,16298.97,1.0,13.5972,971.35,278.1,-702.16,26.3,10.87,34.4,0,,BRIS,CORE Cluster,Prophet+Wx+Hol
Yo-Chi Albert St,QLD,2026-11-11,FY 2027,forecast,13764.85,10689.05,17094.68,1.0,13.5972,1012.33,262.01,-845.98,27.2,11.65,36.6,0,,BRIS,CORE Cluster,Prophet+Wx+Hol
Yo-Chi Albert St,QLD,2026-11-12,FY 2027,forecast,14054.5,10810.57,17371.11,1.0,13.5972,1033.63,243.21,-565.72,27.3,9.28,39.1,0,,BRIS,CORE Cluster,Prophet+Wx+Hol
Yo-Chi Albert St,QLD,2026-11-13,FY 2027,forecast,18525.58,15317.8,21774.87,1.0,13.5972,1362.46,258.05,-723.95,27.8,1.27,42.5,0,,BRIS,CORE Cluster,Prophet+Wx+Hol
Yo-Chi Albert St,QLD,2026-11-14,FY 2027,forecast,19857.61,16810.95,23218.48,1.0,13.5972,1460.42,258.17,-700.99,29.2,4.33,39.8,0,,BRIS,CORE Cluster,Prophet+Wx+Hol
Yo-Chi Albert St,QLD,2026-11-15,FY 2027,forecast,17955.12,14499.8,21326.54,1.0,13.5972,1320.5,224.68,-886.7,30.4,6.0,35.5,0,,BRIS,CORE Cluster,Prophet+Wx+Hol
Yo-Chi Albert St,QLD,2026-11-16,FY 2027,forecast,13664.91,10594.5,16907.6,1.0,13.5972,1004.98,204.68,-585.36,29.5,6.17,37.9,0,,BRIS,CORE Cluster,Prophet+Wx+Hol
Yo-Chi Albert St,QLD,2026-11-17,FY 2027,forecast,14007.1,10833.96,17469.67,1.0,13.5972,1030.15,164.56,-632.49,28.9,3.53,40.6,0,,BRIS,CORE Cluster,Prophet+Wx+Hol
Yo-Chi Albert St,QLD,2026-11-18,FY 2027,forecast,14620.9,11038.44,18101.17,1.0,13.5972,1075.29,132.88,-827.4,26.5,1.1,37.9,0,,BRIS,CORE Cluster,Prophet+Wx+Hol
Yo-Chi Albert St,QLD,2026-11-19,FY 2027,forecast,14321.26,11260.73,17604.31,1.0,13.5972,1053.25,127.96,-557.28,26.8,6.32,38.1,0,,BRIS,CORE Cluster,Prophet+Wx+Hol
Yo-Chi Albert St,QLD,2026-11-20,FY 2027,forecast,18057.81,14632.51,21369.02,1.0,13.5972,1328.06,163.52,-760.95,27.2,8.52,35.8,0,,BRIS,CORE Cluster,Prophet+Wx+Hol
Yo-Chi Albert St,QLD,2026-11-21,FY 2027,forecast,19630.08,16420.57,23015.64,1.0,13.5972,1443.69,160.31,-710.05,27.9,6.58,36.7,0,,BRIS,CORE Cluster,Prophet+Wx+Hol
Yo-Chi Albert St,QLD,2026-11-22,FY 2027,forecast,17484.35,14371.39,20888.19,1.0,13.5972,1285.88,126.25,-886.7,27.1,6.88,35.3,0,,BRIS,CORE Cluster,Prophet+Wx+Hol
Yo-Chi Albert St,QLD,2026-11-23,FY 2027,forecast,13657.85,10535.6,16981.05,1.0,13.5972,1004.46,122.15,-615.89,27.4,5.55,33.9,0,,BRIS,CORE Cluster,Prophet+Wx+Hol
Yo-Chi Albert St,QLD,2026-11-24,FY 2027,forecast,14365.15,10903.53,17726.44,1.0,13.5972,1056.48,102.95,-684.99,28.9,2.3,35.9,0,,BRIS,CORE Cluster,Prophet+Wx+Hol
Yo-Chi Albert St,QLD,2026-11-25,FY 2027,forecast,14825.1,11480.35,17958.71,1.0,13.5972,1090.31,93.21,-886.48,27.0,2.5,32.9,0,,BRIS,CORE Cluster,Prophet+Wx+Hol
Yo-Chi Albert St,QLD,2026-11-26,FY 2027,forecast,14519.76,11296.52,17762.6,1.0,13.5972,1067.85,114.0,-585.38,29.2,9.07,36.6,0,,BRIS,CORE Cluster,Prophet+Wx+Hol
Yo-Chi Albert St,QLD,2026-11-27,FY 2027,forecast,18940.91,15656.57,22467.22,1.0,13.5972,1393.0,156.26,-800.85,29.2,3.13,35.3,0,,BRIS,CORE Cluster,Prophet+Wx+Hol
Yo-Chi Albert St,QLD,2026-11-28,FY 2027,forecast,19765.95,16402.75,23163.0,1.0,13.5972,1453.68,177.85,-762.24,28.3,8.03,33.9,0,,BRIS,CORE Cluster,Prophet+Wx+Hol
Yo-Chi Albert St,QLD,2026-11-29,FY 2027,forecast,18069.59,14956.89,21389.3,1.0,13.5972,1328.92,163.29,-886.7,29.5,3.97,38.3,0,,BRIS,CORE Cluster,Prophet+Wx+Hol
Yo-Chi Albert St,QLD,2026-11-30,FY 2027,forecast,12586.87,9471.15,15839.06,1.0,13.5972,925.7,194.19,-601.77,27.7,17.9,35.9,0,,BRIS,CORE Cluster,Prophet+Wx+Hol
Yo-Chi Albert St,QLD,2026-12-01,FY 2027,forecast,12764.21,9327.4,15847.98,1.0,13.5972,938.74,194.09,-656.58,27.7,18.02,38.6,0,,BRIS,CORE Cluster,Prophet+Wx+Hol
Yo-Chi Albert St,QLD,2026-12-02,FY 2027,forecast,14722.99,11570.56,18022.46,1.0,13.5972,1082.8,193.45,-847.19,29.0,4.45,40.3,0,,BRIS,CORE Cluster,Prophet+Wx+Hol
Yo-Chi Albert St,QLD,2026-12-03,FY 2027,forecast,15383.19,12173.37,18572.07,1.0,13.5972,1131.35,210.97,-639.89,28.8,0.42,36.7,0,,BRIS,CORE Cluster,Prophet+Wx+Hol
Yo-Chi Albert St,QLD,2026-12-04,FY 2027,forecast,19306.17,15516.98,22655.19,1.0,13.5972,1419.87,280.56,-871.71,29.1,1.08,32.9,0,,BRIS,CORE Cluster,Prophet+Wx+Hol
Yo-Chi Albert St,QLD,2026-12-05,FY 2027,forecast,20447.16,16923.72,23934.19,1.0,13.5972,1503.78,284.18,-807.53,28.8,1.87,34.4,0,,BRIS,CORE Cluster,Prophet+Wx+Hol
Yo-Chi Albert St,QLD,2026-12-06,FY 2027,forecast,18785.51,15551.86,22132.17,1.0,13.5972,1381.57,284.18,-886.7,31.2,0.1,35.8,0,,BRIS,CORE Cluster,Prophet+Wx+Hol
Yo-Chi Albert St,QLD,2026-12-07,FY 2027,forecast,14283.27,11061.11,17576.33,1.0,13.5972,1050.46,284.18,-678.67,30.2,3.75,34.7,0,,BRIS,CORE Cluster,Prophet+Wx+Hol
Yo-Chi Albert St,QLD,2026-12-08,FY 2027,forecast,14398.63,10961.04,17743.03,1.0,13.5972,1058.94,284.18,-783.41,30.6,7.12,31.7,0,,BRIS,CORE Cluster,Prophet+Wx+Hol
Yo-Chi Albert St,QLD,2026-12-09,FY 2027,forecast,15076.52,12003.07,18343.08,1.0,13.5972,1108.8,284.18,-886.7,28.4,2.33,33.1,0,,BRIS,CORE Cluster,Prophet+Wx+Hol
Yo-Chi Albert St,QLD,2026-12-10,FY 2027,forecast,14661.02,11319.97,18010.64,1.0,13.5972,1078.24,284.18,-655.38,28.6,7.95,33.8,0,,BRIS,CORE Cluster,Prophet+Wx+Hol
Yo-Chi Albert St,QLD,2026-12-11,FY 2027,forecast,18423.15,15220.48,21832.8,1.0,13.5972,1354.92,284.18,-818.32,27.6,5.88,35.4,0,,BRIS,CORE Cluster,Prophet+Wx+Hol
Yo-Chi Albert St,QLD,2026-12-12,FY 2027,forecast,19752.44,16068.99,23361.84,1.0,13.5972,1452.69,284.18,-759.14,27.3,4.98,35.6,0,,BRIS,CORE Cluster,Prophet+Wx+Hol
Yo-Chi Albert St,QLD,2026-12-13,FY 2027,forecast,16555.19,13267.16,19692.62,1.0,13.5972,1217.55,284.18,-886.7,27.4,15.27,39.1,0,,BRIS,CORE Cluster,Prophet+Wx+Hol
Yo-Chi Albert St,QLD,2026-12-14,FY 2027,forecast,12616.17,9211.91,16073.47,1.0,13.5972,927.85,284.18,-542.95,29.3,15.78,39.7,0,,BRIS,CORE Cluster,Prophet+Wx+Hol
Yo-Chi Albert St,QLD,2026-12-15,FY 2027,forecast,14278.5,11180.75,17330.74,1.0,13.5972,1050.11,284.18,-655.3,30.4,2.8,38.1,0,,BRIS,CORE Cluster,Prophet+Wx+Hol
Yo-Chi Albert St,QLD,2026-12-16,FY 2027,forecast,14306.57,10962.83,17880.77,1.0,13.5972,1052.17,284.18,-808.73,28.5,5.97,37.4,0,,BRIS,CORE Cluster,Prophet+Wx+Hol
Yo-Chi Albert St,QLD,2026-12-17,FY 2027,forecast,14431.27,11209.6,17491.02,1.0,13.5972,1061.34,284.18,-543.35,28.4,6.42,35.9,0,,BRIS,CORE Cluster,Prophet+Wx+Hol
Yo-Chi Albert St,QLD,2026-12-18,FY 2027,forecast,18131.62,15053.73,21479.47,1.0,13.5972,1333.48,284.18,-696.67,28.5,6.65,37.3,0,,BRIS,CORE Cluster,Prophet+Wx+Hol
Yo-Chi Albert St,QLD,2026-12-19,FY 2027,forecast,19987.82,16715.72,23419.92,1.0,13.5972,1470.0,284.18,-632.71,28.4,0.33,38.1,0,,BRIS,CORE Cluster,Prophet+Wx+Hol
Yo-Chi Albert St,QLD,2026-12-20,FY 2027,forecast,18075.43,14742.6,21528.89,1.0,13.5972,1329.35,284.18,-886.7,29.6,0.17,37.8,0,,BRIS,CORE Cluster,Prophet+Wx+Hol
Yo-Chi Albert St,QLD,2026-12-21,FY 2027,forecast,13936.82,10613.22,17334.56,1.0,13.5972,1024.98,284.18,-507.86,29.9,2.78,34.1,0,,BRIS,CORE Cluster,Prophet+Wx+Hol
Yo-Chi Albert St,QLD,2026-12-22,FY 2027,forecast,14298.65,11139.63,17486.65,1.0,13.5972,1051.59,284.18,-584.22,29.9,2.65,32.8,0,,BRIS,CORE Cluster,Prophet+Wx+Hol
Yo-Chi Albert St,QLD,2026-12-23,FY 2027,forecast,14810.74,11536.84,18355.54,1.0,13.5972,1089.25,284.18,-713.24,30.0,2.6,35.4,0,,BRIS,CORE Cluster,Prophet+Wx+Hol
Yo-Chi Albert St,QLD,2026-12-24,FY 2027,forecast,14260.65,10919.27,17771.92,1.0,13.5972,1048.79,284.18,-440.3,28.8,9.68,33.0,0,,BRIS,CORE Cluster,Prophet+Wx+Hol
Yo-Chi Albert St,QLD,2026-12-25,FY 2027,forecast,3740.74,557.07,6896.28,1.0,13.5972,275.11,39.53,-582.27,30.2,4.02,34.4,0,Christmas Day,BRIS,CORE Cluster,Prophet+Wx+Hol
Yo-Chi Albert St,QLD,2026-12-26,FY 2027,forecast,20384.83,16862.03,24072.39,1.0,13.5972,1499.19,114.27,-565.52,28.3,2.35,34.8,0,Boxing Day,BRIS,CORE Cluster,Prophet+Wx+Hol
Yo-Chi Albert St,QLD,2026-12-27,FY 2027,forecast,16592.0,13195.92,20235.05,1.0,13.5972,1220.25,284.18,-815.24,28.5,4.03,35.9,0,,BRIS,CORE Cluster,Prophet+Wx+Hol
Yo-Chi Albert St,QLD,2026-12-28,FY 2027,forecast,14137.41,10922.8,17511.35,1.0,13.5972,1039.73,284.18,-385.27,29.2,1.58,36.2,0,Boxing Day (observed),BRIS,CORE Cluster,Prophet+Wx+Hol
Yo-Chi Albert St,QLD,2026-12-29,FY 2027,forecast,14611.11,11260.82,17894.17,1.0,13.5972,1074.57,282.36,-455.09,29.8,0.98,36.9,0,,BRIS,CORE Cluster,Prophet+Wx+Hol
Yo-Chi Albert St,QLD,2026-12-30,FY 2027,forecast,14660.34,11198.16,18112.82,1.0,13.5972,1078.19,251.51,-643.99,27.1,5.28,34.2,0,,BRIS,CORE Cluster,Prophet+Wx+Hol
Yo-Chi Albert St,QLD,2026-12-31,FY 2027,forecast,15249.91,12052.59,18611.38,1.0,13.5972,1121.55,229.15,-340.93,28.6,1.78,38.4,0,,BRIS,CORE Cluster,Prophet+Wx+Hol
Yo-Chi Albert St,QLD,2027-01-01,FY 2027,forecast,22604.77,19167.45,26472.74,1.0,13.5972,1662.46,259.15,-579.26,27.3,6.79,32.7,0,New Year's Day,BRIS,CORE Cluster,Prophet+Wx+Hol
Yo-Chi Albert St,QLD,2027-01-02,FY 2027,forecast,22100.56,18443.58,25557.51,1.0,13.5972,1625.38,232.95,-516.12,26.9,10.87,34.2,0,,BRIS,CORE Cluster,Prophet+Wx+Hol
Yo-Chi Albert St,QLD,2027-01-03,FY 2027,forecast,18517.21,15211.04,22041.07,1.0,13.5972,1361.84,201.82,-808.48,28.9,3.5,37.5,0,,BRIS,CORE Cluster,Prophet+Wx+Hol
Yo-Chi Albert St,QLD,2027-01-04,FY 2027,forecast,14681.66,11368.42,18184.19,1.0,13.5972,1079.76,188.03,-387.11,29.6,2.8,37.9,0,,BRIS,CORE Cluster,Prophet+Wx+Hol
Yo-Chi Albert St,QLD,2027-01-05,FY 2027,forecast,15142.1,11768.13,18345.65,1.0,13.5972,1113.62,156.79,-515.27,29.5,3.1,34.9,0,,BRIS,CORE Cluster,Prophet+Wx+Hol
Yo-Chi Albert St,QLD,2027-01-06,FY 2027,forecast,15648.46,12373.7,18953.66,1.0,13.5972,1150.86,134.03,-679.49,28.7,2.69,37.3,0,,BRIS,CORE Cluster,Prophet+Wx+Hol
Yo-Chi Albert St,QLD,2027-01-07,FY 2027,forecast,15614.79,12127.39,19073.26,1.0,13.5972,1148.38,122.95,-418.15,27.8,4.07,37.7,0,,BRIS,CORE Cluster,Prophet+Wx+Hol
Yo-Chi Albert St,QLD,2027-01-08,FY 2027,forecast,19532.74,15964.81,23134.58,1.0,13.5972,1436.53,162.52,-652.05,28.1,4.66,35.6,0,,BRIS,CORE Cluster,Prophet+Wx+Hol
Yo-Chi Albert St,QLD,2027-01-09,FY 2027,forecast,20957.89,17406.0,24616.89,1.0,13.5972,1541.34,165.83,-624.24,28.6,4.83,35.6,0,,BRIS,CORE Cluster,Prophet+Wx+Hol
Yo-Chi Albert St,QLD,2027-01-10,FY 2027,forecast,18661.2,15131.55,22087.15,1.0,13.5972,1372.43,139.76,-886.7,29.1,7.4,37.3,0,,BRIS,CORE Cluster,Prophet+Wx+Hol
Yo-Chi Albert St,QLD,2027-01-11,FY 2027,forecast,14429.24,10986.54,17790.92,1.0,13.5972,1061.19,140.91,-515.39,29.0,9.57,36.3,0,,BRIS,CORE Cluster,Prophet+Wx+Hol
Yo-Chi Albert St,QLD,2027-01-12,FY 2027,forecast,14942.2,11681.64,18195.61,1.0,13.5972,1098.92,107.34,-606.38,27.6,4.54,37.8,0,,BRIS,CORE Cluster,Prophet+Wx+Hol
Yo-Chi Albert St,QLD,2027-01-13,FY 2027,forecast,16117.05,12701.92,19666.38,1.0,13.5972,1185.32,102.4,-854.75,29.0,1.24,34.6,0,,BRIS,CORE Cluster,Prophet+Wx+Hol
Yo-Chi Albert St,QLD,2027-01-14,FY 2027,forecast,16210.92,12771.44,19575.36,1.0,13.5972,1192.23,103.5,-604.18,29.0,1.31,34.6,0,,BRIS,CORE Cluster,Prophet+Wx+Hol
Yo-Chi Albert St,QLD,2027-01-15,FY 2027,forecast,19736.88,16156.84,23395.1,1.0,13.5972,1451.54,157.48,-814.33,29.5,4.4,34.3,0,,BRIS,CORE Cluster,Prophet+Wx+Hol
Yo-Chi Albert St,QLD,2027-01-16,FY 2027,forecast,20551.0,16921.56,24209.59,1.0,13.5972,1511.42,173.87,-753.89,29.8,8.64,36.1,0,,BRIS,CORE Cluster,Prophet+Wx+Hol
Yo-Chi Albert St,QLD,2027-01-17,FY 2027,forecast,18701.41,15115.97,22432.88,1.0,13.5972,1375.39,143.08,-886.7,29.3,5.29,34.1,0,,BRIS,CORE Cluster,Prophet+Wx+Hol
Yo-Chi Albert St,QLD,2027-01-18,FY 2027,forecast,13342.41,10234.02,16710.88,1.0,13.5972,981.26,160.95,-605.79,29.4,15.94,38.5,0,,BRIS,CORE Cluster,Prophet+Wx+Hol
Yo-Chi Albert St,QLD,2027-01-19,FY 2027,forecast,14134.17,10937.06,17432.58,1.0,13.5972,1039.49,135.74,-733.0,29.4,9.86,36.9,0,,BRIS,CORE Cluster,Prophet+Wx+Hol
Yo-Chi Albert St,QLD,2027-01-20,FY 2027,forecast,14823.81,11393.72,18223.95,1.0,13.5972,1090.21,120.05,-886.7,27.8,5.84,35.2,0,,BRIS,CORE Cluster,Prophet+Wx+Hol
Yo-Chi Albert St,QLD,2027-01-21,FY 2027,forecast,15444.75,11828.98,18846.96,1.0,13.5972,1135.88,120.11,-695.38,29.3,1.0,35.8,0,,BRIS,CORE Cluster,Prophet+Wx+Hol
Yo-Chi Albert St,QLD,2027-01-22,FY 2027,forecast,19470.56,15967.22,22967.98,1.0,13.5972,1431.96,174.75,-886.7,31.2,0.59,33.3,0,,BRIS,CORE Cluster,Prophet+Wx+Hol
Yo-Chi Albert St,QLD,2027-01-23,FY 2027,forecast,19851.09,16647.39,23622.82,1.0,13.5972,1459.94,177.2,-855.72,28.4,4.49,35.0,0,,BRIS,CORE Cluster,Prophet+Wx+Hol
Yo-Chi Albert St,QLD,2027-01-24,FY 2027,forecast,18147.45,14797.32,21361.26,1.0,13.5972,1334.65,153.41,-886.7,30.9,1.26,37.1,0,,BRIS,CORE Cluster,Prophet+Wx+Hol
Yo-Chi Albert St,QLD,2027-01-25,FY 2027,forecast,13926.65,10594.87,17159.23,1.0,13.5972,1024.23,153.99,-774.9,30.3,2.33,32.4,0,,BRIS,CORE Cluster,Prophet+Wx+Hol
Yo-Chi Albert St,QLD,2027-01-26,FY 2027,forecast,15793.65,12409.57,19236.1,1.0,13.5972,1161.54,73.71,-837.0,30.8,2.27,32.2,0,Australia Day,BRIS,CORE Cluster,Prophet+Wx+Hol
Yo-Chi Albert St,QLD,2027-01-27,FY 2027,forecast,13761.68,10354.35,17120.66,1.0,13.5972,1012.1,283.72,-886.7,30.0,0.71,32.4,0,,BRIS,CORE Cluster,Prophet+Wx+Hol
Yo-Chi Albert St,QLD,2027-01-28,FY 2027,forecast,13933.37,10683.25,17393.15,1.0,13.5972,1024.72,130.72,-767.29,30.1,8.63,32.1,0,,BRIS,CORE Cluster,Prophet+Wx+Hol
Yo-Chi Albert St,QLD,2027-01-29,FY 2027,forecast,17938.13,14423.1,21446.74,1.0,13.5972,1319.25,164.02,-886.7,30.4,3.07,38.4,0,,BRIS,CORE Cluster,Prophet+Wx+Hol
Yo-Chi Albert St,QLD,2027-01-30,FY 2027,forecast,18924.68,15774.57,22591.05,1.0,13.5972,1391.81,170.98,-886.7,29.7,6.21,34.9,0,,BRIS,CORE Cluster,Prophet+Wx+Hol
Yo-Chi Albert St,QLD,2027-01-31,FY 2027,forecast,17047.37,13487.01,20766.28,1.0,13.5972,1253.74,139.61,-886.7,30.5,4.29,35.2,0,,BRIS,CORE Cluster,Prophet+Wx+Hol
Yo-Chi Albert St,QLD,2027-02-01,FY 2027,forecast,13202.41,9799.89,16460.87,1.0,13.5972,970.97,134.07,-750.56,31.3,1.49,37.2,0,,BRIS,CORE Cluster,Prophet+Wx+Hol
Yo-Chi Albert St,QLD,2027-02-02,FY 2027,forecast,12770.88,9683.92,15998.61,1.0,13.5972,939.23,120.6,-851.9,30.5,9.03,34.4,0,,BRIS,CORE Cluster,Prophet+Wx+Hol
Yo-Chi Albert St,QLD,2027-02-03,FY 2027,forecast,13090.73,9905.18,16507.26,1.0,13.5972,962.75,108.21,-886.7,30.1,9.64,38.1,0,,BRIS,CORE Cluster,Prophet+Wx+Hol
Yo-Chi Albert St,QLD,2027-02-04,FY 2027,forecast,13651.48,10420.45,17109.51,1.0,13.5972,1003.99,86.87,-734.01,28.1,2.89,37.7,0,,BRIS,CORE Cluster,Prophet+Wx+Hol
Yo-Chi Albert St,QLD,2027-02-05,FY 2027,forecast,17623.99,14081.53,21262.16,1.0,13.5972,1296.15,133.8,-886.7,28.5,3.09,35.5,0,,BRIS,CORE Cluster,Prophet+Wx+Hol
Yo-Chi Albert St,QLD,2027-02-06,FY 2027,forecast,18678.24,14955.17,22517.99,1.0,13.5972,1373.68,145.35,-886.7,28.6,6.86,35.4,0,,BRIS,CORE Cluster,Prophet+Wx+Hol
Yo-Chi Albert St,QLD,2027-02-07,FY 2027,forecast,16736.07,13169.1,20521.51,1.0,13.5972,1230.85,116.37,-886.7,29.0,6.44,36.1,0,,BRIS,CORE Cluster,Prophet+Wx+Hol
Yo-Chi Albert St,QLD,2027-02-08,FY 2027,forecast,12517.86,9036.91,16006.13,1.0,13.5972,920.62,119.5,-770.19,28.9,8.89,36.0,0,,BRIS,CORE Cluster,Prophet+Wx+Hol
Yo-Chi Albert St,QLD,2027-02-09,FY 2027,forecast,13375.44,9992.14,16897.4,1.0,13.5972,983.69,92.71,-886.7,28.7,4.51,34.1,0,,BRIS,CORE Cluster,Prophet+Wx+Hol
Yo-Chi Albert St,QLD,2027-02-10,FY 2027,forecast,14112.74,10839.43,17356.92,1.0,13.5972,1037.92,87.77,-886.7,29.1,4.37,35.2,0,,BRIS,CORE Cluster,Prophet+Wx+Hol
Yo-Chi Albert St,QLD,2027-02-11,FY 2027,forecast,14393.03,10968.2,17838.43,1.0,13.5972,1058.53,92.94,-777.6,29.9,5.0,36.3,0,,BRIS,CORE Cluster,Prophet+Wx+Hol
Yo-Chi Albert St,QLD,2027-02-12,FY 2027,forecast,17883.88,14494.58,21740.73,1.0,13.5972,1315.26,151.27,-886.7,30.5,9.71,38.6,0,,BRIS,CORE Cluster,Prophet+Wx+Hol
Yo-Chi Albert St,QLD,2027-02-13,FY 2027,forecast,19296.67,15473.83,23201.0,1.0,13.5972,1419.17,151.89,-886.7,28.8,8.03,38.4,0,,BRIS,CORE Cluster,Prophet+Wx+Hol
Yo-Chi Albert St,QLD,2027-02-14,FY 2027,forecast,17225.03,13609.45,20909.55,1.0,13.5972,1266.81,129.9,-886.7,28.2,10.36,34.4,0,,BRIS,CORE Cluster,Prophet+Wx+Hol
Yo-Chi Albert St,QLD,2027-02-15,FY 2027,forecast,13486.21,9879.94,16898.73,1.0,13.5972,991.84,126.14,-784.7,27.6,7.13,34.8,0,,BRIS,CORE Cluster,Prophet+Wx+Hol
Yo-Chi Albert St,QLD,2027-02-16,FY 2027,forecast,13791.34,10368.61,17174.36,1.0,13.5972,1014.28,112.47,-831.47,28.2,7.91,37.4,0,,BRIS,CORE Cluster,Prophet+Wx+Hol
Yo-Chi Albert St,QLD,2027-02-17,FY 2027,forecast,15255.37,11773.67,18742.47,1.0,13.5972,1121.95,97.99,-886.7,28.2,0.36,35.8,0,,BRIS,CORE Cluster,Prophet+Wx+Hol
Yo-Chi Albert St,QLD,2027-02-18,FY 2027,forecast,15697.92,12057.15,19252.13,1.0,13.5972,1154.5,108.17,-785.37,29.3,0.86,33.4,0,,BRIS,CORE Cluster,Prophet+Wx+Hol
Yo-Chi Albert St,QLD,2027-02-19,FY 2027,forecast,19603.48,16120.04,23287.2,1.0,13.5972,1441.73,164.72,-886.7,29.9,2.29,31.3,0,,BRIS,CORE Cluster,Prophet+Wx+Hol
Yo-Chi Albert St,QLD,2027-02-20,FY 2027,forecast,20943.21,17085.63,24804.02,1.0,13.5972,1540.26,168.83,-886.7,29.0,0.86,32.8,0,,BRIS,CORE Cluster,Prophet+Wx+Hol
Yo-Chi Albert St,QLD,2027-02-21,FY 2027,forecast,18827.1,15218.48,22577.23,1.0,13.5972,1384.63,143.1,-886.7,29.5,0.61,36.6,0,,BRIS,CORE Cluster,Prophet+Wx+Hol
Yo-Chi Albert St,QLD,2027-02-22,FY 2027,forecast,14569.21,11122.47,18310.6,1.0,13.5972,1071.49,146.61,-659.84,29.6,1.61,39.3,0,,BRIS,CORE Cluster,Prophet+Wx+Hol
Yo-Chi Albert St,QLD,2027-02-23,FY 2027,forecast,14043.89,10647.39,17615.25,1.0,13.5972,1032.85,141.14,-741.21,29.0,10.64,36.1,0,,BRIS,CORE Cluster,Prophet+Wx+Hol
Yo-Chi Albert St,QLD,2027-02-24,FY 2027,forecast,14124.04,10654.07,17945.37,1.0,13.5972,1038.75,133.54,-886.7,27.6,13.46,36.7,0,,BRIS,CORE Cluster,Prophet+Wx+Hol
Yo-Chi Albert St,QLD,2027-02-25,FY 2027,forecast,14158.5,10509.97,17626.35,1.0,13.5972,1041.28,136.93,-620.04,27.5,15.16,33.6,0,,BRIS,CORE Cluster,Prophet+Wx+Hol
Yo-Chi Albert St,QLD,2027-02-26,FY 2027,forecast,16960.11,13470.06,20387.01,1.0,13.5972,1247.33,204.41,-762.37,28.5,25.71,35.1,0,,BRIS,CORE Cluster,Prophet+Wx+Hol
Yo-Chi Albert St,QLD,2027-02-27,FY 2027,forecast,18068.33,14652.49,21826.36,1.0,13.5972,1328.83,206.59,-659.2,28.1,25.24,37.6,0,,BRIS,CORE Cluster,Prophet+Wx+Hol
Yo-Chi Albert St,QLD,2027-02-28,FY 2027,forecast,18410.57,14812.65,22355.12,1.0,13.5972,1354.0,144.6,-886.7,29.5,1.81,33.0,0,,BRIS,CORE Cluster,Prophet+Wx+Hol
Yo-Chi Albert St,QLD,2027-03-01,FY 2027,forecast,14205.67,10749.68,17719.03,1.0,13.5972,1044.75,140.94,-597.64,29.4,1.59,32.6,0,,BRIS,CORE Cluster,Prophet+Wx+Hol
Yo-Chi Albert St,QLD,2027-03-02,FY 2027,forecast,14419.32,10949.13,17874.45,1.0,13.5972,1060.46,118.86,-645.62,30.3,1.1,34.8,0,,BRIS,CORE Cluster,Prophet+Wx+Hol
Yo-Chi Albert St,QLD,2027-03-03,FY 2027,forecast,13537.1,10210.52,16974.95,1.0,13.5972,995.58,116.65,-754.01,28.8,11.51,37.9,0,,BRIS,CORE Cluster,Prophet+Wx+Hol
Yo-Chi Albert St,QLD,2027-03-04,FY 2027,forecast,14251.15,10711.19,17865.9,1.0,13.5972,1048.1,98.16,-503.98,28.3,3.9,35.6,0,,BRIS,CORE Cluster,Prophet+Wx+Hol
Yo-Chi Albert St,QLD,2027-03-05,FY 2027,forecast,17789.1,13931.69,21431.68,1.0,13.5972,1308.29,141.85,-673.03,28.4,4.24,37.8,0,,BRIS,CORE Cluster,Prophet+Wx+Hol
Yo-Chi Albert St,QLD,2027-03-06,FY 2027,forecast,18791.06,15100.31,22744.18,1.0,13.5972,1381.98,147.16,-601.84,28.7,5.74,39.0,0,,BRIS,CORE Cluster,Prophet+Wx+Hol
Yo-Chi Albert St,QLD,2027-03-07,FY 2027,forecast,16341.6,12669.38,19898.72,1.0,13.5972,1201.84,113.14,-885.43,28.7,6.66,41.8,0,,BRIS,CORE Cluster,Prophet+Wx+Hol
Yo-Chi Albert St,QLD,2027-03-08,FY 2027,forecast,10151.62,6789.59,13435.69,1.0,13.5972,746.6,136.07,-364.56,28.1,25.67,43.9,0,,BRIS,CORE Cluster,Prophet+Wx+Hol
Yo-Chi Albert St,QLD,2027-03-09,FY 2027,forecast,9808.21,6561.21,13291.62,1.0,13.5972,721.34,119.57,-499.58,27.3,31.76,39.5,0,,BRIS,CORE Cluster,Prophet+Wx+Hol
Yo-Chi Albert St,QLD,2027-03-10,FY 2027,forecast,12056.08,9097.7,15632.0,1.0,13.5972,886.66,77.49,-780.37,26.8,13.34,36.5,0,,BRIS,CORE Cluster,Prophet+Wx+Hol
Yo-Chi Albert St,QLD,2027-03-11,FY 2027,forecast,12500.83,9275.28,16032.69,1.0,13.5972,919.37,67.39,-564.05,26.3,9.81,33.1,0,,BRIS,CORE Cluster,Prophet+Wx+Hol
Yo-Chi Albert St,QLD,2027-03-12,FY 2027,forecast,16978.56,13175.37,20650.42,1.0,13.5972,1248.68,111.38,-813.3,27.9,4.26,32.9,0,,BRIS,CORE Cluster,Prophet+Wx+Hol
Yo-Chi Albert St,QLD,2027-03-13,FY 2027,forecast,18433.36,14446.82,22215.36,1.0,13.5972,1355.67,111.26,-796.7,27.5,1.84,32.7,0,,BRIS,CORE Cluster,Prophet+Wx+Hol
Yo-Chi Albert St,QLD,2027-03-14,FY 2027,forecast,16478.13,12361.67,20139.48,1.0,13.5972,1211.88,79.18,-886.7,27.8,0.27,33.6,0,,BRIS,CORE Cluster,Prophet+Wx+Hol
Yo-Chi Albert St,QLD,2027-03-15,FY 2027,forecast,11641.75,8504.57,15136.63,1.0,13.5972,856.19,83.36,-654.11,27.1,5.61,37.6,0,,BRIS,CORE Cluster,Prophet+Wx+Hol
Yo-Chi Albert St,QLD,2027-03-16,FY 2027,forecast,12438.86,9133.31,15833.59,1.0,13.5972,914.81,60.58,-822.82,27.4,2.34,34.8,0,,BRIS,CORE Cluster,Prophet+Wx+Hol
Yo-Chi Albert St,QLD,2027-03-17,FY 2027,forecast,13055.21,9816.33,16573.44,1.0,13.5972,960.14,62.01,-886.7,28.2,4.44,33.1,0,,BRIS,CORE Cluster,Prophet+Wx+Hol
Yo-Chi Albert St,QLD,2027-03-18,FY 2027,forecast,13244.03,9880.26,16767.94,1.0,13.5972,974.03,63.12,-837.76,27.6,4.84,31.9,0,,BRIS,CORE Cluster,Prophet+Wx+Hol
Yo-Chi Albert St,QLD,2027-03-19,FY 2027,forecast,17553.19,13775.56,21435.67,1.0,13.5972,1290.94,110.38,-886.7,27.2,1.89,28.6,0,,BRIS,CORE Cluster,Prophet+Wx+Hol
Yo-Chi Albert St,QLD,2027-03-20,FY 2027,forecast,19009.86,15194.63,22992.08,1.0,13.5972,1398.07,125.47,-886.7,27.9,2.83,29.1,0,,BRIS,CORE Cluster,Prophet+Wx+Hol
Yo-Chi Albert St,QLD,2027-03-21,FY 2027,forecast,16863.88,13015.87,20584.45,1.0,13.5972,1240.25,98.38,-886.7,28.0,3.11,34.9,0,,BRIS,CORE Cluster,Prophet+Wx+Hol
Yo-Chi Albert St,QLD,2027-03-22,FY 2027,forecast,11452.9,7895.26,15023.74,1.0,13.5972,842.3,126.36,-886.7,27.1,19.13,32.4,0,,BRIS,CORE Cluster,Prophet+Wx+Hol
Yo-Chi Albert St,QLD,2027-03-23,FY 2027,forecast,12881.21,9082.36,16409.7,1.0,13.5972,947.34,95.23,-886.7,27.2,9.83,31.9,0,,BRIS,CORE Cluster,Prophet+Wx+Hol
Yo-Chi Albert St,QLD,2027-03-24,FY 2027,forecast,14200.11,10485.88,17723.07,1.0,13.5972,1044.34,80.86,-886.7,27.0,3.83,32.9,0,,BRIS,CORE Cluster,Prophet+Wx+Hol
Yo-Chi Albert St,QLD,2027-03-25,FY 2027,forecast,14719.12,11425.02,18326.67,1.0,13.5972,1082.51,88.6,-886.7,27.0,4.83,27.4,0,,BRIS,CORE Cluster,Prophet+Wx+Hol
Yo-Chi Albert St,QLD,2027-03-26,FY 2027,forecast,19013.49,14972.99,22894.99,1.0,13.5972,1398.34,165.37,-886.7,27.0,13.01,28.2,0,Good Friday,BRIS,CORE Cluster,Prophet+Wx+Hol
Yo-Chi Albert St,QLD,2027-03-27,FY 2027,forecast,18470.2,14559.3,22121.79,1.0,13.5972,1358.38,151.57,-886.7,26.3,9.86,36.6,0,Easter Saturday,BRIS,CORE Cluster,Prophet+Wx+Hol
Yo-Chi Albert St,QLD,2027-03-28,FY 2027,forecast,26810.9,21710.65,31348.54,1.0,13.5972,1971.8,81.65,-886.7,26.5,17.46,34.3,0,Easter Sunday,BRIS,CORE Cluster,Prophet+Wx+Hol
Yo-Chi Albert St,QLD,2027-03-29,FY 2027,forecast,16523.45,12672.16,20443.36,1.0,13.5972,1215.21,168.53,-886.7,26.1,9.7,27.9,0,Easter Monday,BRIS,CORE Cluster,Prophet+Wx+Hol
Yo-Chi Albert St,QLD,2027-03-30,FY 2027,forecast,15630.34,11901.85,19128.81,1.0,13.5972,1149.53,140.61,-886.7,27.7,2.86,36.8,0,,BRIS,CORE Cluster,Prophet+Wx+Hol
Yo-Chi Albert St,QLD,2027-03-31,FY 2027,forecast,16214.47,12738.4,19887.19,1.0,13.5972,1192.49,93.79,-886.7,26.9,1.61,30.8,0,,BRIS,CORE Cluster,Prophet+Wx+Hol
Yo-Chi Albert St,QLD,2027-04-01,FY 2027,forecast,16463.5,12614.97,20388.23,1.0,13.5972,1210.8,86.46,-886.7,25.5,1.0,30.2,0,,BRIS,CORE Cluster,Prophet+Wx+Hol
Yo-Chi Albert St,QLD,2027-04-02,FY 2027,forecast,20341.06,16293.06,24428.75,1.0,13.5972,1495.98,143.63,-886.7,26.2,3.69,29.4,0,,BRIS,CORE Cluster,Prophet+Wx+Hol
Yo-Chi Albert St,QLD,2027-04-03,FY 2027,forecast,21917.7,17759.92,26074.83,1.0,13.5972,1611.93,148.66,-886.7,26.7,2.3,32.3,0,,BRIS,CORE Cluster,Prophet+Wx+Hol
Yo-Chi Albert St,QLD,2027-04-04,FY 2027,forecast,19219.62,15478.89,23280.73,1.0,13.5972,1413.5,124.71,-886.7,25.8,9.36,31.4,0,,BRIS,CORE Cluster,Prophet+Wx+Hol
Yo-Chi Albert St,QLD,2027-04-05,FY 2027,forecast,15526.74,11858.91,19286.48,1.0,13.5972,1141.91,123.41,-886.7,26.6,7.7,30.4,0,,BRIS,CORE Cluster,Prophet+Wx+Hol
Yo-Chi Albert St,QLD,2027-04-06,FY 2027,forecast,16045.04,12511.29,19846.2,1.0,13.5972,1180.03,95.52,-886.7,26.0,6.13,28.6,0,,BRIS,CORE Cluster,Prophet+Wx+Hol
Yo-Chi Albert St,QLD,2027-04-07,FY 2027,forecast,16892.28,13259.85,20825.92,1.0,13.5972,1242.34,84.16,-886.7,27.2,3.39,33.3,0,,BRIS,CORE Cluster,Prophet+Wx+Hol
Yo-Chi Albert St,QLD,2027-04-08,FY 2027,forecast,17308.23,13438.43,21280.15,1.0,13.5972,1272.93,77.01,-813.82,27.3,0.36,34.4,0,,BRIS,CORE Cluster,Prophet+Wx+Hol
Yo-Chi Albert St,QLD,2027-04-09,FY 2027,forecast,20882.16,16935.78,25005.52,1.0,13.5972,1535.77,126.4,-886.7,26.9,1.71,35.5,0,,BRIS,CORE Cluster,Prophet+Wx+Hol
Yo-Chi Albert St,QLD,2027-04-10,FY 2027,forecast,22446.6,18193.73,26826.31,1.0,13.5972,1650.83,134.91,-886.7,27.2,0.74,31.6,0,,BRIS,CORE Cluster,Prophet+Wx+Hol
Yo-Chi Albert St,QLD,2027-04-11,FY 2027,forecast,20450.56,16355.97,24979.13,1.0,13.5972,1504.03,108.16,-886.7,28.2,0.17,32.0,0,,BRIS,CORE Cluster,Prophet+Wx+Hol
Yo-Chi Albert St,QLD,2027-04-12,FY 2027,forecast,15796.36,12113.85,19700.68,1.0,13.5972,1161.74,103.87,-668.97,26.3,1.69,33.5,0,,BRIS,CORE Cluster,Prophet+Wx+Hol
Yo-Chi Albert St,QLD,2027-04-13,FY 2027,forecast,15982.81,12146.82,19780.51,1.0,13.5972,1175.45,83.35,-740.37,25.8,1.21,32.3,0,,BRIS,CORE Cluster,Prophet+Wx+Hol
Yo-Chi Albert St,QLD,2027-04-14,FY 2027,forecast,16604.39,12673.41,20511.39,1.0,13.5972,1221.16,80.69,-886.7,25.7,0.46,29.0,0,,BRIS,CORE Cluster,Prophet+Wx+Hol
Yo-Chi Albert St,QLD,2027-04-15,FY 2027,forecast,16595.94,12869.89,20511.24,1.0,13.5972,1220.54,88.57,-621.38,26.1,0.26,30.3,0,,BRIS,CORE Cluster,Prophet+Wx+Hol
Yo-Chi Albert St,QLD,2027-04-16,FY 2027,forecast,20287.66,16181.36,24583.22,1.0,13.5972,1492.05,152.42,-784.88,27.3,0.01,33.2,0,,BRIS,CORE Cluster,Prophet+Wx+Hol
Yo-Chi Albert St,QLD,2027-04-17,FY 2027,forecast,21450.53,17592.77,25679.28,1.0,13.5972,1577.57,175.43,-768.45,27.3,1.31,29.3,0,,BRIS,CORE Cluster,Prophet+Wx+Hol
Yo-Chi Albert St,QLD,2027-04-18,FY 2027,forecast,19076.23,14999.16,22873.13,1.0,13.5972,1402.95,152.77,-886.7,26.4,0.69,29.6,0,,BRIS,CORE Cluster,Prophet+Wx+Hol
Yo-Chi Albert St,QLD,2027-04-19,FY 2027,forecast,14771.78,10954.36,18287.96,1.0,13.5972,1086.39,166.3,-623.78,26.0,0.23,29.3,0,,BRIS,CORE Cluster,Prophet+Wx+Hol
Yo-Chi Albert St,QLD,2027-04-20,FY 2027,forecast,14873.33,11042.5,18639.03,1.0,13.5972,1093.85,168.64,-729.77,27.0,1.4,29.0,0,,BRIS,CORE Cluster,Prophet+Wx+Hol
Yo-Chi Albert St,QLD,2027-04-21,FY 2027,forecast,14543.09,11120.44,18246.81,1.0,13.5972,1069.57,181.1,-871.87,26.0,5.43,33.6,0,,BRIS,CORE Cluster,Prophet+Wx+Hol
Yo-Chi Albert St,QLD,2027-04-22,FY 2027,forecast,14777.0,10798.83,18705.71,1.0,13.5972,1086.77,189.94,-572.25,25.5,0.27,36.7,0,,BRIS,CORE Cluster,Prophet+Wx+Hol
Yo-Chi Albert St,QLD,2027-04-23,FY 2027,forecast,18340.67,14353.41,22433.3,1.0,13.5972,1348.86,262.27,-835.98,24.7,0.63,34.6,0,,BRIS,CORE Cluster,Prophet+Wx+Hol
Yo-Chi Albert St,QLD,2027-04-24,FY 2027,forecast,19103.55,14758.44,23368.91,1.0,13.5972,1404.96,284.18,-767.53,24.7,3.16,37.9,0,,BRIS,CORE Cluster,Prophet+Wx+Hol
Yo-Chi Albert St,QLD,2027-04-25,FY 2027,forecast,16491.14,12517.54,20231.88,1.0,13.5972,1212.83,284.18,-886.7,23.6,7.04,33.7,0,,BRIS,CORE Cluster,Prophet+Wx+Hol
Yo-Chi Albert St,QLD,2027-04-26,FY 2027,forecast,17901.3,13602.25,21898.25,1.0,13.5972,1316.54,172.41,-822.19,23.5,1.67,29.7,0,ANZAC Day,BRIS,CORE Cluster,Prophet+Wx+Hol
Yo-Chi Albert St,QLD,2027-04-27,FY 2027,forecast,13367.24,9460.38,17220.17,1.0,13.5972,983.09,207.53,-869.3,24.6,1.7,32.1,0,,BRIS,CORE Cluster,Prophet+Wx+Hol
Yo-Chi Albert St,QLD,2027-04-28,FY 2027,forecast,13534.17,9799.78,17370.04,1.0,13.5972,995.37,284.18,-886.7,24.3,0.87,32.6,0,,BRIS,CORE Cluster,Prophet+Wx+Hol
Yo-Chi Albert St,QLD,2027-04-29,FY 2027,forecast,13832.26,9990.71,17504.34,1.0,13.5972,1017.29,284.18,-886.7,24.7,0.6,28.1,0,,BRIS,CORE Cluster,Prophet+Wx+Hol
Yo-Chi Albert St,QLD,2027-04-30,FY 2027,forecast,17215.39,13209.03,21256.69,1.0,13.5972,1266.1,284.18,-886.7,24.9,3.73,30.0,0,,BRIS,CORE Cluster,Prophet+Wx+Hol
Yo-Chi Albert St,QLD,2027-05-01,FY 2027,forecast,18159.79,13954.72,22584.04,1.0,13.5972,1335.56,284.18,-886.7,23.2,2.44,35.3,0,,BRIS,CORE Cluster,Prophet+Wx+Hol
Yo-Chi Albert St,QLD,2027-05-02,FY 2027,forecast,15928.86,12018.11,19734.94,1.0,13.5972,1171.48,284.18,-886.7,23.2,1.24,40.3,0,,BRIS,CORE Cluster,Prophet+Wx+Hol
Yo-Chi Albert St,QLD,2027-05-03,FY 2027,forecast,19706.51,15531.23,24000.62,1.0,13.5972,1449.31,284.18,-886.7,23.9,1.03,30.5,0,Labour Day,BRIS,CORE Cluster,Prophet+Wx+Hol
Yo-Chi Albert St,QLD,2027-05-04,FY 2027,forecast,12340.64,8549.16,16209.15,1.0,13.5972,907.59,284.18,-886.7,24.4,1.69,27.7,0,,BRIS,CORE Cluster,Prophet+Wx+Hol
Yo-Chi Albert St,QLD,2027-05-05,FY 2027,forecast,13055.18,9592.51,16884.97,1.0,13.5972,960.14,284.18,-886.7,23.7,2.51,29.2,0,,BRIS,CORE Cluster,Prophet+Wx+Hol
Yo-Chi Albert St,QLD,2027-05-06,FY 2027,forecast,13224.32,9466.3,17040.43,1.0,13.5972,972.58,284.18,-886.7,24.3,3.16,29.3,0,,BRIS,CORE Cluster,Prophet+Wx+Hol
Yo-Chi Albert St,QLD,2027-05-07,FY 2027,forecast,16973.05,13246.31,21163.92,1.0,13.5972,1248.28,284.18,-886.7,24.3,3.34,31.6,0,,BRIS,CORE Cluster,Prophet+Wx+Hol
Yo-Chi Albert St,QLD,2027-05-08,FY 2027,forecast,18288.05,14371.66,22577.08,1.0,13.5972,1344.99,284.18,-886.7,23.4,1.34,34.9,0,,BRIS,CORE Cluster,Prophet+Wx+Hol
Yo-Chi Albert St,QLD,2027-05-09,FY 2027,forecast,16010.37,12275.97,19837.72,1.0,13.5972,1177.48,284.18,-886.7,22.8,4.57,31.2,0,,BRIS,CORE Cluster,Prophet+Wx+Hol
Yo-Chi Albert St,QLD,2027-05-10,FY 2027,forecast,12465.26,8843.4,16161.57,1.0,13.5972,916.75,284.18,-886.7,24.1,0.41,32.9,0,,BRIS,CORE Cluster,Prophet+Wx+Hol
Yo-Chi Albert St,QLD,2027-05-11,FY 2027,forecast,11955.8,8372.95,15702.45,1.0,13.5972,879.28,284.18,-886.7,23.2,7.94,33.6,0,,BRIS,CORE Cluster,Prophet+Wx+Hol
Yo-Chi Albert St,QLD,2027-05-12,FY 2027,forecast,12180.36,8466.09,15938.51,1.0,13.5972,895.8,284.18,-886.7,22.7,11.13,35.2,0,,BRIS,CORE Cluster,Prophet+Wx+Hol
Yo-Chi Albert St,QLD,2027-05-13,FY 2027,forecast,13221.72,9325.89,16856.62,1.0,13.5972,972.39,284.18,-886.7,23.2,5.13,30.4,0,,BRIS,CORE Cluster,Prophet+Wx+Hol
Yo-Chi Albert St,QLD,2027-05-14,FY 2027,forecast,16867.04,12603.29,20759.17,1.0,13.5972,1240.48,284.18,-886.7,23.1,8.28,28.4,0,,BRIS,CORE Cluster,Prophet+Wx+Hol
Yo-Chi Albert St,QLD,2027-05-15,FY 2027,forecast,18358.77,14254.84,22659.59,1.0,13.5972,1350.19,284.18,-886.7,23.3,8.33,26.7,0,,BRIS,CORE Cluster,Prophet+Wx+Hol
Yo-Chi Albert St,QLD,2027-05-16,FY 2027,forecast,15838.95,11778.72,19687.72,1.0,13.5972,1164.87,284.18,-886.7,21.9,9.65,30.9,0,,BRIS,CORE Cluster,Prophet+Wx+Hol
Yo-Chi Albert St,QLD,2027-05-17,FY 2027,forecast,12617.16,9002.76,16309.45,1.0,13.5972,927.92,284.18,-886.7,22.7,2.35,29.8,0,,BRIS,CORE Cluster,Prophet+Wx+Hol
Yo-Chi Albert St,QLD,2027-05-18,FY 2027,forecast,13201.94,9508.78,16869.88,1.0,13.5972,970.93,284.18,-886.7,22.9,0.72,27.9,0,,BRIS,CORE Cluster,Prophet+Wx+Hol
Yo-Chi Albert St,QLD,2027-05-19,FY 2027,forecast,13488.58,9545.93,17109.87,1.0,13.5972,992.01,284.18,-886.7,21.7,1.13,31.1,0,,BRIS,CORE Cluster,Prophet+Wx+Hol
Yo-Chi Albert St,QLD,2027-05-20,FY 2027,forecast,13861.69,10130.57,17733.99,1.0,13.5972,1019.45,284.18,-874.57,21.5,1.37,24.9,0,,BRIS,CORE Cluster,Prophet+Wx+Hol
Yo-Chi Albert St,QLD,2027-05-21,FY 2027,forecast,17126.33,13065.34,21369.87,1.0,13.5972,1259.55,284.18,-886.7,21.0,4.27,30.6,0,,BRIS,CORE Cluster,Prophet+Wx+Hol
Yo-Chi Albert St,QLD,2027-05-22,FY 2027,forecast,18652.91,13913.47,22865.56,1.0,13.5972,1371.82,284.18,-886.7,20.9,1.63,31.8,0,,BRIS,CORE Cluster,Prophet+Wx+Hol
Yo-Chi Albert St,QLD,2027-05-23,FY 2027,forecast,16793.94,12837.86,20959.48,1.0,13.5972,1235.1,284.18,-886.7,20.9,0.15,29.0,0,,BRIS,CORE Cluster,Prophet+Wx+Hol
Yo-Chi Albert St,QLD,2027-05-24,FY 2027,forecast,12906.21,8965.36,16459.49,1.0,13.5972,949.18,284.18,-779.45,22.6,0.18,28.4,0,,BRIS,CORE Cluster,Prophet+Wx+Hol
Yo-Chi Albert St,QLD,2027-05-25,FY 2027,forecast,13305.35,9649.59,17314.77,1.0,13.5972,978.54,284.18,-886.7,22.8,0.72,24.6,0,,BRIS,CORE Cluster,Prophet+Wx+Hol
Yo-Chi Albert St,QLD,2027-05-26,FY 2027,forecast,13865.02,10174.76,17681.29,1.0,13.5972,1019.7,284.18,-886.7,23.7,0.63,27.2,0,,BRIS,CORE Cluster,Prophet+Wx+Hol
Yo-Chi Albert St,QLD,2027-05-27,FY 2027,forecast,13952.95,10602.6,17748.37,1.0,13.5972,1026.16,284.18,-789.67,23.7,0.03,29.1,0,,BRIS,CORE Cluster,Prophet+Wx+Hol
Yo-Chi Albert St,QLD,2027-05-28,FY 2027,forecast,17620.32,13371.32,21959.91,1.0,13.5972,1295.88,284.18,-886.7,22.1,0.3,26.2,0,,BRIS,CORE Cluster,Prophet+Wx+Hol
Yo-Chi Albert St,QLD,2027-05-29,FY 2027,forecast,18509.56,14330.03,22995.41,1.0,13.5972,1361.28,284.18,-886.7,21.2,0.12,33.6,0,,BRIS,CORE Cluster,Prophet+Wx+Hol
Yo-Chi Albert St,QLD,2027-05-30,FY 2027,forecast,15778.67,11868.59,19920.76,1.0,13.5972,1160.44,284.18,-886.7,20.6,7.12,29.8,0,,BRIS,CORE Cluster,Prophet+Wx+Hol
Yo-Chi Albert St,QLD,2027-05-31,FY 2027,forecast,11622.58,8098.93,15095.62,1.0,13.5972,854.78,284.18,-864.46,21.0,6.13,33.6,0,,BRIS,CORE Cluster,Prophet+Wx+Hol
Yo-Chi Albert St,QLD,2027-06-01,FY 2027,forecast,12401.74,8596.67,16116.36,1.0,13.5972,912.08,284.18,-886.7,22.4,2.35,33.6,0,,BRIS,CORE Cluster,Prophet+Wx+Hol
Yo-Chi Albert St,QLD,2027-06-02,FY 2027,forecast,13054.61,9084.25,16898.82,1.0,13.5972,960.1,284.18,-886.7,21.0,0.27,31.4,0,,BRIS,CORE Cluster,Prophet+Wx+Hol
Yo-Chi Albert St,QLD,2027-06-03,FY 2027,forecast,12838.74,9040.37,16705.8,1.0,13.5972,944.22,284.18,-886.7,20.8,2.67,33.4,0,,BRIS,CORE Cluster,Prophet+Wx+Hol
Yo-Chi Albert St,QLD,2027-06-04,FY 2027,forecast,16738.48,12355.57,21103.74,1.0,13.5972,1231.03,284.18,-886.7,20.8,0.92,35.0,0,,BRIS,CORE Cluster,Prophet+Wx+Hol
Yo-Chi Albert St,QLD,2027-06-05,FY 2027,forecast,18344.89,13877.0,22834.39,1.0,13.5972,1349.17,284.18,-886.7,20.5,0.23,28.8,0,,BRIS,CORE Cluster,Prophet+Wx+Hol
Yo-Chi Albert St,QLD,2027-06-06,FY 2027,forecast,16327.95,12375.49,20569.22,1.0,13.5972,1200.83,284.18,-886.7,20.9,0.55,27.4,0,,BRIS,CORE Cluster,Prophet+Wx+Hol
Yo-Chi Albert St,QLD,2027-06-07,FY 2027,forecast,12211.94,8599.19,15896.75,1.0,13.5972,898.12,284.18,-886.7,20.3,0.13,27.1,0,,BRIS,CORE Cluster,Prophet+Wx+Hol
Yo-Chi Albert St,QLD,2027-06-08,FY 2027,forecast,12458.9,8539.32,16336.32,1.0,13.5972,916.29,284.18,-886.7,20.7,0.1,30.0,0,,BRIS,CORE Cluster,Prophet+Wx+Hol
Yo-Chi Albert St,QLD,2027-06-09,FY 2027,forecast,12486.24,8673.68,16217.15,1.0,13.5972,918.3,284.18,-886.7,19.7,0.73,40.5,0,,BRIS,CORE Cluster,Prophet+Wx+Hol
Yo-Chi Albert St,QLD,2027-06-10,FY 2027,forecast,12993.29,9167.59,16499.5,1.0,13.5972,955.59,284.18,-886.7,19.6,0.85,32.6,0,,BRIS,CORE Cluster,Prophet+Wx+Hol
Yo-Chi Albert St,QLD,2027-06-11,FY 2027,forecast,17106.71,12886.29,21532.77,1.0,13.5972,1258.11,284.18,-886.7,20.0,0.52,29.5,0,,BRIS,CORE Cluster,Prophet+Wx+Hol
Yo-Chi Albert St,QLD,2027-06-12,FY 2027,forecast,18552.58,14266.79,23045.87,1.0,13.5972,1364.44,284.18,-886.7,20.6,0.25,31.6,0,,BRIS,CORE Cluster,Prophet+Wx+Hol
Yo-Chi Albert St,QLD,2027-06-13,FY 2027,forecast,16669.62,12358.64,21044.75,1.0,13.5972,1225.96,284.18,-886.7,20.6,0.43,28.9,0,,BRIS,CORE Cluster,Prophet+Wx+Hol
Yo-Chi Albert St,QLD,2027-06-14,FY 2027,forecast,12660.25,8887.51,16265.72,1.0,13.5972,931.09,284.18,-886.7,21.5,2.15,28.4,0,,BRIS,CORE Cluster,Prophet+Wx+Hol
Yo-Chi Albert St,QLD,2027-06-15,FY 2027,forecast,13221.61,9545.77,16976.69,1.0,13.5972,972.38,284.18,-886.7,21.3,1.75,25.5,0,,BRIS,CORE Cluster,Prophet+Wx+Hol
Yo-Chi Albert St,QLD,2027-06-16,FY 2027,forecast,14099.59,10305.65,17768.11,1.0,13.5972,1036.95,284.18,-886.7,21.3,0.18,25.9,0,,BRIS,CORE Cluster,Prophet+Wx+Hol
Yo-Chi Albert St,QLD,2027-06-17,FY 2027,forecast,14204.16,10333.81,18148.89,1.0,13.5972,1044.64,284.18,-886.7,20.6,0.23,28.8,0,,BRIS,CORE Cluster,Prophet+Wx+Hol
Yo-Chi Albert St,QLD,2027-06-18,FY 2027,forecast,18104.25,13943.17,22933.41,1.0,13.5972,1331.47,284.18,-886.7,20.8,0.35,31.9,0,,BRIS,CORE Cluster,Prophet+Wx+Hol
Yo-Chi Albert St,QLD,2027-06-19,FY 2027,forecast,19541.69,14811.2,24273.78,1.0,13.5972,1437.19,284.18,-886.7,20.4,0.1,33.4,0,,BRIS,CORE Cluster,Prophet+Wx+Hol
Yo-Chi Albert St,QLD,2027-06-20,FY 2027,forecast,17924.85,13436.71,22678.3,1.0,13.5972,1318.28,284.18,-886.7,20.5,0.12,26.5,0,,BRIS,CORE Cluster,Prophet+Wx+Hol
Yo-Chi Albert St,QLD,2027-06-21,FY 2027,forecast,14107.87,10020.75,18117.86,1.0,13.5972,1037.56,284.18,-886.7,21.2,0.15,26.5,0,,BRIS,CORE Cluster,Prophet+Wx+Hol
Yo-Chi Albert St,QLD,2027-06-22,FY 2027,forecast,14418.81,10377.6,18363.05,1.0,13.5972,1060.43,284.18,-886.7,20.8,0.3,29.3,0,,BRIS,CORE Cluster,Prophet+Wx+Hol
Yo-Chi Albert St,QLD,2027-06-23,FY 2027,forecast,15016.92,10771.39,19060.95,1.0,13.5972,1104.41,268.85,-886.7,21.0,1.12,32.6,0,,BRIS,CORE Cluster,Prophet+Wx+Hol
Yo-Chi Albert St,QLD,2027-06-24,FY 2027,forecast,15712.51,11773.64,19918.31,1.0,13.5972,1155.57,253.93,-886.7,21.7,0.33,27.8,0,,BRIS,CORE Cluster,Prophet+Wx+Hol
Yo-Chi Albert St,QLD,2027-06-25,FY 2027,forecast,19552.77,15365.9,24545.22,1.0,13.5972,1438.0,284.18,-886.7,21.7,2.43,27.2,0,,BRIS,CORE Cluster,Prophet+Wx+Hol
Yo-Chi Albert St,QLD,2027-06-26,FY 2027,forecast,21120.42,16235.15,25806.22,1.0,13.5972,1553.29,284.18,-886.7,21.0,0.82,27.4,0,,BRIS,CORE Cluster,Prophet+Wx+Hol
Yo-Chi Albert St,QLD,2027-06-27,FY 2027,forecast,19330.17,14980.42,24214.08,1.0,13.5972,1421.63,242.06,-886.7,21.6,0.25,27.3,0,,BRIS,CORE Cluster,Prophet+Wx+Hol
Yo-Chi Albert St,QLD,2027-06-28,FY 2027,forecast,15211.22,10800.15,19407.53,1.0,13.5972,1118.7,230.56,-886.7,20.6,0.65,27.0,0,,BRIS,CORE Cluster,Prophet+Wx+Hol
Yo-Chi Albert St,QLD,2027-06-29,FY 2027,forecast,15415.31,11226.87,19794.72,1.0,13.5972,1133.71,203.17,-886.7,20.2,1.88,28.4,0,,BRIS,CORE Cluster,Prophet+Wx+Hol
Yo-Chi Albert St,QLD,2027-06-30,FY 2027,forecast,15841.84,11529.1,20007.14,1.0,13.5972,1165.08,201.48,-886.7,20.3,4.87,28.7,0,,BRIS,CORE Cluster,Prophet+Wx+Hol
Yo-Chi Albert St,QLD,2027-07-01,FY 2028,forecast,15841.84,11529.1,20007.14,1.0,13.5972,1165.08,201.48,-886.7,,,,0,,BRIS,CORE Cluster,Prophet+Wx+Hol
Yo-Chi Harbour Town,QLD,2025-07-01,FY 2026,actual,0.0,,,,,,0.0,-0.0,18.2,0.3,44.6,0,,nan,nan,
Yo-Chi Harbour Town,QLD,2025-07-02,FY 2026,actual,0.0,,,,,,0.0,-0.0,16.9,0.0,67.7,0,,nan,nan,
Yo-Chi Harbour Town,QLD,2025-07-03,FY 2026,actual,0.0,,,,,,0.0,-0.0,18.5,0.0,66.2,0,,nan,nan,
Yo-Chi Harbour Town,QLD,2025-07-04,FY 2026,actual,0.0,,,,,,0.0,-0.0,19.3,0.0,43.6,0,,nan,nan,
Yo-Chi Harbour Town,QLD,2025-07-05,FY 2026,actual,0.0,,,,,,0.0,-0.0,21.0,0.0,25.9,0,,nan,nan,
Yo-Chi Harbour Town,QLD,2025-07-06,FY 2026,actual,0.0,,,,,,0.0,-0.0,22.9,3.2,27.7,0,,nan,nan,
Yo-Chi Harbour Town,QLD,2025-07-07,FY 2026,actual,0.0,,,,,,0.0,-0.0,20.2,4.1,32.4,0,,nan,nan,
Yo-Chi Harbour Town,QLD,2025-07-08,FY 2026,actual,0.0,,,,,,0.0,-0.0,20.8,0.0,25.2,0,,nan,nan,
Yo-Chi Harbour Town,QLD,2025-07-09,FY 2026,actual,0.0,,,,,,0.0,-0.0,23.9,0.0,20.5,0,,nan,nan,
Yo-Chi Harbour Town,QLD,2025-07-10,FY 2026,actual,0.0,,,,,,0.0,-0.0,22.0,0.2,42.1,0,,nan,nan,
Yo-Chi Harbour Town,QLD,2025-07-11,FY 2026,actual,0.0,,,,,,0.0,-0.0,19.3,0.0,43.2,0,,nan,nan,
Yo-Chi Harbour Town,QLD,2025-07-12,FY 2026,actual,0.0,,,,,,0.0,-0.0,19.5,0.0,29.5,0,,nan,nan,
Yo-Chi Harbour Town,QLD,2025-07-13,FY 2026,actual,0.0,,,,,,0.0,-0.0,20.5,0.0,20.5,0,,nan,nan,
Yo-Chi Harbour Town,QLD,2025-07-14,FY 2026,actual,0.0,,,,,,0.0,-0.0,21.6,0.0,29.5,0,,nan,nan,
Yo-Chi Harbour Town,QLD,2025-07-15,FY 2026,actual,0.0,,,,,,0.0,-0.0,21.9,0.0,22.3,0,,nan,nan,
Yo-Chi Harbour Town,QLD,2025-07-16,FY 2026,actual,0.0,,,,,,0.0,-0.0,21.5,0.0,19.1,0,,nan,nan,
Yo-Chi Harbour Town,QLD,2025-07-17,FY 2026,actual,0.0,,,,,,0.0,-0.0,21.5,0.8,22.0,0,,nan,nan,
Yo-Chi Harbour Town,QLD,2025-07-18,FY 2026,actual,0.0,,,,,,0.0,-0.0,19.5,15.1,34.6,0,,nan,nan,
Yo-Chi Harbour Town,QLD,2025-07-19,FY 2026,actual,0.0,,,,,,0.0,-0.0,20.0,0.0,29.5,0,,nan,nan,
Yo-Chi Harbour Town,QLD,2025-07-20,FY 2026,actual,0.0,,,,,,0.0,-0.0,20.7,0.1,28.1,0,,nan,nan,
Yo-Chi Harbour Town,QLD,2025-07-21,FY 2026,actual,0.0,,,,,,0.0,-0.0,20.4,0.1,31.7,0,,nan,nan,
Yo-Chi Harbour Town,QLD,2025-07-22,FY 2026,actual,0.0,,,,,,0.0,-0.0,21.2,0.0,22.3,0,,nan,nan,
Yo-Chi Harbour Town,QLD,2025-07-23,FY 2026,actual,0.0,,,,,,0.0,-0.0,21.6,8.7,32.0,0,,nan,nan,
Yo-Chi Harbour Town,QLD,2025-07-24,FY 2026,actual,0.0,,,,,,0.0,-0.0,18.4,0.0,41.4,0,,nan,nan,
Yo-Chi Harbour Town,QLD,2025-07-25,FY 2026,actual,0.0,,,,,,0.0,-0.0,19.1,0.0,24.8,0,,nan,nan,
Yo-Chi Harbour Town,QLD,2025-07-26,FY 2026,actual,0.0,,,,,,0.0,-0.0,20.4,18.3,29.5,0,,nan,nan,
Yo-Chi Harbour Town,QLD,2025-07-27,FY 2026,actual,0.0,,,,,,0.0,-0.0,19.8,1.4,41.8,0,,nan,nan,
Yo-Chi Harbour Town,QLD,2025-07-28,FY 2026,actual,0.0,,,,,,0.0,-0.0,18.5,0.0,50.0,0,,nan,nan,
Yo-Chi Harbour Town,QLD,2025-07-29,FY 2026,actual,0.0,,,,,,0.0,-0.0,19.4,0.0,23.8,0,,nan,nan,
Yo-Chi Harbour Town,QLD,2025-07-30,FY 2026,actual,0.0,,,,,,0.0,-0.0,23.6,2.6,45.7,0,,nan,nan,
Yo-Chi Harbour Town,QLD,2025-07-31,FY 2026,actual,0.0,,,,,,0.0,-0.0,18.5,0.0,43.9,0,,nan,nan,
Yo-Chi Harbour Town,QLD,2025-08-01,FY 2026,actual,0.0,,,,,,0.0,-0.0,18.5,1.5,25.6,0,,nan,nan,
Yo-Chi Harbour Town,QLD,2025-08-02,FY 2026,actual,0.0,,,,,,0.0,-0.0,16.9,0.9,47.5,0,,nan,nan,
Yo-Chi Harbour Town,QLD,2025-08-03,FY 2026,actual,0.0,,,,,,0.0,-0.0,20.4,1.0,54.7,0,,nan,nan,
Yo-Chi Harbour Town,QLD,2025-08-04,FY 2026,actual,0.0,,,,,,0.0,-0.0,21.9,0.0,38.5,0,,nan,nan,
Yo-Chi Harbour Town,QLD,2025-08-05,FY 2026,actual,0.0,,,,,,0.0,-0.0,23.1,0.0,31.0,0,,nan,nan,
Yo-Chi Harbour Town,QLD,2025-08-06,FY 2026,actual,0.0,,,,,,0.0,-0.0,22.5,0.0,20.9,0,,nan,nan,
Yo-Chi Harbour Town,QLD,2025-08-07,FY 2026,actual,0.0,,,,,,0.0,-0.0,21.2,0.0,35.6,0,,nan,nan,
Yo-Chi Harbour Town,QLD,2025-08-08,FY 2026,actual,0.0,,,,,,0.0,-0.0,19.4,4.5,41.4,0,,nan,nan,
Yo-Chi Harbour Town,QLD,2025-08-09,FY 2026,actual,0.0,,,,,,0.0,-0.0,19.3,2.7,44.6,0,,nan,nan,
Yo-Chi Harbour Town,QLD,2025-08-10,FY 2026,actual,0.0,,,,,,0.0,-0.0,20.2,0.4,41.4,0,,nan,nan,
Yo-Chi Harbour Town,QLD,2025-08-11,FY 2026,actual,0.0,,,,,,0.0,-0.0,20.1,0.2,31.3,0,,nan,nan,
Yo-Chi Harbour Town,QLD,2025-08-12,FY 2026,actual,0.0,,,,,,0.0,-0.0,20.6,0.0,22.0,0,,nan,nan,
Yo-Chi Harbour Town,QLD,2025-08-13,FY 2026,actual,0.0,,,,,,0.0,-0.0,19.4,1.3,22.7,0,The Royal Queensland Show,nan,nan,
Yo-Chi Harbour Town,QLD,2025-08-14,FY 2026,actual,0.0,,,,,,0.0,-0.0,18.9,3.9,23.4,0,,nan,nan,
Yo-Chi Harbour Town,QLD,2025-08-15,FY 2026,actual,0.0,,,,,,0.0,-0.0,20.4,0.5,26.3,0,,nan,nan,
Yo-Chi Harbour Town,QLD,2025-08-16,FY 2026,actual,0.0,,,,,,0.0,-0.0,22.0,0.0,31.7,0,,nan,nan,
Yo-Chi Harbour Town,QLD,2025-08-17,FY 2026,actual,0.0,,,,,,0.0,-0.0,20.1,0.0,31.7,0,,nan,nan,
Yo-Chi Harbour Town,QLD,2025-08-18,FY 2026,actual,0.0,,,,,,0.0,-0.0,19.0,0.0,29.5,0,,nan,nan,
Yo-Chi Harbour Town,QLD,2025-08-19,FY 2026,actual,0.0,,,,,,0.0,-0.0,16.5,2.6,28.4,0,,nan,nan,
Yo-Chi Harbour Town,QLD,2025-08-20,FY 2026,actual,0.0,,,,,,0.0,-0.0,16.5,19.6,28.4,0,,nan,nan,
Yo-Chi Harbour Town,QLD,2025-08-21,FY 2026,actual,0.0,,,,,,0.0,-0.0,20.1,12.2,33.1,0,,nan,nan,
Yo-Chi Harbour Town,QLD,2025-08-22,FY 2026,actual,0.0,,,,,,0.0,-0.0,23.5,0.7,21.6,0,,nan,nan,
Yo-Chi Harbour Town,QLD,2025-08-23,FY 2026,actual,0.0,,,,,,0.0,-0.0,23.4,0.0,37.1,0,,nan,nan,
Yo-Chi Harbour Town,QLD,2025-08-24,FY 2026,actual,0.0,,,,,,0.0,-0.0,23.2,0.0,25.9,0,,nan,nan,
Yo-Chi Harbour Town,QLD,2025-08-25,FY 2026,actual,0.0,,,,,,0.0,-0.0,22.5,0.1,29.9,0,,nan,nan,
Yo-Chi Harbour Town,QLD,2025-08-26,FY 2026,actual,0.0,,,,,,0.0,-0.0,22.5,0.1,27.0,0,,nan,nan,
Yo-Chi Harbour Town,QLD,2025-08-27,FY 2026,actual,0.0,,,,,,0.0,-0.0,26.4,0.0,35.3,0,,nan,nan,
Yo-Chi Harbour Town,QLD,2025-08-28,FY 2026,actual,0.0,,,,,,0.0,-0.0,24.2,0.0,40.7,0,,nan,nan,
Yo-Chi Harbour Town,QLD,2025-08-29,FY 2026,actual,0.0,,,,,,0.0,-0.0,23.0,0.0,37.1,0,,nan,nan,
Yo-Chi Harbour Town,QLD,2025-08-30,FY 2026,actual,0.0,,,,,,0.0,-0.0,19.0,0.0,61.9,0,,nan,nan,
Yo-Chi Harbour Town,QLD,2025-08-31,FY 2026,actual,0.0,,,,,,0.0,-0.0,21.4,0.0,32.8,0,,nan,nan,
Yo-Chi Harbour Town,QLD,2025-09-01,FY 2026,actual,0.0,,,,,,0.0,-0.0,20.4,0.5,23.8,0,,nan,nan,
Yo-Chi Harbour Town,QLD,2025-09-02,FY 2026,actual,0.0,,,,,,0.0,-0.0,22.0,3.6,26.6,0,,nan,nan,
Yo-Chi Harbour Town,QLD,2025-09-03,FY 2026,actual,0.0,,,,,,0.0,-0.0,23.2,0.0,27.7,0,,nan,nan,
Yo-Chi Harbour Town,QLD,2025-09-04,FY 2026,actual,0.0,,,,,,0.0,-0.0,23.5,0.0,19.8,0,,nan,nan,
Yo-Chi Harbour Town,QLD,2025-09-05,FY 2026,actual,0.0,,,,,,0.0,-0.0,24.9,0.8,34.6,0,,nan,nan,
Yo-Chi Harbour Town,QLD,2025-09-06,FY 2026,actual,0.0,,,,,,0.0,-0.0,21.0,0.4,40.0,0,,nan,nan,
Yo-Chi Harbour Town,QLD,2025-09-07,FY 2026,actual,0.0,,,,,,0.0,-0.0,21.5,0.0,31.7,0,,nan,nan,
Yo-Chi Harbour Town,QLD,2025-09-08,FY 2026,actual,0.0,,,,,,0.0,-0.0,23.4,0.0,33.8,0,,nan,nan,
Yo-Chi Harbour Town,QLD,2025-09-09,FY 2026,actual,0.0,,,,,,0.0,-0.0,27.1,0.0,25.2,0,,nan,nan,
Yo-Chi Harbour Town,QLD,2025-09-10,FY 2026,actual,0.0,,,,,,0.0,-0.0,27.4,0.0,30.6,0,,nan,nan,
Yo-Chi Harbour Town,QLD,2025-09-11,FY 2026,actual,0.0,,,,,,0.0,-0.0,21.0,0.2,57.2,0,,nan,nan,
Yo-Chi Harbour Town,QLD,2025-09-12,FY 2026,actual,0.0,,,,,,0.0,-0.0,22.8,0.4,30.6,0,,nan,nan,
Yo-Chi Harbour Town,QLD,2025-09-13,FY 2026,actual,0.0,,,,,,0.0,-0.0,21.0,1.0,32.0,0,,nan,nan,
Yo-Chi Harbour Town,QLD,2025-09-14,FY 2026,actual,0.0,,,,,,0.0,-0.0,22.4,0.1,26.6,0,,nan,nan,
Yo-Chi Harbour Town,QLD,2025-09-15,FY 2026,actual,0.0,,,,,,0.0,-0.0,22.9,0.0,30.2,0,,nan,nan,
Yo-Chi Harbour Town,QLD,2025-09-16,FY 2026,actual,0.0,,,,,,0.0,-0.0,23.5,0.0,35.3,0,,nan,nan,
Yo-Chi Harbour Town,QLD,2025-09-17,FY 2026,actual,0.0,,,,,,0.0,-0.0,28.5,0.1,28.1,0,,nan,nan,
Yo-Chi Harbour Town,QLD,2025-09-18,FY 2026,actual,0.0,,,,,,0.0,-0.0,27.7,0.0,34.9,0,,nan,nan,
Yo-Chi Harbour Town,QLD,2025-09-19,FY 2026,actual,0.0,,,,,,0.0,-0.0,26.8,0.2,34.6,0,,nan,nan,
Yo-Chi Harbour Town,QLD,2025-09-20,FY 2026,actual,0.0,,,,,,0.0,-0.0,23.7,0.2,36.0,0,,nan,nan,
Yo-Chi Harbour Town,QLD,2025-09-21,FY 2026,actual,0.0,,,,,,0.0,-0.0,26.3,0.0,36.4,0,,nan,nan,
Yo-Chi Harbour Town,QLD,2025-09-22,FY 2026,actual,0.0,,,,,,0.0,-0.0,28.8,0.0,27.7,0,,nan,nan,
Yo-Chi Harbour Town,QLD,2025-09-23,FY 2026,actual,0.0,,,,,,0.0,-0.0,23.9,0.2,43.6,0,,nan,nan,
Yo-Chi Harbour Town,QLD,2025-09-24,FY 2026,actual,0.0,,,,,,0.0,-0.0,25.0,0.0,29.5,0,,nan,nan,
Yo-Chi Harbour Town,QLD,2025-09-25,FY 2026,actual,0.0,,,,,,0.0,-0.0,27.7,0.0,30.6,0,,nan,nan,
Yo-Chi Harbour Town,QLD,2025-09-26,FY 2026,actual,0.0,,,,,,0.0,-0.0,27.6,0.0,34.2,0,,nan,nan,
Yo-Chi Harbour Town,QLD,2025-09-27,FY 2026,actual,0.0,,,,,,0.0,-0.0,27.2,0.0,38.5,0,,nan,nan,
Yo-Chi Harbour Town,QLD,2025-09-28,FY 2026,actual,0.0,,,,,,0.0,-0.0,29.0,0.0,36.0,0,,nan,nan,
Yo-Chi Harbour Town,QLD,2025-09-29,FY 2026,actual,0.0,,,,,,0.0,-0.0,30.9,0.0,35.3,0,,nan,nan,
Yo-Chi Harbour Town,QLD,2025-09-30,FY 2026,actual,0.0,,,,,,0.0,-0.0,27.6,0.1,36.0,0,,nan,nan,
Yo-Chi Harbour Town,QLD,2025-10-01,FY 2026,actual,0.0,,,,,,0.0,-0.0,28.5,0.2,32.8,0,,nan,nan,
Yo-Chi Harbour Town,QLD,2025-10-02,FY 2026,actual,0.0,,,,,,0.0,-0.0,32.8,0.0,36.4,0,,nan,nan,
Yo-Chi Harbour Town,QLD,2025-10-03,FY 2026,actual,0.0,,,,,,0.0,-0.0,28.6,0.0,40.7,0,,nan,nan,
Yo-Chi Harbour Town,QLD,2025-10-04,FY 2026,actual,0.0,,,,,,0.0,-0.0,26.5,0.0,39.2,0,,nan,nan,
Yo-Chi Harbour Town,QLD,2025-10-05,FY 2026,actual,0.0,,,,,,0.0,-0.0,28.0,0.0,34.6,0,,nan,nan,
Yo-Chi Harbour Town,QLD,2025-10-06,FY 2026,actual,0.0,,,,,,0.0,-0.0,32.2,0.0,38.5,0,King's Birthday,nan,nan,
Yo-Chi Harbour Town,QLD,2025-10-07,FY 2026,actual,0.0,,,,,,0.0,-0.0,32.5,0.0,36.7,0,,nan,nan,
Yo-Chi Harbour Town,QLD,2025-10-08,FY 2026,actual,0.0,,,,,,0.0,-0.0,30.6,0.0,40.7,0,,nan,nan,
Yo-Chi Harbour Town,QLD,2025-10-09,FY 2026,actual,0.0,,,,,,0.0,-0.0,30.4,0.0,47.5,0,,nan,nan,
Yo-Chi Harbour Town,QLD,2025-10-10,FY 2026,actual,0.0,,,,,,0.0,-0.0,29.4,0.0,40.7,0,,nan,nan,
Yo-Chi Harbour Town,QLD,2025-10-11,FY 2026,actual,0.0,,,,,,0.0,-0.0,32.8,0.0,41.0,0,,nan,nan,
Yo-Chi Harbour Town,QLD,2025-10-12,FY 2026,actual,0.0,,,,,,0.0,-0.0,33.2,1.6,33.8,0,,nan,nan,
Yo-Chi Harbour Town,QLD,2025-10-13,FY 2026,actual,0.0,,,,,,0.0,-0.0,29.3,8.8,36.0,0,,nan,nan,
Yo-Chi Harbour Town,QLD,2025-10-14,FY 2026,actual,0.0,,,,,,0.0,-0.0,25.9,2.6,33.1,0,,nan,nan,
Yo-Chi Harbour Town,QLD,2025-10-15,FY 2026,actual,0.0,,,,,,0.0,-0.0,26.4,1.8,37.8,0,,nan,nan,
Yo-Chi Harbour Town,QLD,2025-10-16,FY 2026,actual,0.0,,,,,,0.0,-0.0,26.0,0.0,33.1,0,,nan,nan,
Yo-Chi Harbour Town,QLD,2025-10-17,FY 2026,actual,0.0,,,,,,0.0,-0.0,27.5,0.0,38.2,0,,nan,nan,
Yo-Chi Harbour Town,QLD,2025-10-18,FY 2026,actual,0.0,,,,,,0.0,-0.0,33.2,3.3,38.5,0,,nan,nan,
Yo-Chi Harbour Town,QLD,2025-10-19,FY 2026,actual,0.0,,,,,,0.0,-0.0,28.2,0.6,40.7,0,,nan,nan,
Yo-Chi Harbour Town,QLD,2025-10-20,FY 2026,actual,0.0,,,,,,0.0,-0.0,28.8,0.0,33.1,0,,nan,nan,
Yo-Chi Harbour Town,QLD,2025-10-21,FY 2026,actual,0.0,,,,,,0.0,-0.0,31.0,0.0,34.6,0,,nan,nan,
Yo-Chi Harbour Town,QLD,2025-10-22,FY 2026,actual,0.0,,,,,,0.0,-0.0,29.5,0.0,39.6,0,,nan,nan,
Yo-Chi Harbour Town,QLD,2025-10-23,FY 2026,actual,0.0,,,,,,0.0,-0.0,34.7,1.2,42.1,0,,nan,nan,
Yo-Chi Harbour Town,QLD,2025-10-24,FY 2026,actual,0.0,,,,,,0.0,-0.0,32.7,0.0,40.7,0,,nan,nan,
Yo-Chi Harbour Town,QLD,2025-10-25,FY 2026,actual,0.0,,,,,,0.0,-0.0,27.9,0.0,36.4,0,,nan,nan,
Yo-Chi Harbour Town,QLD,2025-10-26,FY 2026,actual,0.0,,,,,,0.0,-0.0,31.5,13.4,42.5,0,,nan,nan,
Yo-Chi Harbour Town,QLD,2025-10-27,FY 2026,actual,0.0,,,,,,0.0,-0.0,35.4,0.0,52.9,0,,nan,nan,
Yo-Chi Harbour Town,QLD,2025-10-28,FY 2026,actual,0.0,,,,,,0.0,-0.0,22.1,32.6,38.9,0,,nan,nan,
Yo-Chi Harbour Town,QLD,2025-10-29,FY 2026,actual,0.0,,,,,,0.0,-0.0,25.3,4.1,32.4,0,,nan,nan,
Yo-Chi Harbour Town,QLD,2025-10-30,FY 2026,actual,0.0,,,,,,0.0,-0.0,26.2,44.0,31.3,0,,nan,nan,
Yo-Chi Harbour Town,QLD,2025-10-31,FY 2026,actual,0.0,,,,,,0.0,-0.0,28.1,20.1,37.4,0,,nan,nan,
Yo-Chi Harbour Town,QLD,2025-11-01,FY 2026,actual,0.0,,,,,,0.0,-0.0,29.6,13.6,37.4,0,,nan,nan,
Yo-Chi Harbour Town,QLD,2025-11-02,FY 2026,actual,0.0,,,,,,0.0,-0.0,28.5,0.6,43.2,0,,nan,nan,
Yo-Chi Harbour Town,QLD,2025-11-03,FY 2026,actual,0.0,,,,,,0.0,-0.0,30.1,15.4,45.0,0,,nan,nan,
Yo-Chi Harbour Town,QLD,2025-11-04,FY 2026,actual,0.0,,,,,,0.0,-0.0,28.2,13.7,37.4,0,,nan,nan,
Yo-Chi Harbour Town,QLD,2025-11-05,FY 2026,actual,0.0,,,,,,0.0,-0.0,28.4,0.0,39.6,0,,nan,nan,
Yo-Chi Harbour Town,QLD,2025-11-06,FY 2026,actual,0.0,,,,,,0.0,-0.0,25.6,0.8,31.3,0,,nan,nan,
Yo-Chi Harbour Town,QLD,2025-11-07,FY 2026,actual,0.0,,,,,,0.0,-0.0,26.2,0.0,28.1,0,,nan,nan,
Yo-Chi Harbour Town,QLD,2025-11-08,FY 2026,actual,0.0,,,,,,0.0,-0.0,29.6,8.6,36.0,0,,nan,nan,
Yo-Chi Harbour Town,QLD,2025-11-09,FY 2026,actual,0.0,,,,,,0.0,-0.0,26.4,2.2,25.9,0,,nan,nan,
Yo-Chi Harbour Town,QLD,2025-11-10,FY 2026,actual,0.0,,,,,,0.0,-0.0,23.0,15.5,32.0,0,,nan,nan,
Yo-Chi Harbour Town,QLD,2025-11-11,FY 2026,actual,0.0,,,,,,0.0,-0.0,27.0,0.0,34.9,0,,nan,nan,
Yo-Chi Harbour Town,QLD,2025-11-12,FY 2026,actual,0.0,,,,,,0.0,-0.0,24.4,0.0,36.0,0,,nan,nan,
Yo-Chi Harbour Town,QLD,2025-11-13,FY 2026,actual,0.0,,,,,,0.0,-0.0,26.7,0.0,44.6,0,,nan,nan,
Yo-Chi Harbour Town,QLD,2025-11-14,FY 2026,actual,0.0,,,,,,0.0,-0.0,26.2,24.6,48.2,0,,nan,nan,
Yo-Chi Harbour Town,QLD,2025-11-15,FY 2026,actual,0.0,,,,,,0.0,-0.0,30.1,33.2,34.6,0,,nan,nan,
Yo-Chi Harbour Town,QLD,2025-11-16,FY 2026,actual,0.0,,,,,,0.0,-0.0,25.4,19.3,34.2,0,,nan,nan,
Yo-Chi Harbour Town,QLD,2025-11-17,FY 2026,actual,0.0,,,,,,0.0,-0.0,31.4,0.0,45.4,0,,nan,nan,
Yo-Chi Harbour Town,QLD,2025-11-18,FY 2026,actual,0.0,,,,,,0.0,-0.0,25.8,0.3,38.9,0,,nan,nan,
Yo-Chi Harbour Town,QLD,2025-11-19,FY 2026,actual,0.0,,,,,,0.0,-0.0,27.0,0.0,34.2,0,,nan,nan,
Yo-Chi Harbour Town,QLD,2025-11-20,FY 2026,actual,0.0,,,,,,0.0,-0.0,28.2,0.0,31.3,0,,nan,nan,
Yo-Chi Harbour Town,QLD,2025-11-21,FY 2026,actual,0.0,,,,,,0.0,-0.0,28.6,6.4,37.1,0,,nan,nan,
Yo-Chi Harbour Town,QLD,2025-11-22,FY 2026,actual,0.0,,,,,,0.0,-0.0,27.8,2.6,31.7,0,,nan,nan,
Yo-Chi Harbour Town,QLD,2025-11-23,FY 2026,actual,0.0,,,,,,0.0,-0.0,28.5,12.9,28.1,0,,nan,nan,
Yo-Chi Harbour Town,QLD,2025-11-24,FY 2026,actual,0.0,,,,,,0.0,-0.0,33.8,7.0,37.4,0,,nan,nan,
Yo-Chi Harbour Town,QLD,2025-11-25,FY 2026,actual,0.0,,,,,,0.0,-0.0,30.0,2.0,33.5,0,,nan,nan,
Yo-Chi Harbour Town,QLD,2025-11-26,FY 2026,actual,0.0,,,,,,0.0,-0.0,31.2,19.2,36.0,0,,nan,nan,
Yo-Chi Harbour Town,QLD,2025-11-27,FY 2026,actual,0.0,,,,,,0.0,-0.0,33.8,6.6,32.8,0,,nan,nan,
Yo-Chi Harbour Town,QLD,2025-11-28,FY 2026,actual,0.0,,,,,,0.0,-0.0,32.2,0.0,33.5,0,,nan,nan,
Yo-Chi Harbour Town,QLD,2025-11-29,FY 2026,actual,0.0,,,,,,0.0,-0.0,30.4,3.9,43.9,0,,nan,nan,
Yo-Chi Harbour Town,QLD,2025-11-30,FY 2026,actual,0.0,,,,,,0.0,-0.0,30.3,0.1,31.0,0,,nan,nan,
Yo-Chi Harbour Town,QLD,2025-12-01,FY 2026,actual,0.0,,,,,,0.0,-0.0,29.6,0.0,43.2,0,,nan,nan,
Yo-Chi Harbour Town,QLD,2025-12-02,FY 2026,actual,0.0,,,,,,0.0,-0.0,26.8,0.0,45.4,0,,nan,nan,
Yo-Chi Harbour Town,QLD,2025-12-03,FY 2026,actual,0.0,,,,,,0.0,-0.0,27.0,0.0,34.9,0,,nan,nan,
Yo-Chi Harbour Town,QLD,2025-12-04,FY 2026,actual,0.0,,,,,,0.0,-0.0,27.3,0.0,33.8,0,,nan,nan,
Yo-Chi Harbour Town,QLD,2025-12-05,FY 2026,actual,0.0,,,,,,0.0,-0.0,27.5,0.0,34.2,0,,nan,nan,
Yo-Chi Harbour Town,QLD,2025-12-06,FY 2026,actual,0.0,,,,,,0.0,-0.0,29.0,0.0,38.2,0,,nan,nan,
Yo-Chi Harbour Town,QLD,2025-12-07,FY 2026,actual,0.0,,,,,,0.0,-0.0,30.5,5.6,38.9,0,,nan,nan,
Yo-Chi Harbour Town,QLD,2025-12-08,FY 2026,actual,0.0,,,,,,0.0,-0.0,27.6,25.7,30.6,0,,nan,nan,
Yo-Chi Harbour Town,QLD,2025-12-09,FY 2026,actual,0.0,,,,,,0.0,-0.0,29.5,0.2,29.9,0,,nan,nan,
Yo-Chi Harbour Town,QLD,2025-12-10,FY 2026,actual,0.0,,,,,,0.0,-0.0,30.4,0.0,35.6,0,,nan,nan,
Yo-Chi Harbour Town,QLD,2025-12-11,FY 2026,actual,0.0,,,,,,0.0,-0.0,28.9,0.0,32.8,0,,nan,nan,
Yo-Chi Harbour Town,QLD,2025-12-12,FY 2026,actual,0.0,,,,,,0.0,-0.0,26.1,6.5,30.6,0,,nan,nan,
Yo-Chi Harbour Town,QLD,2025-12-13,FY 2026,actual,0.0,,,,,,0.0,-0.0,29.1,6.1,31.0,0,,nan,nan,
Yo-Chi Harbour Town,QLD,2025-12-14,FY 2026,actual,0.0,,,,,,0.0,-0.0,30.2,1.3,33.5,0,,nan,nan,
Yo-Chi Harbour Town,QLD,2025-12-15,FY 2026,actual,0.0,,,,,,0.0,-0.0,34.3,4.8,40.7,0,,nan,nan,
Yo-Chi Harbour Town,QLD,2025-12-16,FY 2026,actual,0.0,,,,,,0.0,-0.0,26.1,3.4,49.7,0,,nan,nan,
Yo-Chi Harbour Town,QLD,2025-12-17,FY 2026,actual,0.0,,,,,,0.0,-0.0,26.0,0.3,39.2,0,,nan,nan,
Yo-Chi Harbour Town,QLD,2025-12-18,FY 2026,actual,0.0,,,,,,0.0,-0.0,28.2,0.0,33.8,0,,nan,nan,
Yo-Chi Harbour Town,QLD,2025-12-19,FY 2026,actual,0.0,,,,,,0.0,-0.0,30.6,0.0,35.3,0,,nan,nan,
Yo-Chi Harbour Town,QLD,2025-12-20,FY 2026,actual,0.0,,,,,,0.0,-0.0,31.8,0.0,40.3,0,,nan,nan,
Yo-Chi Harbour Town,QLD,2025-12-21,FY 2026,actual,0.0,,,,,,0.0,-0.0,33.4,0.0,42.1,0,,nan,nan,
Yo-Chi Harbour Town,QLD,2025-12-22,FY 2026,actual,0.0,,,,,,0.0,-0.0,35.7,0.7,42.5,0,,nan,nan,
Yo-Chi Harbour Town,QLD,2025-12-23,FY 2026,actual,0.0,,,,,,0.0,-0.0,30.5,9.9,33.5,0,,nan,nan,
Yo-Chi Harbour Town,QLD,2025-12-24,FY 2026,actual,0.0,,,,,,0.0,-0.0,30.4,15.0,29.5,0,,nan,nan,
Yo-Chi Harbour Town,QLD,2025-12-25,FY 2026,actual,0.0,,,,,,0.0,-0.0,33.7,3.0,37.4,0,Christmas Day,nan,nan,
Yo-Chi Harbour Town,QLD,2025-12-26,FY 2026,actual,0.0,,,,,,0.0,-0.0,27.7,2.8,37.8,0,Boxing Day,nan,nan,
Yo-Chi Harbour Town,QLD,2025-12-27,FY 2026,actual,0.0,,,,,,0.0,-0.0,24.6,0.3,42.8,0,,nan,nan,
Yo-Chi Harbour Town,QLD,2025-12-28,FY 2026,actual,0.0,,,,,,0.0,-0.0,25.4,1.9,33.8,0,,nan,nan,
Yo-Chi Harbour Town,QLD,2025-12-29,FY 2026,actual,0.0,,,,,,0.0,-0.0,28.6,0.0,40.7,0,,nan,nan,
Yo-Chi Harbour Town,QLD,2025-12-30,FY 2026,actual,0.0,,,,,,0.0,-0.0,28.4,0.0,40.3,0,,nan,nan,
Yo-Chi Harbour Town,QLD,2025-12-31,FY 2026,actual,0.0,,,,,,0.0,-0.0,31.5,3.3,38.5,0,,nan,nan,
Yo-Chi Harbour Town,QLD,2026-01-01,FY 2026,actual,0.0,,,,,,0.0,-0.0,28.8,3.8,31.3,0,New Year's Day,nan,nan,
Yo-Chi Harbour Town,QLD,2026-01-02,FY 2026,actual,0.0,,,,,,0.0,-0.0,26.0,2.7,26.3,0,,nan,nan,
Yo-Chi Harbour Town,QLD,2026-01-03,FY 2026,actual,0.0,,,,,,0.0,-0.0,26.6,17.4,30.6,0,,nan,nan,
Yo-Chi Harbour Town,QLD,2026-01-04,FY 2026,actual,0.0,,,,,,0.0,-0.0,29.6,1.1,32.4,0,,nan,nan,
Yo-Chi Harbour Town,QLD,2026-01-05,FY 2026,actual,0.0,,,,,,0.0,-0.0,29.4,2.8,33.5,0,,nan,nan,
Yo-Chi Harbour Town,QLD,2026-01-06,FY 2026,actual,0.0,,,,,,0.0,-0.0,28.8,2.6,33.5,0,,nan,nan,
Yo-Chi Harbour Town,QLD,2026-01-07,FY 2026,actual,0.0,,,,,,0.0,-0.0,29.0,0.5,39.6,0,,nan,nan,
Yo-Chi Harbour Town,QLD,2026-01-08,FY 2026,actual,0.0,,,,,,0.0,-0.0,29.5,0.8,37.4,0,,nan,nan,
Yo-Chi Harbour Town,QLD,2026-01-09,FY 2026,actual,0.0,,,,,,0.0,-0.0,29.6,0.2,38.9,0,,nan,nan,
Yo-Chi Harbour Town,QLD,2026-01-10,FY 2026,actual,0.0,,,,,,0.0,-0.0,30.8,1.3,38.9,0,,nan,nan,
Yo-Chi Harbour Town,QLD,2026-01-11,FY 2026,actual,0.0,,,,,,0.0,-0.0,31.9,0.3,32.0,0,,nan,nan,
Yo-Chi Harbour Town,QLD,2026-01-12,FY 2026,actual,0.0,,,,,,0.0,-0.0,25.0,17.0,38.2,0,,nan,nan,
Yo-Chi Harbour Town,QLD,2026-01-13,FY 2026,actual,0.0,,,,,,0.0,-0.0,30.4,1.2,33.5,0,,nan,nan,
Yo-Chi Harbour Town,QLD,2026-01-14,FY 2026,actual,0.0,,,,,,0.0,-0.0,30.6,0.0,40.7,0,,nan,nan,
Yo-Chi Harbour Town,QLD,2026-01-15,FY 2026,actual,0.0,,,,,,0.0,-0.0,30.4,0.0,34.2,0,,nan,nan,
Yo-Chi Harbour Town,QLD,2026-01-16,FY 2026,actual,0.0,,,,,,0.0,-0.0,30.6,1.2,30.6,0,,nan,nan,
Yo-Chi Harbour Town,QLD,2026-01-17,FY 2026,actual,0.0,,,,,,0.0,-0.0,31.0,14.8,34.9,0,,nan,nan,
Yo-Chi Harbour Town,QLD,2026-01-18,FY 2026,actual,0.0,,,,,,0.0,-0.0,28.0,5.9,41.4,0,,nan,nan,
Yo-Chi Harbour Town,QLD,2026-01-19,FY 2026,actual,0.0,,,,,,0.0,-0.0,27.9,2.5,48.6,0,,nan,nan,
Yo-Chi Harbour Town,QLD,2026-01-20,FY 2026,actual,0.0,,,,,,0.0,-0.0,26.5,1.3,38.2,0,,nan,nan,
Yo-Chi Harbour Town,QLD,2026-01-21,FY 2026,actual,0.0,,,,,,0.0,-0.0,27.9,0.2,31.7,0,,nan,nan,
Yo-Chi Harbour Town,QLD,2026-01-22,FY 2026,actual,0.0,,,,,,0.0,-0.0,32.5,1.2,34.2,0,,nan,nan,
Yo-Chi Harbour Town,QLD,2026-01-23,FY 2026,actual,0.0,,,,,,0.0,-0.0,29.1,21.6,38.9,0,,nan,nan,
Yo-Chi Harbour Town,QLD,2026-01-24,FY 2026,actual,0.0,,,,,,0.0,-0.0,30.2,1.4,39.6,0,,nan,nan,
Yo-Chi Harbour Town,QLD,2026-01-25,FY 2026,actual,0.0,,,,,,0.0,-0.0,35.5,2.5,41.8,0,,nan,nan,
Yo-Chi Harbour Town,QLD,2026-01-26,FY 2026,actual,0.0,,,,,,0.0,-0.0,39.0,0.0,33.5,0,Australia Day,nan,nan,
Yo-Chi Harbour Town,QLD,2026-01-27,FY 2026,actual,0.0,,,,,,0.0,-0.0,29.1,0.0,36.7,0,,nan,nan,
Yo-Chi Harbour Town,QLD,2026-01-28,FY 2026,actual,0.0,,,,,,0.0,-0.0,31.5,0.0,34.6,0,,nan,nan,
Yo-Chi Harbour Town,QLD,2026-01-29,FY 2026,actual,0.0,,,,,,0.0,-0.0,30.9,0.1,54.7,0,,nan,nan,
Yo-Chi Harbour Town,QLD,2026-01-30,FY 2026,actual,0.0,,,,,,0.0,-0.0,30.4,0.0,44.6,0,,nan,nan,
Yo-Chi Harbour Town,QLD,2026-01-31,FY 2026,actual,0.0,,,,,,0.0,-0.0,32.2,0.4,36.4,0,,nan,nan,
Yo-Chi Harbour Town,QLD,2026-02-01,FY 2026,actual,0.0,,,,,,0.0,-0.0,34.1,0.0,37.4,0,,nan,nan,
Yo-Chi Harbour Town,QLD,2026-02-02,FY 2026,actual,0.0,,,,,,0.0,-0.0,31.9,1.9,59.0,0,,nan,nan,
Yo-Chi Harbour Town,QLD,2026-02-03,FY 2026,actual,0.0,,,,,,0.0,-0.0,25.4,0.0,47.5,0,,nan,nan,
Yo-Chi Harbour Town,QLD,2026-02-04,FY 2026,actual,0.0,,,,,,0.0,-0.0,28.1,0.0,34.2,0,,nan,nan,
Yo-Chi Harbour Town,QLD,2026-02-05,FY 2026,actual,0.0,,,,,,0.0,-0.0,31.5,0.0,36.0,0,,nan,nan,
Yo-Chi Harbour Town,QLD,2026-02-06,FY 2026,actual,0.0,,,,,,0.0,-0.0,30.5,0.0,37.8,0,,nan,nan,
Yo-Chi Harbour Town,QLD,2026-02-07,FY 2026,actual,0.0,,,,,,0.0,-0.0,29.6,0.0,37.8,0,,nan,nan,
Yo-Chi Harbour Town,QLD,2026-02-08,FY 2026,actual,0.0,,,,,,0.0,-0.0,30.2,0.2,36.7,0,,nan,nan,
Yo-Chi Harbour Town,QLD,2026-02-09,FY 2026,actual,0.0,,,,,,0.0,-0.0,32.5,0.2,35.3,0,,nan,nan,
Yo-Chi Harbour Town,QLD,2026-02-10,FY 2026,actual,0.0,,,,,,0.0,-0.0,32.8,12.9,34.2,0,,nan,nan,
Yo-Chi Harbour Town,QLD,2026-02-11,FY 2026,actual,0.0,,,,,,0.0,-0.0,31.6,1.2,36.4,0,,nan,nan,
Yo-Chi Harbour Town,QLD,2026-02-12,FY 2026,actual,0.0,,,,,,0.0,-0.0,35.7,2.4,40.7,0,,nan,nan,
Yo-Chi Harbour Town,QLD,2026-02-13,FY 2026,actual,0.0,,,,,,0.0,-0.0,25.2,21.7,50.0,0,,nan,nan,
Yo-Chi Harbour Town,QLD,2026-02-14,FY 2026,actual,0.0,,,,,,0.0,-0.0,24.7,9.0,45.0,0,,nan,nan,
Yo-Chi Harbour Town,QLD,2026-02-15,FY 2026,actual,0.0,,,,,,0.0,-0.0,21.7,24.1,37.8,0,,nan,nan,
Yo-Chi Harbour Town,QLD,2026-02-16,FY 2026,actual,0.0,,,,,,0.0,-0.0,25.4,0.5,48.6,0,,nan,nan,
Yo-Chi Harbour Town,QLD,2026-02-17,FY 2026,actual,0.0,,,,,,0.0,-0.0,27.1,0.1,31.7,0,,nan,nan,
Yo-Chi Harbour Town,QLD,2026-02-18,FY 2026,actual,0.0,,,,,,0.0,-0.0,29.2,0.0,28.4,0,,nan,nan,
Yo-Chi Harbour Town,QLD,2026-02-19,FY 2026,actual,0.0,,,,,,0.0,-0.0,31.5,0.0,27.7,0,,nan,nan,
Yo-Chi Harbour Town,QLD,2026-02-20,FY 2026,actual,0.0,,,,,,0.0,-0.0,29.0,0.1,32.8,0,,nan,nan,
Yo-Chi Harbour Town,QLD,2026-02-21,FY 2026,actual,0.0,,,,,,0.0,-0.0,28.9,0.0,29.2,0,,nan,nan,
Yo-Chi Harbour Town,QLD,2026-02-22,FY 2026,actual,0.0,,,,,,0.0,-0.0,27.8,0.6,35.3,0,,nan,nan,
Yo-Chi Harbour Town,QLD,2026-02-23,FY 2026,actual,0.0,,,,,,0.0,-0.0,28.6,1.2,33.8,0,,nan,nan,
Yo-Chi Harbour Town,QLD,2026-02-24,FY 2026,actual,0.0,,,,,,0.0,-0.0,28.0,2.0,36.7,0,,nan,nan,
Yo-Chi Harbour Town,QLD,2026-02-25,FY 2026,actual,0.0,,,,,,0.0,-0.0,29.2,1.2,31.3,0,,nan,nan,
Yo-Chi Harbour Town,QLD,2026-02-26,FY 2026,actual,0.0,,,,,,0.0,-0.0,28.0,8.1,52.6,0,,nan,nan,
Yo-Chi Harbour Town,QLD,2026-02-27,FY 2026,actual,0.0,,,,,,0.0,-0.0,28.2,37.3,48.6,0,,nan,nan,
Yo-Chi Harbour Town,QLD,2026-02-28,FY 2026,actual,0.0,,,,,,0.0,-0.0,28.1,3.0,46.4,0,,nan,nan,
Yo-Chi Harbour Town,QLD,2026-03-01,FY 2026,actual,0.0,,,,,,0.0,-0.0,27.3,1.3,40.7,0,,nan,nan,
Yo-Chi Harbour Town,QLD,2026-03-02,FY 2026,actual,0.0,,,,,,0.0,-0.0,27.0,0.5,34.2,0,,nan,nan,
Yo-Chi Harbour Town,QLD,2026-03-03,FY 2026,actual,0.0,,,,,,0.0,-0.0,28.4,0.0,29.5,0,,nan,nan,
Yo-Chi Harbour Town,QLD,2026-03-04,FY 2026,actual,0.0,,,,,,0.0,-0.0,28.4,0.7,29.2,0,,nan,nan,
Yo-Chi Harbour Town,QLD,2026-03-05,FY 2026,actual,0.0,,,,,,0.0,-0.0,27.7,7.7,37.4,0,,nan,nan,
Yo-Chi Harbour Town,QLD,2026-03-06,FY 2026,actual,0.0,,,,,,0.0,-0.0,29.5,7.6,37.1,0,,nan,nan,
Yo-Chi Harbour Town,QLD,2026-03-07,FY 2026,actual,0.0,,,,,,0.0,-0.0,27.0,2.8,35.6,0,,nan,nan,
Yo-Chi Harbour Town,QLD,2026-03-08,FY 2026,actual,0.0,,,,,,0.0,-0.0,24.0,65.8,35.3,1,,nan,nan,
Yo-Chi Harbour Town,QLD,2026-03-09,FY 2026,actual,0.0,,,,,,0.0,-0.0,23.5,22.4,34.2,0,,nan,nan,
Yo-Chi Harbour Town,QLD,2026-03-10,FY 2026,actual,0.0,,,,,,0.0,-0.0,28.9,0.2,38.5,0,,nan,nan,
Yo-Chi Harbour Town,QLD,2026-03-11,FY 2026,actual,0.0,,,,,,0.0,-0.0,28.5,0.0,29.2,0,,nan,nan,
Yo-Chi Harbour Town,QLD,2026-03-12,FY 2026,actual,0.0,,,,,,0.0,-0.0,32.3,0.0,22.0,0,,nan,nan,
Yo-Chi Harbour Town,QLD,2026-03-13,FY 2026,actual,0.0,,,,,,0.0,-0.0,28.4,3.9,31.3,0,,nan,nan,
Yo-Chi Harbour Town,QLD,2026-03-14,FY 2026,actual,0.0,,,,,,0.0,-0.0,25.6,0.1,52.2,0,,nan,nan,
Yo-Chi Harbour Town,QLD,2026-03-15,FY 2026,actual,0.0,,,,,,0.0,-0.0,26.1,0.0,37.1,0,,nan,nan,
Yo-Chi Harbour Town,QLD,2026-03-16,FY 2026,actual,0.0,,,,,,0.0,-0.0,26.0,0.9,33.1,0,,nan,nan,
Yo-Chi Harbour Town,QLD,2026-03-17,FY 2026,actual,0.0,,,,,,0.0,-0.0,27.8,0.0,24.8,0,,nan,nan,
Yo-Chi Harbour Town,QLD,2026-03-18,FY 2026,actual,0.0,,,,,,0.0,-0.0,27.0,1.6,31.7,0,,nan,nan,
Yo-Chi Harbour Town,QLD,2026-03-19,FY 2026,actual,0.0,,,,,,0.0,-0.0,24.1,7.7,21.6,0,,nan,nan,
Yo-Chi Harbour Town,QLD,2026-03-20,FY 2026,actual,0.0,,,,,,0.0,-0.0,26.8,2.1,32.8,0,,nan,nan,
Yo-Chi Harbour Town,QLD,2026-03-21,FY 2026,actual,0.0,,,,,,0.0,-0.0,26.6,6.4,34.9,0,,nan,nan,
Yo-Chi Harbour Town,QLD,2026-03-22,FY 2026,actual,0.0,,,,,,0.0,-0.0,26.5,5.7,38.9,0,,nan,nan,
Yo-Chi Harbour Town,QLD,2026-03-23,FY 2026,actual,0.0,,,,,,0.0,-0.0,27.3,1.4,36.4,0,,nan,nan,
Yo-Chi Harbour Town,QLD,2026-03-24,FY 2026,actual,0.0,,,,,,0.0,-0.0,27.0,0.7,43.2,0,,nan,nan,
Yo-Chi Harbour Town,QLD,2026-03-25,FY 2026,actual,0.0,,,,,,0.0,-0.0,28.5,0.2,26.3,0,,nan,nan,
Yo-Chi Harbour Town,QLD,2026-03-26,FY 2026,actual,0.0,,,,,,0.0,-0.0,31.5,0.0,29.9,0,,nan,nan,
Yo-Chi Harbour Town,QLD,2026-03-27,FY 2026,actual,0.0,,,,,,0.0,-0.0,28.0,0.0,60.1,0,,nan,nan,
Yo-Chi Harbour Town,QLD,2026-03-28,FY 2026,actual,0.0,,,,,,0.0,-0.0,26.0,0.0,41.8,0,,nan,nan,
Yo-Chi Harbour Town,QLD,2026-03-29,FY 2026,actual,0.0,,,,,,0.0,-0.0,27.4,0.0,33.1,0,,nan,nan,
Yo-Chi Harbour Town,QLD,2026-03-30,FY 2026,actual,0.0,,,,,,0.0,-0.0,28.1,0.0,44.6,0,,nan,nan,
Yo-Chi Harbour Town,QLD,2026-03-31,FY 2026,actual,0.0,,,,,,0.0,-0.0,24.4,3.9,37.8,0,,nan,nan,
Yo-Chi Harbour Town,QLD,2026-04-01,FY 2026,actual,0.0,,,,,,0.0,-0.0,26.6,1.5,36.7,0,,nan,nan,
Yo-Chi Harbour Town,QLD,2026-04-02,FY 2026,actual,0.0,,,,,,0.0,-0.0,26.4,0.3,33.5,0,,nan,nan,
Yo-Chi Harbour Town,QLD,2026-04-03,FY 2026,actual,0.0,,,,,,0.0,-0.0,25.1,2.3,32.0,0,Good Friday,nan,nan,
Yo-Chi Harbour Town,QLD,2026-04-04,FY 2026,actual,0.0,,,,,,0.0,-0.0,27.0,0.0,41.4,0,Easter Saturday,nan,nan,
Yo-Chi Harbour Town,QLD,2026-04-05,FY 2026,actual,0.0,,,,,,0.0,-0.0,26.8,0.6,45.0,0,Easter Sunday,nan,nan,
Yo-Chi Harbour Town,QLD,2026-04-06,FY 2026,actual,0.0,,,,,,0.0,-0.0,26.9,0.0,34.6,0,Easter Monday,nan,nan,
Yo-Chi Harbour Town,QLD,2026-04-07,FY 2026,actual,0.0,,,,,,0.0,-0.0,30.4,0.0,30.2,0,,nan,nan,
Yo-Chi Harbour Town,QLD,2026-04-08,FY 2026,actual,0.0,,,,,,0.0,-0.0,32.2,0.0,28.8,0,,nan,nan,
Yo-Chi Harbour Town,QLD,2026-04-09,FY 2026,actual,0.0,,,,,,0.0,-0.0,30.1,0.0,32.8,0,,nan,nan,
Yo-Chi Harbour Town,QLD,2026-04-10,FY 2026,actual,0.0,,,,,,0.0,-0.0,29.1,0.0,28.1,0,,nan,nan,
Yo-Chi Harbour Town,QLD,2026-04-11,FY 2026,actual,15411.21,,,,15.7097,981.0,25.45,-951.28,32.2,0.0,29.5,0,,nan,nan,
Yo-Chi Harbour Town,QLD,2026-04-12,FY 2026,actual,24677.6,,,,15.1956,1624.0,43.64,-1892.28,30.2,0.0,45.7,0,,nan,nan,
Yo-Chi Harbour Town,QLD,2026-04-13,FY 2026,actual,17500.88,,,,14.7811,1184.0,16.36,-1145.02,27.6,0.0,30.6,0,,nan,nan,
Yo-Chi Harbour Town,QLD,2026-04-14,FY 2026,actual,17586.25,,,,14.6797,1198.0,8.18,-626.03,26.4,0.0,25.2,0,,nan,nan,
Yo-Chi Harbour Town,QLD,2026-04-15,FY 2026,actual,19752.22,,,,14.8513,1330.0,8.18,-688.38,28.6,0.0,34.2,0,,nan,nan,
Yo-Chi Harbour Town,QLD,2026-04-16,FY 2026,actual,20000.75,,,,14.6418,1366.0,17.73,-1072.63,28.9,0.0,32.0,0,,nan,nan,
Yo-Chi Harbour Town,QLD,2026-04-17,FY 2026,actual,21209.52,,,,15.1713,1398.0,0.0,-951.78,30.3,0.0,28.8,0,,nan,nan,
Yo-Chi Harbour Town,QLD,2026-04-18,FY 2026,actual,22738.38,,,,15.8566,1434.0,17.73,-834.38,29.1,0.1,39.6,0,,nan,nan,
Yo-Chi Harbour Town,QLD,2026-04-19,FY 2026,actual,20312.09,,,,15.9686,1272.0,8.18,-748.95,28.0,0.0,34.9,0,,nan,nan,
Yo-Chi Harbour Town,QLD,2026-04-20,FY 2026,actual,10176.0,,,,14.5164,701.0,0.0,-558.47,27.3,0.0,32.4,0,,nan,nan,
Yo-Chi Harbour Town,QLD,2026-04-21,FY 2026,actual,9631.25,,,,14.2264,677.0,35.0,-634.24,26.6,0.0,29.9,0,,nan,nan,
Yo-Chi Harbour Town,QLD,2026-04-22,FY 2026,actual,11248.17,,,,13.9903,804.0,0.0,-573.52,24.9,0.6,33.1,0,,nan,nan,
Yo-Chi Harbour Town,QLD,2026-04-23,FY 2026,actual,12694.59,,,,14.3767,883.0,0.0,-577.27,25.1,0.6,41.8,0,,nan,nan,
Yo-Chi Harbour Town,QLD,2026-04-24,FY 2026,actual,13351.29,,,,14.8844,897.0,0.0,-635.16,24.9,3.3,47.9,0,,nan,nan,
Yo-Chi Harbour Town,QLD,2026-04-25,FY 2026,actual,17110.77,,,,17.2141,994.0,25.91,-704.39,20.7,4.7,48.2,0,ANZAC Day,nan,nan,
Yo-Chi Harbour Town,QLD,2026-04-26,FY 2026,actual,22298.81,,,,15.4424,1444.0,17.27,-890.03,22.5,1.3,43.6,0,,nan,nan,
Yo-Chi Harbour Town,QLD,2026-04-27,FY 2026,actual,9019.79,,,,14.2718,632.0,286.36,-616.06,22.7,7.0,40.3,0,,nan,nan,
Yo-Chi Harbour Town,QLD,2026-04-28,FY 2026,actual,9181.68,,,,14.2352,645.0,240.91,-505.39,22.5,1.2,34.2,0,,nan,nan,
Yo-Chi Harbour Town,QLD,2026-04-29,FY 2026,actual,10324.76,,,,13.9148,742.0,358.64,-513.19,24.2,0.7,40.3,0,,nan,nan,
Yo-Chi Harbour Town,QLD,2026-04-30,FY 2026,actual,11101.55,,,,14.2328,780.0,254.55,-557.81,22.5,3.6,40.0,0,,nan,nan,
Yo-Chi Harbour Town,QLD,2026-05-02,FY 2026,forecast,18420.12,14736.1,22104.14,1.0,14.908,1235.58,23.03,-830.02,24.3,2.5,42.8,0,,nan,nan,DOW-Flat (new<21d)
Yo-Chi Harbour Town,QLD,2026-05-03,FY 2026,forecast,22429.5,17943.6,26915.4,1.0,14.908,1504.52,23.03,-1177.09,24.8,0.4,30.2,0,,nan,nan,DOW-Flat (new<21d)
Yo-Chi Harbour Town,QLD,2026-05-04,FY 2026,forecast,12232.22,9785.78,14678.67,1.0,14.908,820.51,151.36,-773.18,25.5,1.5,21.2,0,Labour Day,nan,nan,DOW-Flat (new<21d)
Yo-Chi Harbour Town,QLD,2026-05-05,FY 2026,forecast,12133.06,9706.45,14559.67,1.0,14.908,813.86,94.7,-588.55,25.8,0.5,20.2,0,,nan,nan,DOW-Flat (new<21d)
Yo-Chi Harbour Town,QLD,2026-05-06,FY 2026,forecast,13775.05,11020.04,16530.06,1.0,14.908,924.0,183.41,-591.7,24.8,4.7,25.9,0,,nan,nan,DOW-Flat (new<21d)
Yo-Chi Harbour Town,QLD,2026-05-07,FY 2026,forecast,14598.96,11679.17,17518.76,1.0,14.908,979.27,136.14,-735.9,25.6,0.0,43.2,0,,nan,nan,DOW-Flat (new<21d)
Yo-Chi Harbour Town,QLD,2026-05-08,FY 2026,forecast,17280.4,13824.32,20736.49,1.0,14.908,1159.13,90.94,-793.47,21.0,0.0,38.2,0,,nan,nan,DOW-Flat (new<21d)
Yo-Chi Harbour Town,QLD,2026-05-09,FY 2026,forecast,18420.12,14736.1,22104.14,1.0,14.908,1235.58,23.03,-830.02,23.2,0.0,27.7,0,,nan,nan,DOW-Flat (new<21d)
Yo-Chi Harbour Town,QLD,2026-05-10,FY 2026,forecast,22429.5,17943.6,26915.4,1.0,14.908,1504.52,23.03,-1177.09,23.9,0.2,30.2,0,,nan,nan,DOW-Flat (new<21d)
Yo-Chi Harbour Town,QLD,2026-05-11,FY 2026,forecast,12232.22,9785.78,14678.67,1.0,14.908,820.51,151.36,-773.18,23.7,0.8,42.8,0,,nan,nan,DOW-Flat (new<21d)
Yo-Chi Harbour Town,QLD,2026-05-12,FY 2026,forecast,12133.06,9706.45,14559.67,1.0,14.908,813.86,94.7,-588.55,22.5,1.0,45.7,0,,nan,nan,DOW-Flat (new<21d)
Yo-Chi Harbour Town,QLD,2026-05-13,FY 2026,forecast,13775.05,11020.04,16530.06,1.0,14.908,924.0,183.41,-591.7,23.2,5.13,30.4,0,,nan,nan,DOW-Flat (new<21d)
Yo-Chi Harbour Town,QLD,2026-05-14,FY 2026,forecast,14598.96,11679.17,17518.76,1.0,14.908,979.27,136.14,-735.9,23.1,8.28,28.4,0,,nan,nan,DOW-Flat (new<21d)
Yo-Chi Harbour Town,QLD,2026-05-15,FY 2026,forecast,17280.4,13824.32,20736.49,1.0,14.908,1159.13,90.94,-793.47,23.3,8.33,26.7,0,,nan,nan,DOW-Flat (new<21d)
Yo-Chi Harbour Town,QLD,2026-05-16,FY 2026,forecast,18420.12,14736.1,22104.14,1.0,14.908,1235.58,23.03,-830.02,21.9,9.65,30.9,0,,nan,nan,DOW-Flat (new<21d)
Yo-Chi Harbour Town,QLD,2026-05-17,FY 2026,forecast,22429.5,17943.6,26915.4,1.0,14.908,1504.52,23.03,-1177.09,22.7,2.35,29.8,0,,nan,nan,DOW-Flat (new<21d)
Yo-Chi Harbour Town,QLD,2026-05-18,FY 2026,forecast,12232.22,9785.78,14678.67,1.0,14.908,820.51,151.36,-773.18,22.9,0.72,27.9,0,,nan,nan,DOW-Flat (new<21d)
Yo-Chi Harbour Town,QLD,2026-05-19,FY 2026,forecast,12133.06,9706.45,14559.67,1.0,14.908,813.86,94.7,-588.55,21.7,1.13,31.1,0,,nan,nan,DOW-Flat (new<21d)
Yo-Chi Harbour Town,QLD,2026-05-20,FY 2026,forecast,13775.05,11020.04,16530.06,1.0,14.908,924.0,183.41,-591.7,21.5,1.37,24.9,0,,nan,nan,DOW-Flat (new<21d)
Yo-Chi Harbour Town,QLD,2026-05-21,FY 2026,forecast,14598.96,11679.17,17518.76,1.0,14.908,979.27,136.14,-735.9,21.0,4.27,30.6,0,,nan,nan,DOW-Flat (new<21d)
Yo-Chi Harbour Town,QLD,2026-05-22,FY 2026,forecast,17280.4,13824.32,20736.49,1.0,14.908,1159.13,90.94,-793.47,20.9,1.63,31.8,0,,nan,nan,DOW-Flat (new<21d)
Yo-Chi Harbour Town,QLD,2026-05-23,FY 2026,forecast,18420.12,14736.1,22104.14,1.0,14.908,1235.58,23.03,-830.02,20.9,0.15,29.0,0,,nan,nan,DOW-Flat (new<21d)
Yo-Chi Harbour Town,QLD,2026-05-24,FY 2026,forecast,22429.5,17943.6,26915.4,1.0,14.908,1504.52,23.03,-1177.09,22.6,0.18,28.4,0,,nan,nan,DOW-Flat (new<21d)
Yo-Chi Harbour Town,QLD,2026-05-25,FY 2026,forecast,12232.22,9785.78,14678.67,1.0,14.908,820.51,151.36,-773.18,22.8,0.72,24.6,0,,nan,nan,DOW-Flat (new<21d)
Yo-Chi Harbour Town,QLD,2026-05-26,FY 2026,forecast,12133.06,9706.45,14559.67,1.0,14.908,813.86,94.7,-588.55,23.7,0.63,27.2,0,,nan,nan,DOW-Flat (new<21d)
Yo-Chi Harbour Town,QLD,2026-05-27,FY 2026,forecast,13775.05,11020.04,16530.06,1.0,14.908,924.0,183.41,-591.7,23.7,0.03,29.1,0,,nan,nan,DOW-Flat (new<21d)
Yo-Chi Harbour Town,QLD,2026-05-28,FY 2026,forecast,14598.96,11679.17,17518.76,1.0,14.908,979.27,136.14,-735.9,22.1,0.3,26.2,0,,nan,nan,DOW-Flat (new<21d)
Yo-Chi Harbour Town,QLD,2026-05-29,FY 2026,forecast,17280.4,13824.32,20736.49,1.0,14.908,1159.13,90.94,-793.47,21.2,0.12,33.6,0,,nan,nan,DOW-Flat (new<21d)
Yo-Chi Harbour Town,QLD,2026-05-30,FY 2026,forecast,18420.12,14736.1,22104.14,1.0,14.908,1235.58,23.03,-830.02,20.6,7.12,29.8,0,,nan,nan,DOW-Flat (new<21d)
Yo-Chi Harbour Town,QLD,2026-05-31,FY 2026,forecast,22429.5,17943.6,26915.4,1.0,14.908,1504.52,23.03,-1177.09,21.0,6.13,33.6,0,,nan,nan,DOW-Flat (new<21d)
Yo-Chi Harbour Town,QLD,2026-06-01,FY 2026,forecast,12232.22,9785.78,14678.67,1.0,14.908,820.51,151.36,-773.18,22.4,2.35,33.6,0,,nan,nan,DOW-Flat (new<21d)
Yo-Chi Harbour Town,QLD,2026-06-02,FY 2026,forecast,12133.06,9706.45,14559.67,1.0,14.908,813.86,94.7,-588.55,21.0,0.27,31.4,0,,nan,nan,DOW-Flat (new<21d)
Yo-Chi Harbour Town,QLD,2026-06-03,FY 2026,forecast,13775.05,11020.04,16530.06,1.0,14.908,924.0,183.41,-591.7,20.8,2.67,33.4,0,,nan,nan,DOW-Flat (new<21d)
Yo-Chi Harbour Town,QLD,2026-06-04,FY 2026,forecast,14598.96,11679.17,17518.76,1.0,14.908,979.27,136.14,-735.9,20.8,0.92,35.0,0,,nan,nan,DOW-Flat (new<21d)
Yo-Chi Harbour Town,QLD,2026-06-05,FY 2026,forecast,17280.4,13824.32,20736.49,1.0,14.908,1159.13,90.94,-793.47,20.5,0.23,28.8,0,,nan,nan,DOW-Flat (new<21d)
Yo-Chi Harbour Town,QLD,2026-06-06,FY 2026,forecast,18420.12,14736.1,22104.14,1.0,14.908,1235.58,23.03,-830.02,20.9,0.55,27.4,0,,nan,nan,DOW-Flat (new<21d)
Yo-Chi Harbour Town,QLD,2026-06-07,FY 2026,forecast,22429.5,17943.6,26915.4,1.0,14.908,1504.52,23.03,-1177.09,20.3,0.13,27.1,0,,nan,nan,DOW-Flat (new<21d)
Yo-Chi Harbour Town,QLD,2026-06-08,FY 2026,forecast,12232.22,9785.78,14678.67,1.0,14.908,820.51,151.36,-773.18,20.7,0.1,30.0,0,,nan,nan,DOW-Flat (new<21d)
Yo-Chi Harbour Town,QLD,2026-06-09,FY 2026,forecast,12133.06,9706.45,14559.67,1.0,14.908,813.86,94.7,-588.55,19.7,0.73,40.5,0,,nan,nan,DOW-Flat (new<21d)
Yo-Chi Harbour Town,QLD,2026-06-10,FY 2026,forecast,13775.05,11020.04,16530.06,1.0,14.908,924.0,183.41,-591.7,19.6,0.85,32.6,0,,nan,nan,DOW-Flat (new<21d)
Yo-Chi Harbour Town,QLD,2026-06-11,FY 2026,forecast,14598.96,11679.17,17518.76,1.0,14.908,979.27,136.14,-735.9,20.0,0.52,29.5,0,,nan,nan,DOW-Flat (new<21d)
Yo-Chi Harbour Town,QLD,2026-06-12,FY 2026,forecast,17280.4,13824.32,20736.49,1.0,14.908,1159.13,90.94,-793.47,20.6,0.25,31.6,0,,nan,nan,DOW-Flat (new<21d)
Yo-Chi Harbour Town,QLD,2026-06-13,FY 2026,forecast,18420.12,14736.1,22104.14,1.0,14.908,1235.58,23.03,-830.02,20.6,0.43,28.9,0,,nan,nan,DOW-Flat (new<21d)
Yo-Chi Harbour Town,QLD,2026-06-14,FY 2026,forecast,22429.5,17943.6,26915.4,1.0,14.908,1504.52,23.03,-1177.09,21.5,2.15,28.4,0,,nan,nan,DOW-Flat (new<21d)
Yo-Chi Harbour Town,QLD,2026-06-15,FY 2026,forecast,12232.22,9785.78,14678.67,1.0,14.908,820.51,151.36,-773.18,21.3,1.75,25.5,0,,nan,nan,DOW-Flat (new<21d)
Yo-Chi Harbour Town,QLD,2026-06-16,FY 2026,forecast,12133.06,9706.45,14559.67,1.0,14.908,813.86,94.7,-588.55,21.3,0.18,25.9,0,,nan,nan,DOW-Flat (new<21d)
Yo-Chi Harbour Town,QLD,2026-06-17,FY 2026,forecast,13775.05,11020.04,16530.06,1.0,14.908,924.0,183.41,-591.7,20.6,0.23,28.8,0,,nan,nan,DOW-Flat (new<21d)
Yo-Chi Harbour Town,QLD,2026-06-18,FY 2026,forecast,14598.96,11679.17,17518.76,1.0,14.908,979.27,136.14,-735.9,20.8,0.35,31.9,0,,nan,nan,DOW-Flat (new<21d)
Yo-Chi Harbour Town,QLD,2026-06-19,FY 2026,forecast,17280.4,13824.32,20736.49,1.0,14.908,1159.13,90.94,-793.47,20.4,0.1,33.4,0,,nan,nan,DOW-Flat (new<21d)
Yo-Chi Harbour Town,QLD,2026-06-20,FY 2026,forecast,18420.12,14736.1,22104.14,1.0,14.908,1235.58,23.03,-830.02,20.5,0.12,26.5,0,,nan,nan,DOW-Flat (new<21d)
Yo-Chi Harbour Town,QLD,2026-06-21,FY 2026,forecast,22429.5,17943.6,26915.4,1.0,14.908,1504.52,23.03,-1177.09,21.2,0.15,26.5,0,,nan,nan,DOW-Flat (new<21d)
Yo-Chi Harbour Town,QLD,2026-06-22,FY 2026,forecast,12232.22,9785.78,14678.67,1.0,14.908,820.51,151.36,-773.18,20.8,0.3,29.3,0,,nan,nan,DOW-Flat (new<21d)
Yo-Chi Harbour Town,QLD,2026-06-23,FY 2026,forecast,12133.06,9706.45,14559.67,1.0,14.908,813.86,94.7,-588.55,21.0,1.12,32.6,0,,nan,nan,DOW-Flat (new<21d)
Yo-Chi Harbour Town,QLD,2026-06-24,FY 2026,forecast,13775.05,11020.04,16530.06,1.0,14.908,924.0,183.41,-591.7,21.7,0.33,27.8,0,,nan,nan,DOW-Flat (new<21d)
Yo-Chi Harbour Town,QLD,2026-06-25,FY 2026,forecast,14598.96,11679.17,17518.76,1.0,14.908,979.27,136.14,-735.9,21.7,2.43,27.2,0,,nan,nan,DOW-Flat (new<21d)
Yo-Chi Harbour Town,QLD,2026-06-26,FY 2026,forecast,17280.4,13824.32,20736.49,1.0,14.908,1159.13,90.94,-793.47,21.0,0.82,27.4,0,,nan,nan,DOW-Flat (new<21d)
Yo-Chi Harbour Town,QLD,2026-06-27,FY 2026,forecast,18420.12,14736.1,22104.14,1.0,14.908,1235.58,23.03,-830.02,21.6,0.25,27.3,0,,nan,nan,DOW-Flat (new<21d)
Yo-Chi Harbour Town,QLD,2026-06-28,FY 2026,forecast,22429.5,17943.6,26915.4,1.0,14.908,1504.52,23.03,-1177.09,20.6,0.65,27.0,0,,nan,nan,DOW-Flat (new<21d)
Yo-Chi Harbour Town,QLD,2026-06-29,FY 2026,forecast,12232.22,9785.78,14678.67,1.0,14.908,820.51,151.36,-773.18,20.2,1.88,28.4,0,,nan,nan,DOW-Flat (new<21d)
Yo-Chi Harbour Town,QLD,2026-06-30,FY 2026,forecast,12133.06,9706.45,14559.67,1.0,14.908,813.86,94.7,-588.55,20.3,4.87,28.7,0,,nan,nan,DOW-Flat (new<21d)
Yo-Chi Harbour Town,QLD,2026-07-01,FY 2027,forecast,13775.05,11020.04,16530.06,1.0,14.908,924.0,183.41,-591.7,18.8,3.85,28.6,0,,nan,nan,DOW-Flat (new<21d)
Yo-Chi Harbour Town,QLD,2026-07-02,FY 2027,forecast,14598.96,11679.17,17518.76,1.0,14.908,979.27,136.14,-735.9,19.2,5.85,34.7,0,,nan,nan,DOW-Flat (new<21d)
Yo-Chi Harbour Town,QLD,2026-07-03,FY 2027,forecast,17280.4,13824.32,20736.49,1.0,14.908,1159.13,90.94,-793.47,19.3,3.93,36.0,0,,nan,nan,DOW-Flat (new<21d)
Yo-Chi Harbour Town,QLD,2026-07-04,FY 2027,forecast,18420.12,14736.1,22104.14,1.0,14.908,1235.58,23.03,-830.02,18.7,5.15,34.2,0,,nan,nan,DOW-Flat (new<21d)
Yo-Chi Harbour Town,QLD,2026-07-05,FY 2027,forecast,22429.5,17943.6,26915.4,1.0,14.908,1504.52,23.03,-1177.09,19.6,2.9,31.4,0,,nan,nan,DOW-Flat (new<21d)
Yo-Chi Harbour Town,QLD,2026-07-06,FY 2027,forecast,12232.22,9785.78,14678.67,1.0,14.908,820.51,151.36,-773.18,20.9,1.63,29.8,0,,nan,nan,DOW-Flat (new<21d)
Yo-Chi Harbour Town,QLD,2026-07-07,FY 2027,forecast,12133.06,9706.45,14559.67,1.0,14.908,813.86,94.7,-588.55,20.9,0.7,35.1,0,,nan,nan,DOW-Flat (new<21d)
Yo-Chi Harbour Town,QLD,2026-07-08,FY 2027,forecast,13775.05,11020.04,16530.06,1.0,14.908,924.0,183.41,-591.7,19.8,0.3,29.7,0,,nan,nan,DOW-Flat (new<21d)
Yo-Chi Harbour Town,QLD,2026-07-09,FY 2027,forecast,14598.96,11679.17,17518.76,1.0,14.908,979.27,136.14,-735.9,19.7,3.52,29.5,0,,nan,nan,DOW-Flat (new<21d)
Yo-Chi Harbour Town,QLD,2026-07-10,FY 2027,forecast,17280.4,13824.32,20736.49,1.0,14.908,1159.13,90.94,-793.47,20.7,0.97,33.2,0,,nan,nan,DOW-Flat (new<21d)
Yo-Chi Harbour Town,QLD,2026-07-11,FY 2027,forecast,18420.12,14736.1,22104.14,1.0,14.908,1235.58,23.03,-830.02,21.2,0.28,29.5,0,,nan,nan,DOW-Flat (new<21d)
Yo-Chi Harbour Town,QLD,2026-07-12,FY 2027,forecast,22429.5,17943.6,26915.4,1.0,14.908,1504.52,23.03,-1177.09,20.6,3.05,26.3,0,,nan,nan,DOW-Flat (new<21d)
Yo-Chi Harbour Town,QLD,2026-07-13,FY 2027,forecast,12232.22,9785.78,14678.67,1.0,14.908,820.51,151.36,-773.18,19.8,0.03,33.0,0,,nan,nan,DOW-Flat (new<21d)
Yo-Chi Harbour Town,QLD,2026-07-14,FY 2027,forecast,12133.06,9706.45,14559.67,1.0,14.908,813.86,94.7,-588.55,19.7,0.0,37.8,0,,nan,nan,DOW-Flat (new<21d)
Yo-Chi Harbour Town,QLD,2026-07-15,FY 2027,forecast,13775.05,11020.04,16530.06,1.0,14.908,924.0,183.41,-591.7,20.7,0.08,29.0,0,,nan,nan,DOW-Flat (new<21d)
Yo-Chi Harbour Town,QLD,2026-07-16,FY 2027,forecast,14598.96,11679.17,17518.76,1.0,14.908,979.27,136.14,-735.9,20.9,1.03,35.2,0,,nan,nan,DOW-Flat (new<21d)
Yo-Chi Harbour Town,QLD,2026-07-17,FY 2027,forecast,17280.4,13824.32,20736.49,1.0,14.908,1159.13,90.94,-793.47,19.6,0.43,33.3,0,,nan,nan,DOW-Flat (new<21d)
Yo-Chi Harbour Town,QLD,2026-07-18,FY 2027,forecast,18420.12,14736.1,22104.14,1.0,14.908,1235.58,23.03,-830.02,20.4,2.7,31.8,0,,nan,nan,DOW-Flat (new<21d)
Yo-Chi Harbour Town,QLD,2026-07-19,FY 2027,forecast,22429.5,17943.6,26915.4,1.0,14.908,1504.52,23.03,-1177.09,21.1,0.03,28.5,0,,nan,nan,DOW-Flat (new<21d)
Yo-Chi Harbour Town,QLD,2026-07-20,FY 2027,forecast,12232.22,9785.78,14678.67,1.0,14.908,820.51,151.36,-773.18,20.7,0.05,34.4,0,,nan,nan,DOW-Flat (new<21d)
Yo-Chi Harbour Town,QLD,2026-07-21,FY 2027,forecast,12133.06,9706.45,14559.67,1.0,14.908,813.86,94.7,-588.55,19.8,1.82,39.8,0,,nan,nan,DOW-Flat (new<21d)
Yo-Chi Harbour Town,QLD,2026-07-22,FY 2027,forecast,13775.05,11020.04,16530.06,1.0,14.908,924.0,183.41,-591.7,19.4,1.77,29.6,0,,nan,nan,DOW-Flat (new<21d)
Yo-Chi Harbour Town,QLD,2026-07-23,FY 2027,forecast,14598.96,11679.17,17518.76,1.0,14.908,979.27,136.14,-735.9,20.3,3.1,30.0,0,,nan,nan,DOW-Flat (new<21d)
Yo-Chi Harbour Town,QLD,2026-07-24,FY 2027,forecast,17280.4,13824.32,20736.49,1.0,14.908,1159.13,90.94,-793.47,20.0,1.93,35.6,0,,nan,nan,DOW-Flat (new<21d)
Yo-Chi Harbour Town,QLD,2026-07-25,FY 2027,forecast,18420.12,14736.1,22104.14,1.0,14.908,1235.58,23.03,-830.02,20.6,1.97,34.0,0,,nan,nan,DOW-Flat (new<21d)
Yo-Chi Harbour Town,QLD,2026-07-26,FY 2027,forecast,22429.5,17943.6,26915.4,1.0,14.908,1504.52,23.03,-1177.09,22.2,4.63,32.6,0,,nan,nan,DOW-Flat (new<21d)
Yo-Chi Harbour Town,QLD,2026-07-27,FY 2027,forecast,12232.22,9785.78,14678.67,1.0,14.908,820.51,151.36,-773.18,20.2,0.52,38.6,0,,nan,nan,DOW-Flat (new<21d)
Yo-Chi Harbour Town,QLD,2026-07-28,FY 2027,forecast,12133.06,9706.45,14559.67,1.0,14.908,813.86,94.7,-588.55,21.2,0.0,36.1,0,,nan,nan,DOW-Flat (new<21d)
Yo-Chi Harbour Town,QLD,2026-07-29,FY 2027,forecast,13775.05,11020.04,16530.06,1.0,14.908,924.0,183.41,-591.7,21.8,0.03,30.0,0,,nan,nan,DOW-Flat (new<21d)
Yo-Chi Harbour Town,QLD,2026-07-30,FY 2027,forecast,14598.96,11679.17,17518.76,1.0,14.908,979.27,136.14,-735.9,21.9,0.43,30.6,0,,nan,nan,DOW-Flat (new<21d)
Yo-Chi Harbour Town,QLD,2026-07-31,FY 2027,forecast,17280.4,13824.32,20736.49,1.0,14.908,1159.13,90.94,-793.47,21.5,0.02,33.2,0,,nan,nan,DOW-Flat (new<21d)
Yo-Chi Harbour Town,QLD,2026-08-01,FY 2027,forecast,18420.12,14736.1,22104.14,1.0,14.908,1235.58,23.03,-830.02,21.5,0.28,26.4,0,,nan,nan,DOW-Flat (new<21d)
Yo-Chi Harbour Town,QLD,2026-08-02,FY 2027,forecast,22429.5,17943.6,26915.4,1.0,14.908,1504.52,23.03,-1177.09,21.4,0.17,32.9,0,,nan,nan,DOW-Flat (new<21d)
Yo-Chi Harbour Town,QLD,2026-08-03,FY 2027,forecast,12232.22,9785.78,14678.67,1.0,14.908,820.51,151.36,-773.18,21.8,0.37,35.3,0,,nan,nan,DOW-Flat (new<21d)
Yo-Chi Harbour Town,QLD,2026-08-04,FY 2027,forecast,12133.06,9706.45,14559.67,1.0,14.908,813.86,94.7,-588.55,21.6,0.12,34.3,0,,nan,nan,DOW-Flat (new<21d)
Yo-Chi Harbour Town,QLD,2026-08-05,FY 2027,forecast,13775.05,11020.04,16530.06,1.0,14.908,924.0,183.41,-591.7,22.6,0.2,29.2,0,,nan,nan,DOW-Flat (new<21d)
Yo-Chi Harbour Town,QLD,2026-08-06,FY 2027,forecast,14598.96,11679.17,17518.76,1.0,14.908,979.27,136.14,-735.9,21.8,1.97,26.6,0,,nan,nan,DOW-Flat (new<21d)
Yo-Chi Harbour Town,QLD,2026-08-07,FY 2027,forecast,17280.4,13824.32,20736.49,1.0,14.908,1159.13,90.94,-793.47,21.4,3.48,32.3,0,,nan,nan,DOW-Flat (new<21d)
Yo-Chi Harbour Town,QLD,2026-08-08,FY 2027,forecast,18420.12,14736.1,22104.14,1.0,14.908,1235.58,23.03,-830.02,20.8,0.82,32.9,0,,nan,nan,DOW-Flat (new<21d)
Yo-Chi Harbour Town,QLD,2026-08-09,FY 2027,forecast,22429.5,17943.6,26915.4,1.0,14.908,1504.52,23.03,-1177.09,19.7,0.65,35.3,0,,nan,nan,DOW-Flat (new<21d)
Yo-Chi Harbour Town,QLD,2026-08-10,FY 2027,forecast,12232.22,9785.78,14678.67,1.0,14.908,820.51,151.36,-773.18,20.6,0.1,35.6,0,,nan,nan,DOW-Flat (new<21d)
Yo-Chi Harbour Town,QLD,2026-08-11,FY 2027,forecast,12133.06,9706.45,14559.67,1.0,14.908,813.86,94.7,-588.55,22.1,0.53,30.7,0,,nan,nan,DOW-Flat (new<21d)
Yo-Chi Harbour Town,QLD,2026-08-12,FY 2027,forecast,13775.05,11020.04,16530.06,1.0,14.908,924.0,183.41,-591.7,21.3,3.75,25.2,0,The Royal Queensland Show,nan,nan,DOW-Flat (new<21d)
Yo-Chi Harbour Town,QLD,2026-08-13,FY 2027,forecast,14598.96,11679.17,17518.76,1.0,14.908,979.27,136.14,-735.9,22.2,7.18,27.5,0,,nan,nan,DOW-Flat (new<21d)
Yo-Chi Harbour Town,QLD,2026-08-14,FY 2027,forecast,17280.4,13824.32,20736.49,1.0,14.908,1159.13,90.94,-793.47,22.4,2.58,28.8,0,,nan,nan,DOW-Flat (new<21d)
Yo-Chi Harbour Town,QLD,2026-08-15,FY 2027,forecast,18420.12,14736.1,22104.14,1.0,14.908,1235.58,23.03,-830.02,23.1,2.2,30.7,0,,nan,nan,DOW-Flat (new<21d)
Yo-Chi Harbour Town,QLD,2026-08-16,FY 2027,forecast,22429.5,17943.6,26915.4,1.0,14.908,1504.52,23.03,-1177.09,23.0,0.27,31.6,0,,nan,nan,DOW-Flat (new<21d)
Yo-Chi Harbour Town,QLD,2026-08-17,FY 2027,forecast,12232.22,9785.78,14678.67,1.0,14.908,820.51,151.36,-773.18,22.7,0.13,34.4,0,,nan,nan,DOW-Flat (new<21d)
Yo-Chi Harbour Town,QLD,2026-08-18,FY 2027,forecast,12133.06,9706.45,14559.67,1.0,14.908,813.86,94.7,-588.55,21.8,0.05,31.7,0,,nan,nan,DOW-Flat (new<21d)
Yo-Chi Harbour Town,QLD,2026-08-19,FY 2027,forecast,13775.05,11020.04,16530.06,1.0,14.908,924.0,183.41,-591.7,22.2,0.52,33.6,0,,nan,nan,DOW-Flat (new<21d)
Yo-Chi Harbour Town,QLD,2026-08-20,FY 2027,forecast,14598.96,11679.17,17518.76,1.0,14.908,979.27,136.14,-735.9,21.3,3.47,30.2,0,,nan,nan,DOW-Flat (new<21d)
Yo-Chi Harbour Town,QLD,2026-08-21,FY 2027,forecast,17280.4,13824.32,20736.49,1.0,14.908,1159.13,90.94,-793.47,22.6,2.12,33.8,0,,nan,nan,DOW-Flat (new<21d)
Yo-Chi Harbour Town,QLD,2026-08-22,FY 2027,forecast,18420.12,14736.1,22104.14,1.0,14.908,1235.58,23.03,-830.02,23.7,0.27,31.3,0,,nan,nan,DOW-Flat (new<21d)
Yo-Chi Harbour Town,QLD,2026-08-23,FY 2027,forecast,22429.5,17943.6,26915.4,1.0,14.908,1504.52,23.03,-1177.09,23.8,0.98,40.3,0,,nan,nan,DOW-Flat (new<21d)
Yo-Chi Harbour Town,QLD,2026-08-24,FY 2027,forecast,12232.22,9785.78,14678.67,1.0,14.908,820.51,151.36,-773.18,22.3,1.72,40.0,0,,nan,nan,DOW-Flat (new<21d)
Yo-Chi Harbour Town,QLD,2026-08-25,FY 2027,forecast,12133.06,9706.45,14559.67,1.0,14.908,813.86,94.7,-588.55,23.0,0.02,31.4,0,,nan,nan,DOW-Flat (new<21d)
Yo-Chi Harbour Town,QLD,2026-08-26,FY 2027,forecast,13775.05,11020.04,16530.06,1.0,14.908,924.0,183.41,-591.7,22.3,0.35,27.3,0,,nan,nan,DOW-Flat (new<21d)
Yo-Chi Harbour Town,QLD,2026-08-27,FY 2027,forecast,14598.96,11679.17,17518.76,1.0,14.908,979.27,136.14,-735.9,23.5,0.45,30.7,0,,nan,nan,DOW-Flat (new<21d)
Yo-Chi Harbour Town,QLD,2026-08-28,FY 2027,forecast,17280.4,13824.32,20736.49,1.0,14.908,1159.13,90.94,-793.47,25.1,0.25,32.1,0,,nan,nan,DOW-Flat (new<21d)
Yo-Chi Harbour Town,QLD,2026-08-29,FY 2027,forecast,18420.12,14736.1,22104.14,1.0,14.908,1235.58,23.03,-830.02,24.3,0.28,30.1,0,,nan,nan,DOW-Flat (new<21d)
Yo-Chi Harbour Town,QLD,2026-08-30,FY 2027,forecast,22429.5,17943.6,26915.4,1.0,14.908,1504.52,23.03,-1177.09,23.7,1.57,33.4,0,,nan,nan,DOW-Flat (new<21d)
Yo-Chi Harbour Town,QLD,2026-08-31,FY 2027,forecast,12232.22,9785.78,14678.67,1.0,14.908,820.51,151.36,-773.18,26.1,2.3,31.2,0,,nan,nan,DOW-Flat (new<21d)
Yo-Chi Harbour Town,QLD,2026-09-01,FY 2027,forecast,12133.06,9706.45,14559.67,1.0,14.908,813.86,94.7,-588.55,25.6,0.18,29.1,0,,nan,nan,DOW-Flat (new<21d)
Yo-Chi Harbour Town,QLD,2026-09-02,FY 2027,forecast,13775.05,11020.04,16530.06,1.0,14.908,924.0,183.41,-591.7,24.1,1.88,30.5,0,,nan,nan,DOW-Flat (new<21d)
Yo-Chi Harbour Town,QLD,2026-09-03,FY 2027,forecast,14598.96,11679.17,17518.76,1.0,14.908,979.27,136.14,-735.9,23.0,5.18,35.5,0,,nan,nan,DOW-Flat (new<21d)
Yo-Chi Harbour Town,QLD,2026-09-04,FY 2027,forecast,17280.4,13824.32,20736.49,1.0,14.908,1159.13,90.94,-793.47,22.6,1.05,34.5,0,,nan,nan,DOW-Flat (new<21d)
Yo-Chi Harbour Town,QLD,2026-09-05,FY 2027,forecast,18420.12,14736.1,22104.14,1.0,14.908,1235.58,23.03,-830.02,24.5,0.68,34.9,0,,nan,nan,DOW-Flat (new<21d)
Yo-Chi Harbour Town,QLD,2026-09-06,FY 2027,forecast,22429.5,17943.6,26915.4,1.0,14.908,1504.52,23.03,-1177.09,22.8,0.6,36.6,0,,nan,nan,DOW-Flat (new<21d)
Yo-Chi Harbour Town,QLD,2026-09-07,FY 2027,forecast,12232.22,9785.78,14678.67,1.0,14.908,820.51,151.36,-773.18,23.6,0.68,34.2,0,,nan,nan,DOW-Flat (new<21d)
Yo-Chi Harbour Town,QLD,2026-09-08,FY 2027,forecast,12133.06,9706.45,14559.67,1.0,14.908,813.86,94.7,-588.55,23.9,0.42,35.9,0,,nan,nan,DOW-Flat (new<21d)
Yo-Chi Harbour Town,QLD,2026-09-09,FY 2027,forecast,13775.05,11020.04,16530.06,1.0,14.908,924.0,183.41,-591.7,24.6,3.6,30.1,0,,nan,nan,DOW-Flat (new<21d)
Yo-Chi Harbour Town,QLD,2026-09-10,FY 2027,forecast,14598.96,11679.17,17518.76,1.0,14.908,979.27,136.14,-735.9,24.7,2.37,35.0,0,,nan,nan,DOW-Flat (new<21d)
Yo-Chi Harbour Town,QLD,2026-09-11,FY 2027,forecast,17280.4,13824.32,20736.49,1.0,14.908,1159.13,90.94,-793.47,23.1,0.43,39.8,0,,nan,nan,DOW-Flat (new<21d)
Yo-Chi Harbour Town,QLD,2026-09-12,FY 2027,forecast,18420.12,14736.1,22104.14,1.0,14.908,1235.58,23.03,-830.02,23.9,1.83,34.1,0,,nan,nan,DOW-Flat (new<21d)
Yo-Chi Harbour Town,QLD,2026-09-13,FY 2027,forecast,22429.5,17943.6,26915.4,1.0,14.908,1504.52,23.03,-1177.09,23.8,1.4,36.4,0,,nan,nan,DOW-Flat (new<21d)
Yo-Chi Harbour Town,QLD,2026-09-14,FY 2027,forecast,12232.22,9785.78,14678.67,1.0,14.908,820.51,151.36,-773.18,23.1,0.42,35.4,0,,nan,nan,DOW-Flat (new<21d)
Yo-Chi Harbour Town,QLD,2026-09-15,FY 2027,forecast,12133.06,9706.45,14559.67,1.0,14.908,813.86,94.7,-588.55,23.7,0.27,36.0,0,,nan,nan,DOW-Flat (new<21d)
Yo-Chi Harbour Town,QLD,2026-09-16,FY 2027,forecast,13775.05,11020.04,16530.06,1.0,14.908,924.0,183.41,-591.7,23.6,2.0,33.9,0,,nan,nan,DOW-Flat (new<21d)
Yo-Chi Harbour Town,QLD,2026-09-17,FY 2027,forecast,14598.96,11679.17,17518.76,1.0,14.908,979.27,136.14,-735.9,25.7,0.23,32.4,0,,nan,nan,DOW-Flat (new<21d)
Yo-Chi Harbour Town,QLD,2026-09-18,FY 2027,forecast,17280.4,13824.32,20736.49,1.0,14.908,1159.13,90.94,-793.47,25.7,0.42,35.6,0,,nan,nan,DOW-Flat (new<21d)
Yo-Chi Harbour Town,QLD,2026-09-19,FY 2027,forecast,18420.12,14736.1,22104.14,1.0,14.908,1235.58,23.03,-830.02,26.7,0.08,35.8,0,,nan,nan,DOW-Flat (new<21d)
Yo-Chi Harbour Town,QLD,2026-09-20,FY 2027,forecast,22429.5,17943.6,26915.4,1.0,14.908,1504.52,23.03,-1177.09,26.8,0.12,36.5,0,,nan,nan,DOW-Flat (new<21d)
Yo-Chi Harbour Town,QLD,2026-09-21,FY 2027,forecast,12232.22,9785.78,14678.67,1.0,14.908,820.51,151.36,-773.18,27.1,1.07,40.9,0,,nan,nan,DOW-Flat (new<21d)
Yo-Chi Harbour Town,QLD,2026-09-22,FY 2027,forecast,12133.06,9706.45,14559.67,1.0,14.908,813.86,94.7,-588.55,25.6,1.68,34.7,0,,nan,nan,DOW-Flat (new<21d)
Yo-Chi Harbour Town,QLD,2026-09-23,FY 2027,forecast,13775.05,11020.04,16530.06,1.0,14.908,924.0,183.41,-591.7,25.4,4.17,35.4,0,,nan,nan,DOW-Flat (new<21d)
Yo-Chi Harbour Town,QLD,2026-09-24,FY 2027,forecast,14598.96,11679.17,17518.76,1.0,14.908,979.27,136.14,-735.9,26.1,0.07,35.6,0,,nan,nan,DOW-Flat (new<21d)
Yo-Chi Harbour Town,QLD,2026-09-25,FY 2027,forecast,17280.4,13824.32,20736.49,1.0,14.908,1159.13,90.94,-793.47,26.3,0.23,35.0,0,,nan,nan,DOW-Flat (new<21d)
Yo-Chi Harbour Town,QLD,2026-09-26,FY 2027,forecast,18420.12,14736.1,22104.14,1.0,14.908,1235.58,23.03,-830.02,26.0,0.92,39.9,0,,nan,nan,DOW-Flat (new<21d)
Yo-Chi Harbour Town,QLD,2026-09-27,FY 2027,forecast,22429.5,17943.6,26915.4,1.0,14.908,1504.52,23.03,-1177.09,24.6,7.45,38.0,0,,nan,nan,DOW-Flat (new<21d)
Yo-Chi Harbour Town,QLD,2026-09-28,FY 2027,forecast,12232.22,9785.78,14678.67,1.0,14.908,820.51,151.36,-773.18,24.6,11.58,40.6,0,,nan,nan,DOW-Flat (new<21d)
Yo-Chi Harbour Town,QLD,2026-09-29,FY 2027,forecast,12133.06,9706.45,14559.67,1.0,14.908,813.86,94.7,-588.55,25.1,0.7,36.8,0,,nan,nan,DOW-Flat (new<21d)
Yo-Chi Harbour Town,QLD,2026-09-30,FY 2027,forecast,13775.05,11020.04,16530.06,1.0,14.908,924.0,183.41,-591.7,26.4,2.0,35.1,0,,nan,nan,DOW-Flat (new<21d)
Yo-Chi Harbour Town,QLD,2026-10-01,FY 2027,forecast,14598.96,11679.17,17518.76,1.0,14.908,979.27,136.14,-735.9,25.7,2.2,36.3,0,,nan,nan,DOW-Flat (new<21d)
Yo-Chi Harbour Town,QLD,2026-10-02,FY 2027,forecast,17280.4,13824.32,20736.49,1.0,14.908,1159.13,90.94,-793.47,26.4,1.6,39.1,0,,nan,nan,DOW-Flat (new<21d)
Yo-Chi Harbour Town,QLD,2026-10-03,FY 2027,forecast,18420.12,14736.1,22104.14,1.0,14.908,1235.58,23.03,-830.02,26.0,0.02,38.6,0,,nan,nan,DOW-Flat (new<21d)
Yo-Chi Harbour Town,QLD,2026-10-04,FY 2027,forecast,22429.5,17943.6,26915.4,1.0,14.908,1504.52,23.03,-1177.09,26.4,0.5,37.4,0,,nan,nan,DOW-Flat (new<21d)
Yo-Chi Harbour Town,QLD,2026-10-05,FY 2027,forecast,12232.22,9785.78,14678.67,1.0,14.908,820.51,151.36,-773.18,27.5,0.2,34.3,0,King's Birthday,nan,nan,DOW-Flat (new<21d)
Yo-Chi Harbour Town,QLD,2026-10-06,FY 2027,forecast,12133.06,9706.45,14559.67,1.0,14.908,813.86,94.7,-588.55,27.2,0.73,32.0,0,,nan,nan,DOW-Flat (new<21d)
Yo-Chi Harbour Town,QLD,2026-10-07,FY 2027,forecast,13775.05,11020.04,16530.06,1.0,14.908,924.0,183.41,-591.7,26.8,0.18,35.3,0,,nan,nan,DOW-Flat (new<21d)
Yo-Chi Harbour Town,QLD,2026-10-08,FY 2027,forecast,14598.96,11679.17,17518.76,1.0,14.908,979.27,136.14,-735.9,27.6,1.52,39.7,0,,nan,nan,DOW-Flat (new<21d)
Yo-Chi Harbour Town,QLD,2026-10-09,FY 2027,forecast,17280.4,13824.32,20736.49,1.0,14.908,1159.13,90.94,-793.47,27.2,7.42,38.0,0,,nan,nan,DOW-Flat (new<21d)
Yo-Chi Harbour Town,QLD,2026-10-10,FY 2027,forecast,18420.12,14736.1,22104.14,1.0,14.908,1235.58,23.03,-830.02,25.9,3.73,40.6,0,,nan,nan,DOW-Flat (new<21d)
Yo-Chi Harbour Town,QLD,2026-10-11,FY 2027,forecast,22429.5,17943.6,26915.4,1.0,14.908,1504.52,23.03,-1177.09,27.0,1.32,36.2,0,,nan,nan,DOW-Flat (new<21d)
Yo-Chi Harbour Town,QLD,2026-10-12,FY 2027,forecast,12232.22,9785.78,14678.67,1.0,14.908,820.51,151.36,-773.18,26.1,6.7,35.5,0,,nan,nan,DOW-Flat (new<21d)
Yo-Chi Harbour Town,QLD,2026-10-13,FY 2027,forecast,12133.06,9706.45,14559.67,1.0,14.908,813.86,94.7,-588.55,26.2,2.53,38.4,0,,nan,nan,DOW-Flat (new<21d)
Yo-Chi Harbour Town,QLD,2026-10-14,FY 2027,forecast,13775.05,11020.04,16530.06,1.0,14.908,924.0,183.41,-591.7,24.8,1.55,34.7,0,,nan,nan,DOW-Flat (new<21d)
Yo-Chi Harbour Town,QLD,2026-10-15,FY 2027,forecast,14598.96,11679.17,17518.76,1.0,14.908,979.27,136.14,-735.9,26.9,1.68,35.2,0,,nan,nan,DOW-Flat (new<21d)
Yo-Chi Harbour Town,QLD,2026-10-16,FY 2027,forecast,17280.4,13824.32,20736.49,1.0,14.908,1159.13,90.94,-793.47,26.5,1.42,36.8,0,,nan,nan,DOW-Flat (new<21d)
Yo-Chi Harbour Town,QLD,2026-10-17,FY 2027,forecast,18420.12,14736.1,22104.14,1.0,14.908,1235.58,23.03,-830.02,26.4,0.85,39.2,0,,nan,nan,DOW-Flat (new<21d)
Yo-Chi Harbour Town,QLD,2026-10-18,FY 2027,forecast,22429.5,17943.6,26915.4,1.0,14.908,1504.52,23.03,-1177.09,27.1,1.4,41.0,0,,nan,nan,DOW-Flat (new<21d)
Yo-Chi Harbour Town,QLD,2026-10-19,FY 2027,forecast,12232.22,9785.78,14678.67,1.0,14.908,820.51,151.36,-773.18,27.3,1.23,35.2,0,,nan,nan,DOW-Flat (new<21d)
Yo-Chi Harbour Town,QLD,2026-10-20,FY 2027,forecast,12133.06,9706.45,14559.67,1.0,14.908,813.86,94.7,-588.55,26.3,0.3,35.1,0,,nan,nan,DOW-Flat (new<21d)
Yo-Chi Harbour Town,QLD,2026-10-21,FY 2027,forecast,13775.05,11020.04,16530.06,1.0,14.908,924.0,183.41,-591.7,26.2,4.27,35.5,0,,nan,nan,DOW-Flat (new<21d)
Yo-Chi Harbour Town,QLD,2026-10-22,FY 2027,forecast,14598.96,11679.17,17518.76,1.0,14.908,979.27,136.14,-735.9,26.1,10.0,36.3,0,,nan,nan,DOW-Flat (new<21d)
Yo-Chi Harbour Town,QLD,2026-10-23,FY 2027,forecast,17280.4,13824.32,20736.49,1.0,14.908,1159.13,90.94,-793.47,28.4,16.73,41.4,0,,nan,nan,DOW-Flat (new<21d)
Yo-Chi Harbour Town,QLD,2026-10-24,FY 2027,forecast,18420.12,14736.1,22104.14,1.0,14.908,1235.58,23.03,-830.02,30.2,1.87,37.9,0,,nan,nan,DOW-Flat (new<21d)
Yo-Chi Harbour Town,QLD,2026-10-25,FY 2027,forecast,22429.5,17943.6,26915.4,1.0,14.908,1504.52,23.03,-1177.09,28.1,7.5,39.0,0,,nan,nan,DOW-Flat (new<21d)
Yo-Chi Harbour Town,QLD,2026-10-26,FY 2027,forecast,12232.22,9785.78,14678.67,1.0,14.908,820.51,151.36,-773.18,28.4,4.93,35.7,0,,nan,nan,DOW-Flat (new<21d)
Yo-Chi Harbour Town,QLD,2026-10-27,FY 2027,forecast,12133.06,9706.45,14559.67,1.0,14.908,813.86,94.7,-588.55,28.4,7.25,39.2,0,,nan,nan,DOW-Flat (new<21d)
Yo-Chi Harbour Town,QLD,2026-10-28,FY 2027,forecast,13775.05,11020.04,16530.06,1.0,14.908,924.0,183.41,-591.7,26.3,11.13,35.7,0,,nan,nan,DOW-Flat (new<21d)
Yo-Chi Harbour Town,QLD,2026-10-29,FY 2027,forecast,14598.96,11679.17,17518.76,1.0,14.908,979.27,136.14,-735.9,27.1,6.62,32.8,0,,nan,nan,DOW-Flat (new<21d)
Yo-Chi Harbour Town,QLD,2026-10-30,FY 2027,forecast,17280.4,13824.32,20736.49,1.0,14.908,1159.13,90.94,-793.47,28.1,7.78,35.9,0,,nan,nan,DOW-Flat (new<21d)
Yo-Chi Harbour Town,QLD,2026-10-31,FY 2027,forecast,18420.12,14736.1,22104.14,1.0,14.908,1235.58,23.03,-830.02,28.5,5.67,41.0,0,,nan,nan,DOW-Flat (new<21d)
Yo-Chi Harbour Town,QLD,2026-11-01,FY 2027,forecast,22429.5,17943.6,26915.4,1.0,14.908,1504.52,23.03,-1177.09,27.9,7.6,38.4,0,,nan,nan,DOW-Flat (new<21d)
Yo-Chi Harbour Town,QLD,2026-11-02,FY 2027,forecast,12232.22,9785.78,14678.67,1.0,14.908,820.51,151.36,-773.18,25.6,0.2,38.4,0,,nan,nan,DOW-Flat (new<21d)
Yo-Chi Harbour Town,QLD,2026-11-03,FY 2027,forecast,12133.06,9706.45,14559.67,1.0,14.908,813.86,94.7,-588.55,25.7,3.47,37.1,0,,nan,nan,DOW-Flat (new<21d)
Yo-Chi Harbour Town,QLD,2026-11-04,FY 2027,forecast,13775.05,11020.04,16530.06,1.0,14.908,924.0,183.41,-591.7,26.6,2.8,37.8,0,,nan,nan,DOW-Flat (new<21d)
Yo-Chi Harbour Town,QLD,2026-11-05,FY 2027,forecast,14598.96,11679.17,17518.76,1.0,14.908,979.27,136.14,-735.9,27.0,3.5,36.7,0,,nan,nan,DOW-Flat (new<21d)
Yo-Chi Harbour Town,QLD,2026-11-06,FY 2027,forecast,17280.4,13824.32,20736.49,1.0,14.908,1159.13,90.94,-793.47,25.2,1.12,35.2,0,,nan,nan,DOW-Flat (new<21d)
Yo-Chi Harbour Town,QLD,2026-11-07,FY 2027,forecast,18420.12,14736.1,22104.14,1.0,14.908,1235.58,23.03,-830.02,26.2,1.35,36.9,0,,nan,nan,DOW-Flat (new<21d)
Yo-Chi Harbour Town,QLD,2026-11-08,FY 2027,forecast,22429.5,17943.6,26915.4,1.0,14.908,1504.52,23.03,-1177.09,27.3,5.03,38.3,0,,nan,nan,DOW-Flat (new<21d)
Yo-Chi Harbour Town,QLD,2026-11-09,FY 2027,forecast,12232.22,9785.78,14678.67,1.0,14.908,820.51,151.36,-773.18,26.3,0.53,32.6,0,,nan,nan,DOW-Flat (new<21d)
Yo-Chi Harbour Town,QLD,2026-11-10,FY 2027,forecast,12133.06,9706.45,14559.67,1.0,14.908,813.86,94.7,-588.55,26.3,10.87,34.4,0,,nan,nan,DOW-Flat (new<21d)
Yo-Chi Harbour Town,QLD,2026-11-11,FY 2027,forecast,13775.05,11020.04,16530.06,1.0,14.908,924.0,183.41,-591.7,27.2,11.65,36.6,0,,nan,nan,DOW-Flat (new<21d)
Yo-Chi Harbour Town,QLD,2026-11-12,FY 2027,forecast,14598.96,11679.17,17518.76,1.0,14.908,979.27,136.14,-735.9,27.3,9.28,39.1,0,,nan,nan,DOW-Flat (new<21d)
Yo-Chi Harbour Town,QLD,2026-11-13,FY 2027,forecast,17280.4,13824.32,20736.49,1.0,14.908,1159.13,90.94,-793.47,27.8,1.27,42.5,0,,nan,nan,DOW-Flat (new<21d)
Yo-Chi Harbour Town,QLD,2026-11-14,FY 2027,forecast,18420.12,14736.1,22104.14,1.0,14.908,1235.58,23.03,-830.02,29.2,4.33,39.8,0,,nan,nan,DOW-Flat (new<21d)
Yo-Chi Harbour Town,QLD,2026-11-15,FY 2027,forecast,22429.5,17943.6,26915.4,1.0,14.908,1504.52,23.03,-1177.09,30.4,6.0,35.5,0,,nan,nan,DOW-Flat (new<21d)
Yo-Chi Harbour Town,QLD,2026-11-16,FY 2027,forecast,12232.22,9785.78,14678.67,1.0,14.908,820.51,151.36,-773.18,29.5,6.17,37.9,0,,nan,nan,DOW-Flat (new<21d)
Yo-Chi Harbour Town,QLD,2026-11-17,FY 2027,forecast,12133.06,9706.45,14559.67,1.0,14.908,813.86,94.7,-588.55,28.9,3.53,40.6,0,,nan,nan,DOW-Flat (new<21d)
Yo-Chi Harbour Town,QLD,2026-11-18,FY 2027,forecast,13775.05,11020.04,16530.06,1.0,14.908,924.0,183.41,-591.7,26.5,1.1,37.9,0,,nan,nan,DOW-Flat (new<21d)
Yo-Chi Harbour Town,QLD,2026-11-19,FY 2027,forecast,14598.96,11679.17,17518.76,1.0,14.908,979.27,136.14,-735.9,26.8,6.32,38.1,0,,nan,nan,DOW-Flat (new<21d)
Yo-Chi Harbour Town,QLD,2026-11-20,FY 2027,forecast,17280.4,13824.32,20736.49,1.0,14.908,1159.13,90.94,-793.47,27.2,8.52,35.8,0,,nan,nan,DOW-Flat (new<21d)
Yo-Chi Harbour Town,QLD,2026-11-21,FY 2027,forecast,18420.12,14736.1,22104.14,1.0,14.908,1235.58,23.03,-830.02,27.9,6.58,36.7,0,,nan,nan,DOW-Flat (new<21d)
Yo-Chi Harbour Town,QLD,2026-11-22,FY 2027,forecast,22429.5,17943.6,26915.4,1.0,14.908,1504.52,23.03,-1177.09,27.1,6.88,35.3,0,,nan,nan,DOW-Flat (new<21d)
Yo-Chi Harbour Town,QLD,2026-11-23,FY 2027,forecast,12232.22,9785.78,14678.67,1.0,14.908,820.51,151.36,-773.18,27.4,5.55,33.9,0,,nan,nan,DOW-Flat (new<21d)
Yo-Chi Harbour Town,QLD,2026-11-24,FY 2027,forecast,12133.06,9706.45,14559.67,1.0,14.908,813.86,94.7,-588.55,28.9,2.3,35.9,0,,nan,nan,DOW-Flat (new<21d)
Yo-Chi Harbour Town,QLD,2026-11-25,FY 2027,forecast,13775.05,11020.04,16530.06,1.0,14.908,924.0,183.41,-591.7,27.0,2.5,32.9,0,,nan,nan,DOW-Flat (new<21d)
Yo-Chi Harbour Town,QLD,2026-11-26,FY 2027,forecast,14598.96,11679.17,17518.76,1.0,14.908,979.27,136.14,-735.9,29.2,9.07,36.6,0,,nan,nan,DOW-Flat (new<21d)
Yo-Chi Harbour Town,QLD,2026-11-27,FY 2027,forecast,17280.4,13824.32,20736.49,1.0,14.908,1159.13,90.94,-793.47,29.2,3.13,35.3,0,,nan,nan,DOW-Flat (new<21d)
Yo-Chi Harbour Town,QLD,2026-11-28,FY 2027,forecast,18420.12,14736.1,22104.14,1.0,14.908,1235.58,23.03,-830.02,28.3,8.03,33.9,0,,nan,nan,DOW-Flat (new<21d)
Yo-Chi Harbour Town,QLD,2026-11-29,FY 2027,forecast,22429.5,17943.6,26915.4,1.0,14.908,1504.52,23.03,-1177.09,29.5,3.97,38.3,0,,nan,nan,DOW-Flat (new<21d)
Yo-Chi Harbour Town,QLD,2026-11-30,FY 2027,forecast,12232.22,9785.78,14678.67,1.0,14.908,820.51,151.36,-773.18,27.7,17.9,35.9,0,,nan,nan,DOW-Flat (new<21d)
Yo-Chi Harbour Town,QLD,2026-12-01,FY 2027,forecast,12133.06,9706.45,14559.67,1.0,14.908,813.86,94.7,-588.55,27.7,18.02,38.6,0,,nan,nan,DOW-Flat (new<21d)
Yo-Chi Harbour Town,QLD,2026-12-02,FY 2027,forecast,13775.05,11020.04,16530.06,1.0,14.908,924.0,183.41,-591.7,29.0,4.45,40.3,0,,nan,nan,DOW-Flat (new<21d)
Yo-Chi Harbour Town,QLD,2026-12-03,FY 2027,forecast,14598.96,11679.17,17518.76,1.0,14.908,979.27,136.14,-735.9,28.8,0.42,36.7,0,,nan,nan,DOW-Flat (new<21d)
Yo-Chi Harbour Town,QLD,2026-12-04,FY 2027,forecast,17280.4,13824.32,20736.49,1.0,14.908,1159.13,90.94,-793.47,29.1,1.08,32.9,0,,nan,nan,DOW-Flat (new<21d)
Yo-Chi Harbour Town,QLD,2026-12-05,FY 2027,forecast,18420.12,14736.1,22104.14,1.0,14.908,1235.58,23.03,-830.02,28.8,1.87,34.4,0,,nan,nan,DOW-Flat (new<21d)
Yo-Chi Harbour Town,QLD,2026-12-06,FY 2027,forecast,22429.5,17943.6,26915.4,1.0,14.908,1504.52,23.03,-1177.09,31.2,0.1,35.8,0,,nan,nan,DOW-Flat (new<21d)
Yo-Chi Harbour Town,QLD,2026-12-07,FY 2027,forecast,12232.22,9785.78,14678.67,1.0,14.908,820.51,151.36,-773.18,30.2,3.75,34.7,0,,nan,nan,DOW-Flat (new<21d)
Yo-Chi Harbour Town,QLD,2026-12-08,FY 2027,forecast,12133.06,9706.45,14559.67,1.0,14.908,813.86,94.7,-588.55,30.6,7.12,31.7,0,,nan,nan,DOW-Flat (new<21d)
Yo-Chi Harbour Town,QLD,2026-12-09,FY 2027,forecast,13775.05,11020.04,16530.06,1.0,14.908,924.0,183.41,-591.7,28.4,2.33,33.1,0,,nan,nan,DOW-Flat (new<21d)
Yo-Chi Harbour Town,QLD,2026-12-10,FY 2027,forecast,14598.96,11679.17,17518.76,1.0,14.908,979.27,136.14,-735.9,28.6,7.95,33.8,0,,nan,nan,DOW-Flat (new<21d)
Yo-Chi Harbour Town,QLD,2026-12-11,FY 2027,forecast,17280.4,13824.32,20736.49,1.0,14.908,1159.13,90.94,-793.47,27.6,5.88,35.4,0,,nan,nan,DOW-Flat (new<21d)
Yo-Chi Harbour Town,QLD,2026-12-12,FY 2027,forecast,18420.12,14736.1,22104.14,1.0,14.908,1235.58,23.03,-830.02,27.3,4.98,35.6,0,,nan,nan,DOW-Flat (new<21d)
Yo-Chi Harbour Town,QLD,2026-12-13,FY 2027,forecast,22429.5,17943.6,26915.4,1.0,14.908,1504.52,23.03,-1177.09,27.4,15.27,39.1,0,,nan,nan,DOW-Flat (new<21d)
Yo-Chi Harbour Town,QLD,2026-12-14,FY 2027,forecast,12232.22,9785.78,14678.67,1.0,14.908,820.51,151.36,-773.18,29.3,15.78,39.7,0,,nan,nan,DOW-Flat (new<21d)
Yo-Chi Harbour Town,QLD,2026-12-15,FY 2027,forecast,12133.06,9706.45,14559.67,1.0,14.908,813.86,94.7,-588.55,30.4,2.8,38.1,0,,nan,nan,DOW-Flat (new<21d)
Yo-Chi Harbour Town,QLD,2026-12-16,FY 2027,forecast,13775.05,11020.04,16530.06,1.0,14.908,924.0,183.41,-591.7,28.5,5.97,37.4,0,,nan,nan,DOW-Flat (new<21d)
Yo-Chi Harbour Town,QLD,2026-12-17,FY 2027,forecast,14598.96,11679.17,17518.76,1.0,14.908,979.27,136.14,-735.9,28.4,6.42,35.9,0,,nan,nan,DOW-Flat (new<21d)
Yo-Chi Harbour Town,QLD,2026-12-18,FY 2027,forecast,17280.4,13824.32,20736.49,1.0,14.908,1159.13,90.94,-793.47,28.5,6.65,37.3,0,,nan,nan,DOW-Flat (new<21d)
Yo-Chi Harbour Town,QLD,2026-12-19,FY 2027,forecast,18420.12,14736.1,22104.14,1.0,14.908,1235.58,23.03,-830.02,28.4,0.33,38.1,0,,nan,nan,DOW-Flat (new<21d)
Yo-Chi Harbour Town,QLD,2026-12-20,FY 2027,forecast,22429.5,17943.6,26915.4,1.0,14.908,1504.52,23.03,-1177.09,29.6,0.17,37.8,0,,nan,nan,DOW-Flat (new<21d)
Yo-Chi Harbour Town,QLD,2026-12-21,FY 2027,forecast,12232.22,9785.78,14678.67,1.0,14.908,820.51,151.36,-773.18,29.9,2.78,34.1,0,,nan,nan,DOW-Flat (new<21d)
Yo-Chi Harbour Town,QLD,2026-12-22,FY 2027,forecast,12133.06,9706.45,14559.67,1.0,14.908,813.86,94.7,-588.55,29.9,2.65,32.8,0,,nan,nan,DOW-Flat (new<21d)
Yo-Chi Harbour Town,QLD,2026-12-23,FY 2027,forecast,13775.05,11020.04,16530.06,1.0,14.908,924.0,183.41,-591.7,30.0,2.6,35.4,0,,nan,nan,DOW-Flat (new<21d)
Yo-Chi Harbour Town,QLD,2026-12-24,FY 2027,forecast,14598.96,11679.17,17518.76,1.0,14.908,979.27,136.14,-735.9,28.8,9.68,33.0,0,,nan,nan,DOW-Flat (new<21d)
Yo-Chi Harbour Town,QLD,2026-12-25,FY 2027,forecast,17280.4,13824.32,20736.49,1.0,14.908,1159.13,90.94,-793.47,30.2,4.02,34.4,0,Christmas Day,nan,nan,DOW-Flat (new<21d)
Yo-Chi Harbour Town,QLD,2026-12-26,FY 2027,forecast,18420.12,14736.1,22104.14,1.0,14.908,1235.58,23.03,-830.02,28.3,2.35,34.8,0,Boxing Day,nan,nan,DOW-Flat (new<21d)
Yo-Chi Harbour Town,QLD,2026-12-27,FY 2027,forecast,22429.5,17943.6,26915.4,1.0,14.908,1504.52,23.03,-1177.09,28.5,4.03,35.9,0,,nan,nan,DOW-Flat (new<21d)
Yo-Chi Harbour Town,QLD,2026-12-28,FY 2027,forecast,12232.22,9785.78,14678.67,1.0,14.908,820.51,151.36,-773.18,29.2,1.58,36.2,0,Boxing Day (observed),nan,nan,DOW-Flat (new<21d)
Yo-Chi Harbour Town,QLD,2026-12-29,FY 2027,forecast,12133.06,9706.45,14559.67,1.0,14.908,813.86,94.7,-588.55,29.8,0.98,36.9,0,,nan,nan,DOW-Flat (new<21d)
Yo-Chi Harbour Town,QLD,2026-12-30,FY 2027,forecast,13775.05,11020.04,16530.06,1.0,14.908,924.0,183.41,-591.7,27.1,5.28,34.2,0,,nan,nan,DOW-Flat (new<21d)
Yo-Chi Harbour Town,QLD,2026-12-31,FY 2027,forecast,14598.96,11679.17,17518.76,1.0,14.908,979.27,136.14,-735.9,28.6,1.78,38.4,0,,nan,nan,DOW-Flat (new<21d)
Yo-Chi Harbour Town,QLD,2027-01-01,FY 2027,forecast,17280.4,13824.32,20736.49,1.0,14.908,1159.13,90.94,-793.47,27.3,6.79,32.7,0,New Year's Day,nan,nan,DOW-Flat (new<21d)
Yo-Chi Harbour Town,QLD,2027-01-02,FY 2027,forecast,18420.12,14736.1,22104.14,1.0,14.908,1235.58,23.03,-830.02,26.9,10.87,34.2,0,,nan,nan,DOW-Flat (new<21d)
Yo-Chi Harbour Town,QLD,2027-01-03,FY 2027,forecast,22429.5,17943.6,26915.4,1.0,14.908,1504.52,23.03,-1177.09,28.9,3.5,37.5,0,,nan,nan,DOW-Flat (new<21d)
Yo-Chi Harbour Town,QLD,2027-01-04,FY 2027,forecast,12232.22,9785.78,14678.67,1.0,14.908,820.51,151.36,-773.18,29.6,2.8,37.9,0,,nan,nan,DOW-Flat (new<21d)
Yo-Chi Harbour Town,QLD,2027-01-05,FY 2027,forecast,12133.06,9706.45,14559.67,1.0,14.908,813.86,94.7,-588.55,29.5,3.1,34.9,0,,nan,nan,DOW-Flat (new<21d)
Yo-Chi Harbour Town,QLD,2027-01-06,FY 2027,forecast,13775.05,11020.04,16530.06,1.0,14.908,924.0,183.41,-591.7,28.7,2.69,37.3,0,,nan,nan,DOW-Flat (new<21d)
Yo-Chi Harbour Town,QLD,2027-01-07,FY 2027,forecast,14598.96,11679.17,17518.76,1.0,14.908,979.27,136.14,-735.9,27.8,4.07,37.7,0,,nan,nan,DOW-Flat (new<21d)
Yo-Chi Harbour Town,QLD,2027-01-08,FY 2027,forecast,17280.4,13824.32,20736.49,1.0,14.908,1159.13,90.94,-793.47,28.1,4.66,35.6,0,,nan,nan,DOW-Flat (new<21d)
Yo-Chi Harbour Town,QLD,2027-01-09,FY 2027,forecast,18420.12,14736.1,22104.14,1.0,14.908,1235.58,23.03,-830.02,28.6,4.83,35.6,0,,nan,nan,DOW-Flat (new<21d)
Yo-Chi Harbour Town,QLD,2027-01-10,FY 2027,forecast,22429.5,17943.6,26915.4,1.0,14.908,1504.52,23.03,-1177.09,29.1,7.4,37.3,0,,nan,nan,DOW-Flat (new<21d)
Yo-Chi Harbour Town,QLD,2027-01-11,FY 2027,forecast,12232.22,9785.78,14678.67,1.0,14.908,820.51,151.36,-773.18,29.0,9.57,36.3,0,,nan,nan,DOW-Flat (new<21d)
Yo-Chi Harbour Town,QLD,2027-01-12,FY 2027,forecast,12133.06,9706.45,14559.67,1.0,14.908,813.86,94.7,-588.55,27.6,4.54,37.8,0,,nan,nan,DOW-Flat (new<21d)
Yo-Chi Harbour Town,QLD,2027-01-13,FY 2027,forecast,13775.05,11020.04,16530.06,1.0,14.908,924.0,183.41,-591.7,29.0,1.24,34.6,0,,nan,nan,DOW-Flat (new<21d)
Yo-Chi Harbour Town,QLD,2027-01-14,FY 2027,forecast,14598.96,11679.17,17518.76,1.0,14.908,979.27,136.14,-735.9,29.0,1.31,34.6,0,,nan,nan,DOW-Flat (new<21d)
Yo-Chi Harbour Town,QLD,2027-01-15,FY 2027,forecast,17280.4,13824.32,20736.49,1.0,14.908,1159.13,90.94,-793.47,29.5,4.4,34.3,0,,nan,nan,DOW-Flat (new<21d)
Yo-Chi Harbour Town,QLD,2027-01-16,FY 2027,forecast,18420.12,14736.1,22104.14,1.0,14.908,1235.58,23.03,-830.02,29.8,8.64,36.1,0,,nan,nan,DOW-Flat (new<21d)
Yo-Chi Harbour Town,QLD,2027-01-17,FY 2027,forecast,22429.5,17943.6,26915.4,1.0,14.908,1504.52,23.03,-1177.09,29.3,5.29,34.1,0,,nan,nan,DOW-Flat (new<21d)
Yo-Chi Harbour Town,QLD,2027-01-18,FY 2027,forecast,12232.22,9785.78,14678.67,1.0,14.908,820.51,151.36,-773.18,29.4,15.94,38.5,0,,nan,nan,DOW-Flat (new<21d)
Yo-Chi Harbour Town,QLD,2027-01-19,FY 2027,forecast,12133.06,9706.45,14559.67,1.0,14.908,813.86,94.7,-588.55,29.4,9.86,36.9,0,,nan,nan,DOW-Flat (new<21d)
Yo-Chi Harbour Town,QLD,2027-01-20,FY 2027,forecast,13775.05,11020.04,16530.06,1.0,14.908,924.0,183.41,-591.7,27.8,5.84,35.2,0,,nan,nan,DOW-Flat (new<21d)
Yo-Chi Harbour Town,QLD,2027-01-21,FY 2027,forecast,14598.96,11679.17,17518.76,1.0,14.908,979.27,136.14,-735.9,29.3,1.0,35.8,0,,nan,nan,DOW-Flat (new<21d)
Yo-Chi Harbour Town,QLD,2027-01-22,FY 2027,forecast,17280.4,13824.32,20736.49,1.0,14.908,1159.13,90.94,-793.47,31.2,0.59,33.3,0,,nan,nan,DOW-Flat (new<21d)
Yo-Chi Harbour Town,QLD,2027-01-23,FY 2027,forecast,18420.12,14736.1,22104.14,1.0,14.908,1235.58,23.03,-830.02,28.4,4.49,35.0,0,,nan,nan,DOW-Flat (new<21d)
Yo-Chi Harbour Town,QLD,2027-01-24,FY 2027,forecast,22429.5,17943.6,26915.4,1.0,14.908,1504.52,23.03,-1177.09,30.9,1.26,37.1,0,,nan,nan,DOW-Flat (new<21d)
Yo-Chi Harbour Town,QLD,2027-01-25,FY 2027,forecast,12232.22,9785.78,14678.67,1.0,14.908,820.51,151.36,-773.18,30.3,2.33,32.4,0,,nan,nan,DOW-Flat (new<21d)
Yo-Chi Harbour Town,QLD,2027-01-26,FY 2027,forecast,12133.06,9706.45,14559.67,1.0,14.908,813.86,94.7,-588.55,30.8,2.27,32.2,0,Australia Day,nan,nan,DOW-Flat (new<21d)
Yo-Chi Harbour Town,QLD,2027-01-27,FY 2027,forecast,13775.05,11020.04,16530.06,1.0,14.908,924.0,183.41,-591.7,30.0,0.71,32.4,0,,nan,nan,DOW-Flat (new<21d)
Yo-Chi Harbour Town,QLD,2027-01-28,FY 2027,forecast,14598.96,11679.17,17518.76,1.0,14.908,979.27,136.14,-735.9,30.1,8.63,32.1,0,,nan,nan,DOW-Flat (new<21d)
Yo-Chi Harbour Town,QLD,2027-01-29,FY 2027,forecast,17280.4,13824.32,20736.49,1.0,14.908,1159.13,90.94,-793.47,30.4,3.07,38.4,0,,nan,nan,DOW-Flat (new<21d)
Yo-Chi Harbour Town,QLD,2027-01-30,FY 2027,forecast,18420.12,14736.1,22104.14,1.0,14.908,1235.58,23.03,-830.02,29.7,6.21,34.9,0,,nan,nan,DOW-Flat (new<21d)
Yo-Chi Harbour Town,QLD,2027-01-31,FY 2027,forecast,22429.5,17943.6,26915.4,1.0,14.908,1504.52,23.03,-1177.09,30.5,4.29,35.2,0,,nan,nan,DOW-Flat (new<21d)
Yo-Chi Harbour Town,QLD,2027-02-01,FY 2027,forecast,12232.22,9785.78,14678.67,1.0,14.908,820.51,151.36,-773.18,31.3,1.49,37.2,0,,nan,nan,DOW-Flat (new<21d)
Yo-Chi Harbour Town,QLD,2027-02-02,FY 2027,forecast,12133.06,9706.45,14559.67,1.0,14.908,813.86,94.7,-588.55,30.5,9.03,34.4,0,,nan,nan,DOW-Flat (new<21d)
Yo-Chi Harbour Town,QLD,2027-02-03,FY 2027,forecast,13775.05,11020.04,16530.06,1.0,14.908,924.0,183.41,-591.7,30.1,9.64,38.1,0,,nan,nan,DOW-Flat (new<21d)
Yo-Chi Harbour Town,QLD,2027-02-04,FY 2027,forecast,14598.96,11679.17,17518.76,1.0,14.908,979.27,136.14,-735.9,28.1,2.89,37.7,0,,nan,nan,DOW-Flat (new<21d)
Yo-Chi Harbour Town,QLD,2027-02-05,FY 2027,forecast,17280.4,13824.32,20736.49,1.0,14.908,1159.13,90.94,-793.47,28.5,3.09,35.5,0,,nan,nan,DOW-Flat (new<21d)
Yo-Chi Harbour Town,QLD,2027-02-06,FY 2027,forecast,18420.12,14736.1,22104.14,1.0,14.908,1235.58,23.03,-830.02,28.6,6.86,35.4,0,,nan,nan,DOW-Flat (new<21d)
Yo-Chi Harbour Town,QLD,2027-02-07,FY 2027,forecast,22429.5,17943.6,26915.4,1.0,14.908,1504.52,23.03,-1177.09,29.0,6.44,36.1,0,,nan,nan,DOW-Flat (new<21d)
Yo-Chi Harbour Town,QLD,2027-02-08,FY 2027,forecast,12232.22,9785.78,14678.67,1.0,14.908,820.51,151.36,-773.18,28.9,8.89,36.0,0,,nan,nan,DOW-Flat (new<21d)
Yo-Chi Harbour Town,QLD,2027-02-09,FY 2027,forecast,12133.06,9706.45,14559.67,1.0,14.908,813.86,94.7,-588.55,28.7,4.51,34.1,0,,nan,nan,DOW-Flat (new<21d)
Yo-Chi Harbour Town,QLD,2027-02-10,FY 2027,forecast,13775.05,11020.04,16530.06,1.0,14.908,924.0,183.41,-591.7,29.1,4.37,35.2,0,,nan,nan,DOW-Flat (new<21d)
Yo-Chi Harbour Town,QLD,2027-02-11,FY 2027,forecast,14598.96,11679.17,17518.76,1.0,14.908,979.27,136.14,-735.9,29.9,5.0,36.3,0,,nan,nan,DOW-Flat (new<21d)
Yo-Chi Harbour Town,QLD,2027-02-12,FY 2027,forecast,17280.4,13824.32,20736.49,1.0,14.908,1159.13,90.94,-793.47,30.5,9.71,38.6,0,,nan,nan,DOW-Flat (new<21d)
Yo-Chi Harbour Town,QLD,2027-02-13,FY 2027,forecast,18420.12,14736.1,22104.14,1.0,14.908,1235.58,23.03,-830.02,28.8,8.03,38.4,0,,nan,nan,DOW-Flat (new<21d)
Yo-Chi Harbour Town,QLD,2027-02-14,FY 2027,forecast,22429.5,17943.6,26915.4,1.0,14.908,1504.52,23.03,-1177.09,28.2,10.36,34.4,0,,nan,nan,DOW-Flat (new<21d)
Yo-Chi Harbour Town,QLD,2027-02-15,FY 2027,forecast,12232.22,9785.78,14678.67,1.0,14.908,820.51,151.36,-773.18,27.6,7.13,34.8,0,,nan,nan,DOW-Flat (new<21d)
Yo-Chi Harbour Town,QLD,2027-02-16,FY 2027,forecast,12133.06,9706.45,14559.67,1.0,14.908,813.86,94.7,-588.55,28.2,7.91,37.4,0,,nan,nan,DOW-Flat (new<21d)
Yo-Chi Harbour Town,QLD,2027-02-17,FY 2027,forecast,13775.05,11020.04,16530.06,1.0,14.908,924.0,183.41,-591.7,28.2,0.36,35.8,0,,nan,nan,DOW-Flat (new<21d)
Yo-Chi Harbour Town,QLD,2027-02-18,FY 2027,forecast,14598.96,11679.17,17518.76,1.0,14.908,979.27,136.14,-735.9,29.3,0.86,33.4,0,,nan,nan,DOW-Flat (new<21d)
Yo-Chi Harbour Town,QLD,2027-02-19,FY 2027,forecast,17280.4,13824.32,20736.49,1.0,14.908,1159.13,90.94,-793.47,29.9,2.29,31.3,0,,nan,nan,DOW-Flat (new<21d)
Yo-Chi Harbour Town,QLD,2027-02-20,FY 2027,forecast,18420.12,14736.1,22104.14,1.0,14.908,1235.58,23.03,-830.02,29.0,0.86,32.8,0,,nan,nan,DOW-Flat (new<21d)
Yo-Chi Harbour Town,QLD,2027-02-21,FY 2027,forecast,22429.5,17943.6,26915.4,1.0,14.908,1504.52,23.03,-1177.09,29.5,0.61,36.6,0,,nan,nan,DOW-Flat (new<21d)
Yo-Chi Harbour Town,QLD,2027-02-22,FY 2027,forecast,12232.22,9785.78,14678.67,1.0,14.908,820.51,151.36,-773.18,29.6,1.61,39.3,0,,nan,nan,DOW-Flat (new<21d)
Yo-Chi Harbour Town,QLD,2027-02-23,FY 2027,forecast,12133.06,9706.45,14559.67,1.0,14.908,813.86,94.7,-588.55,29.0,10.64,36.1,0,,nan,nan,DOW-Flat (new<21d)
Yo-Chi Harbour Town,QLD,2027-02-24,FY 2027,forecast,13775.05,11020.04,16530.06,1.0,14.908,924.0,183.41,-591.7,27.6,13.46,36.7,0,,nan,nan,DOW-Flat (new<21d)
Yo-Chi Harbour Town,QLD,2027-02-25,FY 2027,forecast,14598.96,11679.17,17518.76,1.0,14.908,979.27,136.14,-735.9,27.5,15.16,33.6,0,,nan,nan,DOW-Flat (new<21d)
Yo-Chi Harbour Town,QLD,2027-02-26,FY 2027,forecast,17280.4,13824.32,20736.49,1.0,14.908,1159.13,90.94,-793.47,28.5,25.71,35.1,0,,nan,nan,DOW-Flat (new<21d)
Yo-Chi Harbour Town,QLD,2027-02-27,FY 2027,forecast,18420.12,14736.1,22104.14,1.0,14.908,1235.58,23.03,-830.02,28.1,25.24,37.6,0,,nan,nan,DOW-Flat (new<21d)
Yo-Chi Harbour Town,QLD,2027-02-28,FY 2027,forecast,22429.5,17943.6,26915.4,1.0,14.908,1504.52,23.03,-1177.09,29.5,1.81,33.0,0,,nan,nan,DOW-Flat (new<21d)
Yo-Chi Harbour Town,QLD,2027-03-01,FY 2027,forecast,12232.22,9785.78,14678.67,1.0,14.908,820.51,151.36,-773.18,29.4,1.59,32.6,0,,nan,nan,DOW-Flat (new<21d)
Yo-Chi Harbour Town,QLD,2027-03-02,FY 2027,forecast,12133.06,9706.45,14559.67,1.0,14.908,813.86,94.7,-588.55,30.3,1.1,34.8,0,,nan,nan,DOW-Flat (new<21d)
Yo-Chi Harbour Town,QLD,2027-03-03,FY 2027,forecast,13775.05,11020.04,16530.06,1.0,14.908,924.0,183.41,-591.7,28.8,11.51,37.9,0,,nan,nan,DOW-Flat (new<21d)
Yo-Chi Harbour Town,QLD,2027-03-04,FY 2027,forecast,14598.96,11679.17,17518.76,1.0,14.908,979.27,136.14,-735.9,28.3,3.9,35.6,0,,nan,nan,DOW-Flat (new<21d)
Yo-Chi Harbour Town,QLD,2027-03-05,FY 2027,forecast,17280.4,13824.32,20736.49,1.0,14.908,1159.13,90.94,-793.47,28.4,4.24,37.8,0,,nan,nan,DOW-Flat (new<21d)
Yo-Chi Harbour Town,QLD,2027-03-06,FY 2027,forecast,18420.12,14736.1,22104.14,1.0,14.908,1235.58,23.03,-830.02,28.7,5.74,39.0,0,,nan,nan,DOW-Flat (new<21d)
Yo-Chi Harbour Town,QLD,2027-03-07,FY 2027,forecast,22429.5,17943.6,26915.4,1.0,14.908,1504.52,23.03,-1177.09,28.7,6.66,41.8,0,,nan,nan,DOW-Flat (new<21d)
Yo-Chi Harbour Town,QLD,2027-03-08,FY 2027,forecast,12232.22,9785.78,14678.67,1.0,14.908,820.51,151.36,-773.18,28.1,25.67,43.9,0,,nan,nan,DOW-Flat (new<21d)
Yo-Chi Harbour Town,QLD,2027-03-09,FY 2027,forecast,12133.06,9706.45,14559.67,1.0,14.908,813.86,94.7,-588.55,27.3,31.76,39.5,0,,nan,nan,DOW-Flat (new<21d)
Yo-Chi Harbour Town,QLD,2027-03-10,FY 2027,forecast,13775.05,11020.04,16530.06,1.0,14.908,924.0,183.41,-591.7,26.8,13.34,36.5,0,,nan,nan,DOW-Flat (new<21d)
Yo-Chi Harbour Town,QLD,2027-03-11,FY 2027,forecast,14598.96,11679.17,17518.76,1.0,14.908,979.27,136.14,-735.9,26.3,9.81,33.1,0,,nan,nan,DOW-Flat (new<21d)
Yo-Chi Harbour Town,QLD,2027-03-12,FY 2027,forecast,17280.4,13824.32,20736.49,1.0,14.908,1159.13,90.94,-793.47,27.9,4.26,32.9,0,,nan,nan,DOW-Flat (new<21d)
Yo-Chi Harbour Town,QLD,2027-03-13,FY 2027,forecast,18420.12,14736.1,22104.14,1.0,14.908,1235.58,23.03,-830.02,27.5,1.84,32.7,0,,nan,nan,DOW-Flat (new<21d)
Yo-Chi Harbour Town,QLD,2027-03-14,FY 2027,forecast,22429.5,17943.6,26915.4,1.0,14.908,1504.52,23.03,-1177.09,27.8,0.27,33.6,0,,nan,nan,DOW-Flat (new<21d)
Yo-Chi Harbour Town,QLD,2027-03-15,FY 2027,forecast,12232.22,9785.78,14678.67,1.0,14.908,820.51,151.36,-773.18,27.1,5.61,37.6,0,,nan,nan,DOW-Flat (new<21d)
Yo-Chi Harbour Town,QLD,2027-03-16,FY 2027,forecast,12133.06,9706.45,14559.67,1.0,14.908,813.86,94.7,-588.55,27.4,2.34,34.8,0,,nan,nan,DOW-Flat (new<21d)
Yo-Chi Harbour Town,QLD,2027-03-17,FY 2027,forecast,13775.05,11020.04,16530.06,1.0,14.908,924.0,183.41,-591.7,28.2,4.44,33.1,0,,nan,nan,DOW-Flat (new<21d)
Yo-Chi Harbour Town,QLD,2027-03-18,FY 2027,forecast,14598.96,11679.17,17518.76,1.0,14.908,979.27,136.14,-735.9,27.6,4.84,31.9,0,,nan,nan,DOW-Flat (new<21d)
Yo-Chi Harbour Town,QLD,2027-03-19,FY 2027,forecast,17280.4,13824.32,20736.49,1.0,14.908,1159.13,90.94,-793.47,27.2,1.89,28.6,0,,nan,nan,DOW-Flat (new<21d)
Yo-Chi Harbour Town,QLD,2027-03-20,FY 2027,forecast,18420.12,14736.1,22104.14,1.0,14.908,1235.58,23.03,-830.02,27.9,2.83,29.1,0,,nan,nan,DOW-Flat (new<21d)
Yo-Chi Harbour Town,QLD,2027-03-21,FY 2027,forecast,22429.5,17943.6,26915.4,1.0,14.908,1504.52,23.03,-1177.09,28.0,3.11,34.9,0,,nan,nan,DOW-Flat (new<21d)
Yo-Chi Harbour Town,QLD,2027-03-22,FY 2027,forecast,12232.22,9785.78,14678.67,1.0,14.908,820.51,151.36,-773.18,27.1,19.13,32.4,0,,nan,nan,DOW-Flat (new<21d)
Yo-Chi Harbour Town,QLD,2027-03-23,FY 2027,forecast,12133.06,9706.45,14559.67,1.0,14.908,813.86,94.7,-588.55,27.2,9.83,31.9,0,,nan,nan,DOW-Flat (new<21d)
Yo-Chi Harbour Town,QLD,2027-03-24,FY 2027,forecast,13775.05,11020.04,16530.06,1.0,14.908,924.0,183.41,-591.7,27.0,3.83,32.9,0,,nan,nan,DOW-Flat (new<21d)
Yo-Chi Harbour Town,QLD,2027-03-25,FY 2027,forecast,14598.96,11679.17,17518.76,1.0,14.908,979.27,136.14,-735.9,27.0,4.83,27.4,0,,nan,nan,DOW-Flat (new<21d)
Yo-Chi Harbour Town,QLD,2027-03-26,FY 2027,forecast,17280.4,13824.32,20736.49,1.0,14.908,1159.13,90.94,-793.47,27.0,13.01,28.2,0,Good Friday,nan,nan,DOW-Flat (new<21d)
Yo-Chi Harbour Town,QLD,2027-03-27,FY 2027,forecast,18420.12,14736.1,22104.14,1.0,14.908,1235.58,23.03,-830.02,26.3,9.86,36.6,0,Easter Saturday,nan,nan,DOW-Flat (new<21d)
Yo-Chi Harbour Town,QLD,2027-03-28,FY 2027,forecast,22429.5,17943.6,26915.4,1.0,14.908,1504.52,23.03,-1177.09,26.5,17.46,34.3,0,Easter Sunday,nan,nan,DOW-Flat (new<21d)
Yo-Chi Harbour Town,QLD,2027-03-29,FY 2027,forecast,12232.22,9785.78,14678.67,1.0,14.908,820.51,151.36,-773.18,26.1,9.7,27.9,0,Easter Monday,nan,nan,DOW-Flat (new<21d)
Yo-Chi Harbour Town,QLD,2027-03-30,FY 2027,forecast,12133.06,9706.45,14559.67,1.0,14.908,813.86,94.7,-588.55,27.7,2.86,36.8,0,,nan,nan,DOW-Flat (new<21d)
Yo-Chi Harbour Town,QLD,2027-03-31,FY 2027,forecast,13775.05,11020.04,16530.06,1.0,14.908,924.0,183.41,-591.7,26.9,1.61,30.8,0,,nan,nan,DOW-Flat (new<21d)
Yo-Chi Harbour Town,QLD,2027-04-01,FY 2027,forecast,14598.96,11679.17,17518.76,1.0,14.908,979.27,136.14,-735.9,25.5,1.0,30.2,0,,nan,nan,DOW-Flat (new<21d)
Yo-Chi Harbour Town,QLD,2027-04-02,FY 2027,forecast,17280.4,13824.32,20736.49,1.0,14.908,1159.13,90.94,-793.47,26.2,3.69,29.4,0,,nan,nan,DOW-Flat (new<21d)
Yo-Chi Harbour Town,QLD,2027-04-03,FY 2027,forecast,18420.12,14736.1,22104.14,1.0,14.908,1235.58,23.03,-830.02,26.7,2.3,32.3,0,,nan,nan,DOW-Flat (new<21d)
Yo-Chi Harbour Town,QLD,2027-04-04,FY 2027,forecast,22429.5,17943.6,26915.4,1.0,14.908,1504.52,23.03,-1177.09,25.8,9.36,31.4,0,,nan,nan,DOW-Flat (new<21d)
Yo-Chi Harbour Town,QLD,2027-04-05,FY 2027,forecast,12232.22,9785.78,14678.67,1.0,14.908,820.51,151.36,-773.18,26.6,7.7,30.4,0,,nan,nan,DOW-Flat (new<21d)
Yo-Chi Harbour Town,QLD,2027-04-06,FY 2027,forecast,12133.06,9706.45,14559.67,1.0,14.908,813.86,94.7,-588.55,26.0,6.13,28.6,0,,nan,nan,DOW-Flat (new<21d)
Yo-Chi Harbour Town,QLD,2027-04-07,FY 2027,forecast,13775.05,11020.04,16530.06,1.0,14.908,924.0,183.41,-591.7,27.2,3.39,33.3,0,,nan,nan,DOW-Flat (new<21d)
Yo-Chi Harbour Town,QLD,2027-04-08,FY 2027,forecast,14598.96,11679.17,17518.76,1.0,14.908,979.27,136.14,-735.9,27.3,0.36,34.4,0,,nan,nan,DOW-Flat (new<21d)
Yo-Chi Harbour Town,QLD,2027-04-09,FY 2027,forecast,17280.4,13824.32,20736.49,1.0,14.908,1159.13,90.94,-793.47,26.9,1.71,35.5,0,,nan,nan,DOW-Flat (new<21d)
Yo-Chi Harbour Town,QLD,2027-04-10,FY 2027,forecast,18420.12,14736.1,22104.14,1.0,14.908,1235.58,23.03,-830.02,27.2,0.74,31.6,0,,nan,nan,DOW-Flat (new<21d)
Yo-Chi Harbour Town,QLD,2027-04-11,FY 2027,forecast,22429.5,17943.6,26915.4,1.0,14.908,1504.52,23.03,-1177.09,28.2,0.17,32.0,0,,nan,nan,DOW-Flat (new<21d)
Yo-Chi Harbour Town,QLD,2027-04-12,FY 2027,forecast,12232.22,9785.78,14678.67,1.0,14.908,820.51,151.36,-773.18,26.3,1.69,33.5,0,,nan,nan,DOW-Flat (new<21d)
Yo-Chi Harbour Town,QLD,2027-04-13,FY 2027,forecast,12133.06,9706.45,14559.67,1.0,14.908,813.86,94.7,-588.55,25.8,1.21,32.3,0,,nan,nan,DOW-Flat (new<21d)
Yo-Chi Harbour Town,QLD,2027-04-14,FY 2027,forecast,13775.05,11020.04,16530.06,1.0,14.908,924.0,183.41,-591.7,25.7,0.46,29.0,0,,nan,nan,DOW-Flat (new<21d)
Yo-Chi Harbour Town,QLD,2027-04-15,FY 2027,forecast,14598.96,11679.17,17518.76,1.0,14.908,979.27,136.14,-735.9,26.1,0.26,30.3,0,,nan,nan,DOW-Flat (new<21d)
Yo-Chi Harbour Town,QLD,2027-04-16,FY 2027,forecast,17280.4,13824.32,20736.49,1.0,14.908,1159.13,90.94,-793.47,27.3,0.01,33.2,0,,nan,nan,DOW-Flat (new<21d)
Yo-Chi Harbour Town,QLD,2027-04-17,FY 2027,forecast,18420.12,14736.1,22104.14,1.0,14.908,1235.58,23.03,-830.02,27.3,1.31,29.3,0,,nan,nan,DOW-Flat (new<21d)
Yo-Chi Harbour Town,QLD,2027-04-18,FY 2027,forecast,22429.5,17943.6,26915.4,1.0,14.908,1504.52,23.03,-1177.09,26.4,0.69,29.6,0,,nan,nan,DOW-Flat (new<21d)
Yo-Chi Harbour Town,QLD,2027-04-19,FY 2027,forecast,12232.22,9785.78,14678.67,1.0,14.908,820.51,151.36,-773.18,26.0,0.23,29.3,0,,nan,nan,DOW-Flat (new<21d)
Yo-Chi Harbour Town,QLD,2027-04-20,FY 2027,forecast,12133.06,9706.45,14559.67,1.0,14.908,813.86,94.7,-588.55,27.0,1.4,29.0,0,,nan,nan,DOW-Flat (new<21d)
Yo-Chi Harbour Town,QLD,2027-04-21,FY 2027,forecast,13775.05,11020.04,16530.06,1.0,14.908,924.0,183.41,-591.7,26.0,5.43,33.6,0,,nan,nan,DOW-Flat (new<21d)
Yo-Chi Harbour Town,QLD,2027-04-22,FY 2027,forecast,14598.96,11679.17,17518.76,1.0,14.908,979.27,136.14,-735.9,25.5,0.27,36.7,0,,nan,nan,DOW-Flat (new<21d)
Yo-Chi Harbour Town,QLD,2027-04-23,FY 2027,forecast,17280.4,13824.32,20736.49,1.0,14.908,1159.13,90.94,-793.47,24.7,0.63,34.6,0,,nan,nan,DOW-Flat (new<21d)
Yo-Chi Harbour Town,QLD,2027-04-24,FY 2027,forecast,18420.12,14736.1,22104.14,1.0,14.908,1235.58,23.03,-830.02,24.7,3.16,37.9,0,,nan,nan,DOW-Flat (new<21d)
Yo-Chi Harbour Town,QLD,2027-04-25,FY 2027,forecast,22429.5,17943.6,26915.4,1.0,14.908,1504.52,23.03,-1177.09,23.6,7.04,33.7,0,,nan,nan,DOW-Flat (new<21d)
Yo-Chi Harbour Town,QLD,2027-04-26,FY 2027,forecast,12232.22,9785.78,14678.67,1.0,14.908,820.51,151.36,-773.18,23.5,1.67,29.7,0,ANZAC Day,nan,nan,DOW-Flat (new<21d)
Yo-Chi Harbour Town,QLD,2027-04-27,FY 2027,forecast,12133.06,9706.45,14559.67,1.0,14.908,813.86,94.7,-588.55,24.6,1.7,32.1,0,,nan,nan,DOW-Flat (new<21d)
Yo-Chi Harbour Town,QLD,2027-04-28,FY 2027,forecast,13775.05,11020.04,16530.06,1.0,14.908,924.0,183.41,-591.7,24.3,0.87,32.6,0,,nan,nan,DOW-Flat (new<21d)
Yo-Chi Harbour Town,QLD,2027-04-29,FY 2027,forecast,14598.96,11679.17,17518.76,1.0,14.908,979.27,136.14,-735.9,24.7,0.6,28.1,0,,nan,nan,DOW-Flat (new<21d)
Yo-Chi Harbour Town,QLD,2027-04-30,FY 2027,forecast,17280.4,13824.32,20736.49,1.0,14.908,1159.13,90.94,-793.47,24.9,3.73,30.0,0,,nan,nan,DOW-Flat (new<21d)
Yo-Chi Harbour Town,QLD,2027-05-01,FY 2027,forecast,18420.12,14736.1,22104.14,1.0,14.908,1235.58,23.03,-830.02,23.2,2.44,35.3,0,,nan,nan,DOW-Flat (new<21d)
Yo-Chi Harbour Town,QLD,2027-05-02,FY 2027,forecast,22429.5,17943.6,26915.4,1.0,14.908,1504.52,23.03,-1177.09,23.2,1.24,40.3,0,,nan,nan,DOW-Flat (new<21d)
Yo-Chi Harbour Town,QLD,2027-05-03,FY 2027,forecast,12232.22,9785.78,14678.67,1.0,14.908,820.51,151.36,-773.18,23.9,1.03,30.5,0,Labour Day,nan,nan,DOW-Flat (new<21d)
Yo-Chi Harbour Town,QLD,2027-05-04,FY 2027,forecast,12133.06,9706.45,14559.67,1.0,14.908,813.86,94.7,-588.55,24.4,1.69,27.7,0,,nan,nan,DOW-Flat (new<21d)
Yo-Chi Harbour Town,QLD,2027-05-05,FY 2027,forecast,13775.05,11020.04,16530.06,1.0,14.908,924.0,183.41,-591.7,23.7,2.51,29.2,0,,nan,nan,DOW-Flat (new<21d)
Yo-Chi Harbour Town,QLD,2027-05-06,FY 2027,forecast,14598.96,11679.17,17518.76,1.0,14.908,979.27,136.14,-735.9,24.3,3.16,29.3,0,,nan,nan,DOW-Flat (new<21d)
Yo-Chi Harbour Town,QLD,2027-05-07,FY 2027,forecast,17280.4,13824.32,20736.49,1.0,14.908,1159.13,90.94,-793.47,24.3,3.34,31.6,0,,nan,nan,DOW-Flat (new<21d)
Yo-Chi Harbour Town,QLD,2027-05-08,FY 2027,forecast,18420.12,14736.1,22104.14,1.0,14.908,1235.58,23.03,-830.02,23.4,1.34,34.9,0,,nan,nan,DOW-Flat (new<21d)
Yo-Chi Harbour Town,QLD,2027-05-09,FY 2027,forecast,22429.5,17943.6,26915.4,1.0,14.908,1504.52,23.03,-1177.09,22.8,4.57,31.2,0,,nan,nan,DOW-Flat (new<21d)
Yo-Chi Harbour Town,QLD,2027-05-10,FY 2027,forecast,12232.22,9785.78,14678.67,1.0,14.908,820.51,151.36,-773.18,24.1,0.41,32.9,0,,nan,nan,DOW-Flat (new<21d)
Yo-Chi Harbour Town,QLD,2027-05-11,FY 2027,forecast,12133.06,9706.45,14559.67,1.0,14.908,813.86,94.7,-588.55,23.2,7.94,33.6,0,,nan,nan,DOW-Flat (new<21d)
Yo-Chi Harbour Town,QLD,2027-05-12,FY 2027,forecast,13775.05,11020.04,16530.06,1.0,14.908,924.0,183.41,-591.7,22.7,11.13,35.2,0,,nan,nan,DOW-Flat (new<21d)
Yo-Chi Harbour Town,QLD,2027-05-13,FY 2027,forecast,14598.96,11679.17,17518.76,1.0,14.908,979.27,136.14,-735.9,23.2,5.13,30.4,0,,nan,nan,DOW-Flat (new<21d)
Yo-Chi Harbour Town,QLD,2027-05-14,FY 2027,forecast,17280.4,13824.32,20736.49,1.0,14.908,1159.13,90.94,-793.47,23.1,8.28,28.4,0,,nan,nan,DOW-Flat (new<21d)
Yo-Chi Harbour Town,QLD,2027-05-15,FY 2027,forecast,18420.12,14736.1,22104.14,1.0,14.908,1235.58,23.03,-830.02,23.3,8.33,26.7,0,,nan,nan,DOW-Flat (new<21d)
Yo-Chi Harbour Town,QLD,2027-05-16,FY 2027,forecast,22429.5,17943.6,26915.4,1.0,14.908,1504.52,23.03,-1177.09,21.9,9.65,30.9,0,,nan,nan,DOW-Flat (new<21d)
Yo-Chi Harbour Town,QLD,2027-05-17,FY 2027,forecast,12232.22,9785.78,14678.67,1.0,14.908,820.51,151.36,-773.18,22.7,2.35,29.8,0,,nan,nan,DOW-Flat (new<21d)
Yo-Chi Harbour Town,QLD,2027-05-18,FY 2027,forecast,12133.06,9706.45,14559.67,1.0,14.908,813.86,94.7,-588.55,22.9,0.72,27.9,0,,nan,nan,DOW-Flat (new<21d)
Yo-Chi Harbour Town,QLD,2027-05-19,FY 2027,forecast,13775.05,11020.04,16530.06,1.0,14.908,924.0,183.41,-591.7,21.7,1.13,31.1,0,,nan,nan,DOW-Flat (new<21d)
Yo-Chi Harbour Town,QLD,2027-05-20,FY 2027,forecast,14598.96,11679.17,17518.76,1.0,14.908,979.27,136.14,-735.9,21.5,1.37,24.9,0,,nan,nan,DOW-Flat (new<21d)
Yo-Chi Harbour Town,QLD,2027-05-21,FY 2027,forecast,17280.4,13824.32,20736.49,1.0,14.908,1159.13,90.94,-793.47,21.0,4.27,30.6,0,,nan,nan,DOW-Flat (new<21d)
Yo-Chi Harbour Town,QLD,2027-05-22,FY 2027,forecast,18420.12,14736.1,22104.14,1.0,14.908,1235.58,23.03,-830.02,20.9,1.63,31.8,0,,nan,nan,DOW-Flat (new<21d)
Yo-Chi Harbour Town,QLD,2027-05-23,FY 2027,forecast,22429.5,17943.6,26915.4,1.0,14.908,1504.52,23.03,-1177.09,20.9,0.15,29.0,0,,nan,nan,DOW-Flat (new<21d)
Yo-Chi Harbour Town,QLD,2027-05-24,FY 2027,forecast,12232.22,9785.78,14678.67,1.0,14.908,820.51,151.36,-773.18,22.6,0.18,28.4,0,,nan,nan,DOW-Flat (new<21d)
Yo-Chi Harbour Town,QLD,2027-05-25,FY 2027,forecast,12133.06,9706.45,14559.67,1.0,14.908,813.86,94.7,-588.55,22.8,0.72,24.6,0,,nan,nan,DOW-Flat (new<21d)
Yo-Chi Harbour Town,QLD,2027-05-26,FY 2027,forecast,13775.05,11020.04,16530.06,1.0,14.908,924.0,183.41,-591.7,23.7,0.63,27.2,0,,nan,nan,DOW-Flat (new<21d)
Yo-Chi Harbour Town,QLD,2027-05-27,FY 2027,forecast,14598.96,11679.17,17518.76,1.0,14.908,979.27,136.14,-735.9,23.7,0.03,29.1,0,,nan,nan,DOW-Flat (new<21d)
Yo-Chi Harbour Town,QLD,2027-05-28,FY 2027,forecast,17280.4,13824.32,20736.49,1.0,14.908,1159.13,90.94,-793.47,22.1,0.3,26.2,0,,nan,nan,DOW-Flat (new<21d)
Yo-Chi Harbour Town,QLD,2027-05-29,FY 2027,forecast,18420.12,14736.1,22104.14,1.0,14.908,1235.58,23.03,-830.02,21.2,0.12,33.6,0,,nan,nan,DOW-Flat (new<21d)
Yo-Chi Harbour Town,QLD,2027-05-30,FY 2027,forecast,22429.5,17943.6,26915.4,1.0,14.908,1504.52,23.03,-1177.09,20.6,7.12,29.8,0,,nan,nan,DOW-Flat (new<21d)
Yo-Chi Harbour Town,QLD,2027-05-31,FY 2027,forecast,12232.22,9785.78,14678.67,1.0,14.908,820.51,151.36,-773.18,21.0,6.13,33.6,0,,nan,nan,DOW-Flat (new<21d)
Yo-Chi Harbour Town,QLD,2027-06-01,FY 2027,forecast,12133.06,9706.45,14559.67,1.0,14.908,813.86,94.7,-588.55,22.4,2.35,33.6,0,,nan,nan,DOW-Flat (new<21d)
Yo-Chi Harbour Town,QLD,2027-06-02,FY 2027,forecast,13775.05,11020.04,16530.06,1.0,14.908,924.0,183.41,-591.7,21.0,0.27,31.4,0,,nan,nan,DOW-Flat (new<21d)
Yo-Chi Harbour Town,QLD,2027-06-03,FY 2027,forecast,14598.96,11679.17,17518.76,1.0,14.908,979.27,136.14,-735.9,20.8,2.67,33.4,0,,nan,nan,DOW-Flat (new<21d)
Yo-Chi Harbour Town,QLD,2027-06-04,FY 2027,forecast,17280.4,13824.32,20736.49,1.0,14.908,1159.13,90.94,-793.47,20.8,0.92,35.0,0,,nan,nan,DOW-Flat (new<21d)
Yo-Chi Harbour Town,QLD,2027-06-05,FY 2027,forecast,18420.12,14736.1,22104.14,1.0,14.908,1235.58,23.03,-830.02,20.5,0.23,28.8,0,,nan,nan,DOW-Flat (new<21d)
Yo-Chi Harbour Town,QLD,2027-06-06,FY 2027,forecast,22429.5,17943.6,26915.4,1.0,14.908,1504.52,23.03,-1177.09,20.9,0.55,27.4,0,,nan,nan,DOW-Flat (new<21d)
Yo-Chi Harbour Town,QLD,2027-06-07,FY 2027,forecast,12232.22,9785.78,14678.67,1.0,14.908,820.51,151.36,-773.18,20.3,0.13,27.1,0,,nan,nan,DOW-Flat (new<21d)
Yo-Chi Harbour Town,QLD,2027-06-08,FY 2027,forecast,12133.06,9706.45,14559.67,1.0,14.908,813.86,94.7,-588.55,20.7,0.1,30.0,0,,nan,nan,DOW-Flat (new<21d)
Yo-Chi Harbour Town,QLD,2027-06-09,FY 2027,forecast,13775.05,11020.04,16530.06,1.0,14.908,924.0,183.41,-591.7,19.7,0.73,40.5,0,,nan,nan,DOW-Flat (new<21d)
Yo-Chi Harbour Town,QLD,2027-06-10,FY 2027,forecast,14598.96,11679.17,17518.76,1.0,14.908,979.27,136.14,-735.9,19.6,0.85,32.6,0,,nan,nan,DOW-Flat (new<21d)
Yo-Chi Harbour Town,QLD,2027-06-11,FY 2027,forecast,17280.4,13824.32,20736.49,1.0,14.908,1159.13,90.94,-793.47,20.0,0.52,29.5,0,,nan,nan,DOW-Flat (new<21d)
Yo-Chi Harbour Town,QLD,2027-06-12,FY 2027,forecast,18420.12,14736.1,22104.14,1.0,14.908,1235.58,23.03,-830.02,20.6,0.25,31.6,0,,nan,nan,DOW-Flat (new<21d)
Yo-Chi Harbour Town,QLD,2027-06-13,FY 2027,forecast,22429.5,17943.6,26915.4,1.0,14.908,1504.52,23.03,-1177.09,20.6,0.43,28.9,0,,nan,nan,DOW-Flat (new<21d)
Yo-Chi Harbour Town,QLD,2027-06-14,FY 2027,forecast,12232.22,9785.78,14678.67,1.0,14.908,820.51,151.36,-773.18,21.5,2.15,28.4,0,,nan,nan,DOW-Flat (new<21d)
Yo-Chi Harbour Town,QLD,2027-06-15,FY 2027,forecast,12133.06,9706.45,14559.67,1.0,14.908,813.86,94.7,-588.55,21.3,1.75,25.5,0,,nan,nan,DOW-Flat (new<21d)
Yo-Chi Harbour Town,QLD,2027-06-16,FY 2027,forecast,13775.05,11020.04,16530.06,1.0,14.908,924.0,183.41,-591.7,21.3,0.18,25.9,0,,nan,nan,DOW-Flat (new<21d)
Yo-Chi Harbour Town,QLD,2027-06-17,FY 2027,forecast,14598.96,11679.17,17518.76,1.0,14.908,979.27,136.14,-735.9,20.6,0.23,28.8,0,,nan,nan,DOW-Flat (new<21d)
Yo-Chi Harbour Town,QLD,2027-06-18,FY 2027,forecast,17280.4,13824.32,20736.49,1.0,14.908,1159.13,90.94,-793.47,20.8,0.35,31.9,0,,nan,nan,DOW-Flat (new<21d)
Yo-Chi Harbour Town,QLD,2027-06-19,FY 2027,forecast,18420.12,14736.1,22104.14,1.0,14.908,1235.58,23.03,-830.02,20.4,0.1,33.4,0,,nan,nan,DOW-Flat (new<21d)
Yo-Chi Harbour Town,QLD,2027-06-20,FY 2027,forecast,22429.5,17943.6,26915.4,1.0,14.908,1504.52,23.03,-1177.09,20.5,0.12,26.5,0,,nan,nan,DOW-Flat (new<21d)
Yo-Chi Harbour Town,QLD,2027-06-21,FY 2027,forecast,12232.22,9785.78,14678.67,1.0,14.908,820.51,151.36,-773.18,21.2,0.15,26.5,0,,nan,nan,DOW-Flat (new<21d)
Yo-Chi Harbour Town,QLD,2027-06-22,FY 2027,forecast,12133.06,9706.45,14559.67,1.0,14.908,813.86,94.7,-588.55,20.8,0.3,29.3,0,,nan,nan,DOW-Flat (new<21d)
Yo-Chi Harbour Town,QLD,2027-06-23,FY 2027,forecast,13775.05,11020.04,16530.06,1.0,14.908,924.0,183.41,-591.7,21.0,1.12,32.6,0,,nan,nan,DOW-Flat (new<21d)
Yo-Chi Harbour Town,QLD,2027-06-24,FY 2027,forecast,14598.96,11679.17,17518.76,1.0,14.908,979.27,136.14,-735.9,21.7,0.33,27.8,0,,nan,nan,DOW-Flat (new<21d)
Yo-Chi Harbour Town,QLD,2027-06-25,FY 2027,forecast,17280.4,13824.32,20736.49,1.0,14.908,1159.13,90.94,-793.47,21.7,2.43,27.2,0,,nan,nan,DOW-Flat (new<21d)
Yo-Chi Harbour Town,QLD,2027-06-26,FY 2027,forecast,18420.12,14736.1,22104.14,1.0,14.908,1235.58,23.03,-830.02,21.0,0.82,27.4,0,,nan,nan,DOW-Flat (new<21d)
Yo-Chi Harbour Town,QLD,2027-06-27,FY 2027,forecast,22429.5,17943.6,26915.4,1.0,14.908,1504.52,23.03,-1177.09,21.6,0.25,27.3,0,,nan,nan,DOW-Flat (new<21d)
Yo-Chi Harbour Town,QLD,2027-06-28,FY 2027,forecast,12232.22,9785.78,14678.67,1.0,14.908,820.51,151.36,-773.18,20.6,0.65,27.0,0,,nan,nan,DOW-Flat (new<21d)
Yo-Chi Harbour Town,QLD,2027-06-29,FY 2027,forecast,12133.06,9706.45,14559.67,1.0,14.908,813.86,94.7,-588.55,20.2,1.88,28.4,0,,nan,nan,DOW-Flat (new<21d)
Yo-Chi Harbour Town,QLD,2027-06-30,FY 2027,forecast,13775.05,11020.04,16530.06,1.0,14.908,924.0,183.41,-591.7,20.3,4.87,28.7,0,,nan,nan,DOW-Flat (new<21d)
Yo-Chi Harbour Town,QLD,2027-07-01,FY 2028,forecast,13775.05,11020.04,16530.06,1.0,14.908,924.0,183.41,-591.7,,,,0,,nan,nan,DOW-Flat (new<21d)
Yo-Chi Kawana Waters,QLD,2025-07-01,FY 2026,actual,0.0,,,,,,0.0,-0.0,18.2,0.3,44.6,0,,nan,nan,
Yo-Chi Kawana Waters,QLD,2025-07-02,FY 2026,actual,0.0,,,,,,0.0,-0.0,16.9,0.0,67.7,0,,nan,nan,
Yo-Chi Kawana Waters,QLD,2025-07-03,FY 2026,actual,0.0,,,,,,0.0,-0.0,18.5,0.0,66.2,0,,nan,nan,
Yo-Chi Kawana Waters,QLD,2025-07-04,FY 2026,actual,0.0,,,,,,0.0,-0.0,19.3,0.0,43.6,0,,nan,nan,
Yo-Chi Kawana Waters,QLD,2025-07-05,FY 2026,actual,0.0,,,,,,0.0,-0.0,21.0,0.0,25.9,0,,nan,nan,
Yo-Chi Kawana Waters,QLD,2025-07-06,FY 2026,actual,0.0,,,,,,0.0,-0.0,22.9,3.2,27.7,0,,nan,nan,
Yo-Chi Kawana Waters,QLD,2025-07-07,FY 2026,actual,0.0,,,,,,0.0,-0.0,20.2,4.1,32.4,0,,nan,nan,
Yo-Chi Kawana Waters,QLD,2025-07-08,FY 2026,actual,0.0,,,,,,0.0,-0.0,20.8,0.0,25.2,0,,nan,nan,
Yo-Chi Kawana Waters,QLD,2025-07-09,FY 2026,actual,0.0,,,,,,0.0,-0.0,23.9,0.0,20.5,0,,nan,nan,
Yo-Chi Kawana Waters,QLD,2025-07-10,FY 2026,actual,0.0,,,,,,0.0,-0.0,22.0,0.2,42.1,0,,nan,nan,
Yo-Chi Kawana Waters,QLD,2025-07-11,FY 2026,actual,0.0,,,,,,0.0,-0.0,19.3,0.0,43.2,0,,nan,nan,
Yo-Chi Kawana Waters,QLD,2025-07-12,FY 2026,actual,0.0,,,,,,0.0,-0.0,19.5,0.0,29.5,0,,nan,nan,
Yo-Chi Kawana Waters,QLD,2025-07-13,FY 2026,actual,0.0,,,,,,0.0,-0.0,20.5,0.0,20.5,0,,nan,nan,
Yo-Chi Kawana Waters,QLD,2025-07-14,FY 2026,actual,0.0,,,,,,0.0,-0.0,21.6,0.0,29.5,0,,nan,nan,
Yo-Chi Kawana Waters,QLD,2025-07-15,FY 2026,actual,0.0,,,,,,0.0,-0.0,21.9,0.0,22.3,0,,nan,nan,
Yo-Chi Kawana Waters,QLD,2025-07-16,FY 2026,actual,0.0,,,,,,0.0,-0.0,21.5,0.0,19.1,0,,nan,nan,
Yo-Chi Kawana Waters,QLD,2025-07-17,FY 2026,actual,0.0,,,,,,0.0,-0.0,21.5,0.8,22.0,0,,nan,nan,
Yo-Chi Kawana Waters,QLD,2025-07-18,FY 2026,actual,0.0,,,,,,0.0,-0.0,19.5,15.1,34.6,0,,nan,nan,
Yo-Chi Kawana Waters,QLD,2025-07-19,FY 2026,actual,0.0,,,,,,0.0,-0.0,20.0,0.0,29.5,0,,nan,nan,
Yo-Chi Kawana Waters,QLD,2025-07-20,FY 2026,actual,0.0,,,,,,0.0,-0.0,20.7,0.1,28.1,0,,nan,nan,
Yo-Chi Kawana Waters,QLD,2025-07-21,FY 2026,actual,0.0,,,,,,0.0,-0.0,20.4,0.1,31.7,0,,nan,nan,
Yo-Chi Kawana Waters,QLD,2025-07-22,FY 2026,actual,0.0,,,,,,0.0,-0.0,21.2,0.0,22.3,0,,nan,nan,
Yo-Chi Kawana Waters,QLD,2025-07-23,FY 2026,actual,0.0,,,,,,0.0,-0.0,21.6,8.7,32.0,0,,nan,nan,
Yo-Chi Kawana Waters,QLD,2025-07-24,FY 2026,actual,0.0,,,,,,0.0,-0.0,18.4,0.0,41.4,0,,nan,nan,
Yo-Chi Kawana Waters,QLD,2025-07-25,FY 2026,actual,0.0,,,,,,0.0,-0.0,19.1,0.0,24.8,0,,nan,nan,
Yo-Chi Kawana Waters,QLD,2025-07-26,FY 2026,actual,0.0,,,,,,0.0,-0.0,20.4,18.3,29.5,0,,nan,nan,
Yo-Chi Kawana Waters,QLD,2025-07-27,FY 2026,actual,0.0,,,,,,0.0,-0.0,19.8,1.4,41.8,0,,nan,nan,
Yo-Chi Kawana Waters,QLD,2025-07-28,FY 2026,actual,0.0,,,,,,0.0,-0.0,18.5,0.0,50.0,0,,nan,nan,
Yo-Chi Kawana Waters,QLD,2025-07-29,FY 2026,actual,0.0,,,,,,0.0,-0.0,19.4,0.0,23.8,0,,nan,nan,
Yo-Chi Kawana Waters,QLD,2025-07-30,FY 2026,actual,0.0,,,,,,0.0,-0.0,23.6,2.6,45.7,0,,nan,nan,
Yo-Chi Kawana Waters,QLD,2025-07-31,FY 2026,actual,0.0,,,,,,0.0,-0.0,18.5,0.0,43.9,0,,nan,nan,
Yo-Chi Kawana Waters,QLD,2025-08-01,FY 2026,actual,0.0,,,,,,0.0,-0.0,18.5,1.5,25.6,0,,nan,nan,
Yo-Chi Kawana Waters,QLD,2025-08-02,FY 2026,actual,0.0,,,,,,0.0,-0.0,16.9,0.9,47.5,0,,nan,nan,
Yo-Chi Kawana Waters,QLD,2025-08-03,FY 2026,actual,0.0,,,,,,0.0,-0.0,20.4,1.0,54.7,0,,nan,nan,
Yo-Chi Kawana Waters,QLD,2025-08-04,FY 2026,actual,0.0,,,,,,0.0,-0.0,21.9,0.0,38.5,0,,nan,nan,
Yo-Chi Kawana Waters,QLD,2025-08-05,FY 2026,actual,0.0,,,,,,0.0,-0.0,23.1,0.0,31.0,0,,nan,nan,
Yo-Chi Kawana Waters,QLD,2025-08-06,FY 2026,actual,0.0,,,,,,0.0,-0.0,22.5,0.0,20.9,0,,nan,nan,
Yo-Chi Kawana Waters,QLD,2025-08-07,FY 2026,actual,0.0,,,,,,0.0,-0.0,21.2,0.0,35.6,0,,nan,nan,
Yo-Chi Kawana Waters,QLD,2025-08-08,FY 2026,actual,0.0,,,,,,0.0,-0.0,19.4,4.5,41.4,0,,nan,nan,
Yo-Chi Kawana Waters,QLD,2025-08-09,FY 2026,actual,0.0,,,,,,0.0,-0.0,19.3,2.7,44.6,0,,nan,nan,
Yo-Chi Kawana Waters,QLD,2025-08-10,FY 2026,actual,0.0,,,,,,0.0,-0.0,20.2,0.4,41.4,0,,nan,nan,
Yo-Chi Kawana Waters,QLD,2025-08-11,FY 2026,actual,0.0,,,,,,0.0,-0.0,20.1,0.2,31.3,0,,nan,nan,
Yo-Chi Kawana Waters,QLD,2025-08-12,FY 2026,actual,0.0,,,,,,0.0,-0.0,20.6,0.0,22.0,0,,nan,nan,
Yo-Chi Kawana Waters,QLD,2025-08-13,FY 2026,actual,0.0,,,,,,0.0,-0.0,19.4,1.3,22.7,0,The Royal Queensland Show,nan,nan,
Yo-Chi Kawana Waters,QLD,2025-08-14,FY 2026,actual,0.0,,,,,,0.0,-0.0,18.9,3.9,23.4,0,,nan,nan,
Yo-Chi Kawana Waters,QLD,2025-08-15,FY 2026,actual,0.0,,,,,,0.0,-0.0,20.4,0.5,26.3,0,,nan,nan,
Yo-Chi Kawana Waters,QLD,2025-08-16,FY 2026,actual,0.0,,,,,,0.0,-0.0,22.0,0.0,31.7,0,,nan,nan,
Yo-Chi Kawana Waters,QLD,2025-08-17,FY 2026,actual,0.0,,,,,,0.0,-0.0,20.1,0.0,31.7,0,,nan,nan,
Yo-Chi Kawana Waters,QLD,2025-08-18,FY 2026,actual,0.0,,,,,,0.0,-0.0,19.0,0.0,29.5,0,,nan,nan,
Yo-Chi Kawana Waters,QLD,2025-08-19,FY 2026,actual,0.0,,,,,,0.0,-0.0,16.5,2.6,28.4,0,,nan,nan,
Yo-Chi Kawana Waters,QLD,2025-08-20,FY 2026,actual,0.0,,,,,,0.0,-0.0,16.5,19.6,28.4,0,,nan,nan,
Yo-Chi Kawana Waters,QLD,2025-08-21,FY 2026,actual,0.0,,,,,,0.0,-0.0,20.1,12.2,33.1,0,,nan,nan,
Yo-Chi Kawana Waters,QLD,2025-08-22,FY 2026,actual,0.0,,,,,,0.0,-0.0,23.5,0.7,21.6,0,,nan,nan,
Yo-Chi Kawana Waters,QLD,2025-08-23,FY 2026,actual,0.0,,,,,,0.0,-0.0,23.4,0.0,37.1,0,,nan,nan,
Yo-Chi Kawana Waters,QLD,2025-08-24,FY 2026,actual,0.0,,,,,,0.0,-0.0,23.2,0.0,25.9,0,,nan,nan,
Yo-Chi Kawana Waters,QLD,2025-08-25,FY 2026,actual,0.0,,,,,,0.0,-0.0,22.5,0.1,29.9,0,,nan,nan,
Yo-Chi Kawana Waters,QLD,2025-08-26,FY 2026,actual,0.0,,,,,,0.0,-0.0,22.5,0.1,27.0,0,,nan,nan,
Yo-Chi Kawana Waters,QLD,2025-08-27,FY 2026,actual,0.0,,,,,,0.0,-0.0,26.4,0.0,35.3,0,,nan,nan,
Yo-Chi Kawana Waters,QLD,2025-08-28,FY 2026,actual,0.0,,,,,,0.0,-0.0,24.2,0.0,40.7,0,,nan,nan,
Yo-Chi Kawana Waters,QLD,2025-08-29,FY 2026,actual,0.0,,,,,,0.0,-0.0,23.0,0.0,37.1,0,,nan,nan,
Yo-Chi Kawana Waters,QLD,2025-08-30,FY 2026,actual,0.0,,,,,,0.0,-0.0,19.0,0.0,61.9,0,,nan,nan,
Yo-Chi Kawana Waters,QLD,2025-08-31,FY 2026,actual,0.0,,,,,,0.0,-0.0,21.4,0.0,32.8,0,,nan,nan,
Yo-Chi Kawana Waters,QLD,2025-09-01,FY 2026,actual,0.0,,,,,,0.0,-0.0,20.4,0.5,23.8,0,,nan,nan,
Yo-Chi Kawana Waters,QLD,2025-09-02,FY 2026,actual,0.0,,,,,,0.0,-0.0,22.0,3.6,26.6,0,,nan,nan,
Yo-Chi Kawana Waters,QLD,2025-09-03,FY 2026,actual,0.0,,,,,,0.0,-0.0,23.2,0.0,27.7,0,,nan,nan,
Yo-Chi Kawana Waters,QLD,2025-09-04,FY 2026,actual,0.0,,,,,,0.0,-0.0,23.5,0.0,19.8,0,,nan,nan,
Yo-Chi Kawana Waters,QLD,2025-09-05,FY 2026,actual,0.0,,,,,,0.0,-0.0,24.9,0.8,34.6,0,,nan,nan,
Yo-Chi Kawana Waters,QLD,2025-09-06,FY 2026,actual,0.0,,,,,,0.0,-0.0,21.0,0.4,40.0,0,,nan,nan,
Yo-Chi Kawana Waters,QLD,2025-09-07,FY 2026,actual,0.0,,,,,,0.0,-0.0,21.5,0.0,31.7,0,,nan,nan,
Yo-Chi Kawana Waters,QLD,2025-09-08,FY 2026,actual,0.0,,,,,,0.0,-0.0,23.4,0.0,33.8,0,,nan,nan,
Yo-Chi Kawana Waters,QLD,2025-09-09,FY 2026,actual,0.0,,,,,,0.0,-0.0,27.1,0.0,25.2,0,,nan,nan,
Yo-Chi Kawana Waters,QLD,2025-09-10,FY 2026,actual,0.0,,,,,,0.0,-0.0,27.4,0.0,30.6,0,,nan,nan,
Yo-Chi Kawana Waters,QLD,2025-09-11,FY 2026,actual,0.0,,,,,,0.0,-0.0,21.0,0.2,57.2,0,,nan,nan,
Yo-Chi Kawana Waters,QLD,2025-09-12,FY 2026,actual,0.0,,,,,,0.0,-0.0,22.8,0.4,30.6,0,,nan,nan,
Yo-Chi Kawana Waters,QLD,2025-09-13,FY 2026,actual,0.0,,,,,,0.0,-0.0,21.0,1.0,32.0,0,,nan,nan,
Yo-Chi Kawana Waters,QLD,2025-09-14,FY 2026,actual,0.0,,,,,,0.0,-0.0,22.4,0.1,26.6,0,,nan,nan,
Yo-Chi Kawana Waters,QLD,2025-09-15,FY 2026,actual,0.0,,,,,,0.0,-0.0,22.9,0.0,30.2,0,,nan,nan,
Yo-Chi Kawana Waters,QLD,2025-09-16,FY 2026,actual,0.0,,,,,,0.0,-0.0,23.5,0.0,35.3,0,,nan,nan,
Yo-Chi Kawana Waters,QLD,2025-09-17,FY 2026,actual,0.0,,,,,,0.0,-0.0,28.5,0.1,28.1,0,,nan,nan,
Yo-Chi Kawana Waters,QLD,2025-09-18,FY 2026,actual,0.0,,,,,,0.0,-0.0,27.7,0.0,34.9,0,,nan,nan,
Yo-Chi Kawana Waters,QLD,2025-09-19,FY 2026,actual,0.0,,,,,,0.0,-0.0,26.8,0.2,34.6,0,,nan,nan,
Yo-Chi Kawana Waters,QLD,2025-09-20,FY 2026,actual,0.0,,,,,,0.0,-0.0,23.7,0.2,36.0,0,,nan,nan,
Yo-Chi Kawana Waters,QLD,2025-09-21,FY 2026,actual,0.0,,,,,,0.0,-0.0,26.3,0.0,36.4,0,,nan,nan,
Yo-Chi Kawana Waters,QLD,2025-09-22,FY 2026,actual,0.0,,,,,,0.0,-0.0,28.8,0.0,27.7,0,,nan,nan,
Yo-Chi Kawana Waters,QLD,2025-09-23,FY 2026,actual,0.0,,,,,,0.0,-0.0,23.9,0.2,43.6,0,,nan,nan,
Yo-Chi Kawana Waters,QLD,2025-09-24,FY 2026,actual,0.0,,,,,,0.0,-0.0,25.0,0.0,29.5,0,,nan,nan,
Yo-Chi Kawana Waters,QLD,2025-09-25,FY 2026,actual,0.0,,,,,,0.0,-0.0,27.7,0.0,30.6,0,,nan,nan,
Yo-Chi Kawana Waters,QLD,2025-09-26,FY 2026,actual,0.0,,,,,,0.0,-0.0,27.6,0.0,34.2,0,,nan,nan,
Yo-Chi Kawana Waters,QLD,2025-09-27,FY 2026,actual,0.0,,,,,,0.0,-0.0,27.2,0.0,38.5,0,,nan,nan,
Yo-Chi Kawana Waters,QLD,2025-09-28,FY 2026,actual,0.0,,,,,,0.0,-0.0,29.0,0.0,36.0,0,,nan,nan,
Yo-Chi Kawana Waters,QLD,2025-09-29,FY 2026,actual,0.0,,,,,,0.0,-0.0,30.9,0.0,35.3,0,,nan,nan,
Yo-Chi Kawana Waters,QLD,2025-09-30,FY 2026,actual,0.0,,,,,,0.0,-0.0,27.6,0.1,36.0,0,,nan,nan,
Yo-Chi Kawana Waters,QLD,2025-10-01,FY 2026,actual,0.0,,,,,,0.0,-0.0,28.5,0.2,32.8,0,,nan,nan,
Yo-Chi Kawana Waters,QLD,2025-10-02,FY 2026,actual,0.0,,,,,,0.0,-0.0,32.8,0.0,36.4,0,,nan,nan,
Yo-Chi Kawana Waters,QLD,2025-10-03,FY 2026,actual,0.0,,,,,,0.0,-0.0,28.6,0.0,40.7,0,,nan,nan,
Yo-Chi Kawana Waters,QLD,2025-10-04,FY 2026,actual,0.0,,,,,,0.0,-0.0,26.5,0.0,39.2,0,,nan,nan,
Yo-Chi Kawana Waters,QLD,2025-10-05,FY 2026,actual,0.0,,,,,,0.0,-0.0,28.0,0.0,34.6,0,,nan,nan,
Yo-Chi Kawana Waters,QLD,2025-10-06,FY 2026,actual,0.0,,,,,,0.0,-0.0,32.2,0.0,38.5,0,King's Birthday,nan,nan,
Yo-Chi Kawana Waters,QLD,2025-10-07,FY 2026,actual,0.0,,,,,,0.0,-0.0,32.5,0.0,36.7,0,,nan,nan,
Yo-Chi Kawana Waters,QLD,2025-10-08,FY 2026,actual,0.0,,,,,,0.0,-0.0,30.6,0.0,40.7,0,,nan,nan,
Yo-Chi Kawana Waters,QLD,2025-10-09,FY 2026,actual,0.0,,,,,,0.0,-0.0,30.4,0.0,47.5,0,,nan,nan,
Yo-Chi Kawana Waters,QLD,2025-10-10,FY 2026,actual,0.0,,,,,,0.0,-0.0,29.4,0.0,40.7,0,,nan,nan,
Yo-Chi Kawana Waters,QLD,2025-10-11,FY 2026,actual,0.0,,,,,,0.0,-0.0,32.8,0.0,41.0,0,,nan,nan,
Yo-Chi Kawana Waters,QLD,2025-10-12,FY 2026,actual,0.0,,,,,,0.0,-0.0,33.2,1.6,33.8,0,,nan,nan,
Yo-Chi Kawana Waters,QLD,2025-10-13,FY 2026,actual,0.0,,,,,,0.0,-0.0,29.3,8.8,36.0,0,,nan,nan,
Yo-Chi Kawana Waters,QLD,2025-10-14,FY 2026,actual,0.0,,,,,,0.0,-0.0,25.9,2.6,33.1,0,,nan,nan,
Yo-Chi Kawana Waters,QLD,2025-10-15,FY 2026,actual,0.0,,,,,,0.0,-0.0,26.4,1.8,37.8,0,,nan,nan,
Yo-Chi Kawana Waters,QLD,2025-10-16,FY 2026,actual,0.0,,,,,,0.0,-0.0,26.0,0.0,33.1,0,,nan,nan,
Yo-Chi Kawana Waters,QLD,2025-10-17,FY 2026,actual,0.0,,,,,,0.0,-0.0,27.5,0.0,38.2,0,,nan,nan,
Yo-Chi Kawana Waters,QLD,2025-10-18,FY 2026,actual,0.0,,,,,,0.0,-0.0,33.2,3.3,38.5,0,,nan,nan,
Yo-Chi Kawana Waters,QLD,2025-10-19,FY 2026,actual,0.0,,,,,,0.0,-0.0,28.2,0.6,40.7,0,,nan,nan,
Yo-Chi Kawana Waters,QLD,2025-10-20,FY 2026,actual,0.0,,,,,,0.0,-0.0,28.8,0.0,33.1,0,,nan,nan,
Yo-Chi Kawana Waters,QLD,2025-10-21,FY 2026,actual,0.0,,,,,,0.0,-0.0,31.0,0.0,34.6,0,,nan,nan,
Yo-Chi Kawana Waters,QLD,2025-10-22,FY 2026,actual,0.0,,,,,,0.0,-0.0,29.5,0.0,39.6,0,,nan,nan,
Yo-Chi Kawana Waters,QLD,2025-10-23,FY 2026,actual,0.0,,,,,,0.0,-0.0,34.7,1.2,42.1,0,,nan,nan,
Yo-Chi Kawana Waters,QLD,2025-10-24,FY 2026,actual,0.0,,,,,,0.0,-0.0,32.7,0.0,40.7,0,,nan,nan,
Yo-Chi Kawana Waters,QLD,2025-10-25,FY 2026,actual,0.0,,,,,,0.0,-0.0,27.9,0.0,36.4,0,,nan,nan,
Yo-Chi Kawana Waters,QLD,2025-10-26,FY 2026,actual,0.0,,,,,,0.0,-0.0,31.5,13.4,42.5,0,,nan,nan,
Yo-Chi Kawana Waters,QLD,2025-10-27,FY 2026,actual,0.0,,,,,,0.0,-0.0,35.4,0.0,52.9,0,,nan,nan,
Yo-Chi Kawana Waters,QLD,2025-10-28,FY 2026,actual,0.0,,,,,,0.0,-0.0,22.1,32.6,38.9,0,,nan,nan,
Yo-Chi Kawana Waters,QLD,2025-10-29,FY 2026,actual,0.0,,,,,,0.0,-0.0,25.3,4.1,32.4,0,,nan,nan,
Yo-Chi Kawana Waters,QLD,2025-10-30,FY 2026,actual,0.0,,,,,,0.0,-0.0,26.2,44.0,31.3,0,,nan,nan,
Yo-Chi Kawana Waters,QLD,2025-10-31,FY 2026,actual,0.0,,,,,,0.0,-0.0,28.1,20.1,37.4,0,,nan,nan,
Yo-Chi Kawana Waters,QLD,2025-11-01,FY 2026,actual,0.0,,,,,,0.0,-0.0,29.6,13.6,37.4,0,,nan,nan,
Yo-Chi Kawana Waters,QLD,2025-11-02,FY 2026,actual,0.0,,,,,,0.0,-0.0,28.5,0.6,43.2,0,,nan,nan,
Yo-Chi Kawana Waters,QLD,2025-11-03,FY 2026,actual,0.0,,,,,,0.0,-0.0,30.1,15.4,45.0,0,,nan,nan,
Yo-Chi Kawana Waters,QLD,2025-11-04,FY 2026,actual,0.0,,,,,,0.0,-0.0,28.2,13.7,37.4,0,,nan,nan,
Yo-Chi Kawana Waters,QLD,2025-11-05,FY 2026,actual,0.0,,,,,,0.0,-0.0,28.4,0.0,39.6,0,,nan,nan,
Yo-Chi Kawana Waters,QLD,2025-11-06,FY 2026,actual,0.0,,,,,,0.0,-0.0,25.6,0.8,31.3,0,,nan,nan,
Yo-Chi Kawana Waters,QLD,2025-11-07,FY 2026,actual,0.0,,,,,,0.0,-0.0,26.2,0.0,28.1,0,,nan,nan,
Yo-Chi Kawana Waters,QLD,2025-11-08,FY 2026,actual,0.0,,,,,,0.0,-0.0,29.6,8.6,36.0,0,,nan,nan,
Yo-Chi Kawana Waters,QLD,2025-11-09,FY 2026,actual,0.0,,,,,,0.0,-0.0,26.4,2.2,25.9,0,,nan,nan,
Yo-Chi Kawana Waters,QLD,2025-11-10,FY 2026,actual,0.0,,,,,,0.0,-0.0,23.0,15.5,32.0,0,,nan,nan,
Yo-Chi Kawana Waters,QLD,2025-11-11,FY 2026,actual,0.0,,,,,,0.0,-0.0,27.0,0.0,34.9,0,,nan,nan,
Yo-Chi Kawana Waters,QLD,2025-11-12,FY 2026,actual,0.0,,,,,,0.0,-0.0,24.4,0.0,36.0,0,,nan,nan,
Yo-Chi Kawana Waters,QLD,2025-11-13,FY 2026,actual,0.0,,,,,,0.0,-0.0,26.7,0.0,44.6,0,,nan,nan,
Yo-Chi Kawana Waters,QLD,2025-11-14,FY 2026,actual,0.0,,,,,,0.0,-0.0,26.2,24.6,48.2,0,,nan,nan,
Yo-Chi Kawana Waters,QLD,2025-11-15,FY 2026,actual,0.0,,,,,,0.0,-0.0,30.1,33.2,34.6,0,,nan,nan,
Yo-Chi Kawana Waters,QLD,2025-11-16,FY 2026,actual,0.0,,,,,,0.0,-0.0,25.4,19.3,34.2,0,,nan,nan,
Yo-Chi Kawana Waters,QLD,2025-11-17,FY 2026,actual,0.0,,,,,,0.0,-0.0,31.4,0.0,45.4,0,,nan,nan,
Yo-Chi Kawana Waters,QLD,2025-11-18,FY 2026,actual,0.0,,,,,,0.0,-0.0,25.8,0.3,38.9,0,,nan,nan,
Yo-Chi Kawana Waters,QLD,2025-11-19,FY 2026,actual,0.0,,,,,,0.0,-0.0,27.0,0.0,34.2,0,,nan,nan,
Yo-Chi Kawana Waters,QLD,2025-11-20,FY 2026,actual,0.0,,,,,,0.0,-0.0,28.2,0.0,31.3,0,,nan,nan,
Yo-Chi Kawana Waters,QLD,2025-11-21,FY 2026,actual,0.0,,,,,,0.0,-0.0,28.6,6.4,37.1,0,,nan,nan,
Yo-Chi Kawana Waters,QLD,2025-11-22,FY 2026,actual,0.0,,,,,,0.0,-0.0,27.8,2.6,31.7,0,,nan,nan,
Yo-Chi Kawana Waters,QLD,2025-11-23,FY 2026,actual,0.0,,,,,,0.0,-0.0,28.5,12.9,28.1,0,,nan,nan,
Yo-Chi Kawana Waters,QLD,2025-11-24,FY 2026,actual,0.0,,,,,,0.0,-0.0,33.8,7.0,37.4,0,,nan,nan,
Yo-Chi Kawana Waters,QLD,2025-11-25,FY 2026,actual,0.0,,,,,,0.0,-0.0,30.0,2.0,33.5,0,,nan,nan,
Yo-Chi Kawana Waters,QLD,2025-11-26,FY 2026,actual,0.0,,,,,,0.0,-0.0,31.2,19.2,36.0,0,,nan,nan,
Yo-Chi Kawana Waters,QLD,2025-11-27,FY 2026,actual,0.0,,,,,,0.0,-0.0,33.8,6.6,32.8,0,,nan,nan,
Yo-Chi Kawana Waters,QLD,2025-11-28,FY 2026,actual,0.0,,,,,,0.0,-0.0,32.2,0.0,33.5,0,,nan,nan,
Yo-Chi Kawana Waters,QLD,2025-11-29,FY 2026,actual,0.0,,,,,,0.0,-0.0,30.4,3.9,43.9,0,,nan,nan,
Yo-Chi Kawana Waters,QLD,2025-11-30,FY 2026,actual,0.0,,,,,,0.0,-0.0,30.3,0.1,31.0,0,,nan,nan,
Yo-Chi Kawana Waters,QLD,2025-12-01,FY 2026,actual,0.0,,,,,,0.0,-0.0,29.6,0.0,43.2,0,,nan,nan,
Yo-Chi Kawana Waters,QLD,2025-12-02,FY 2026,actual,0.0,,,,,,0.0,-0.0,26.8,0.0,45.4,0,,nan,nan,
Yo-Chi Kawana Waters,QLD,2025-12-03,FY 2026,actual,0.0,,,,,,0.0,-0.0,27.0,0.0,34.9,0,,nan,nan,
Yo-Chi Kawana Waters,QLD,2025-12-04,FY 2026,actual,0.0,,,,,,0.0,-0.0,27.3,0.0,33.8,0,,nan,nan,
Yo-Chi Kawana Waters,QLD,2025-12-05,FY 2026,actual,0.0,,,,,,0.0,-0.0,27.5,0.0,34.2,0,,nan,nan,
Yo-Chi Kawana Waters,QLD,2025-12-06,FY 2026,actual,0.0,,,,,,0.0,-0.0,29.0,0.0,38.2,0,,nan,nan,
Yo-Chi Kawana Waters,QLD,2025-12-07,FY 2026,actual,0.0,,,,,,0.0,-0.0,30.5,5.6,38.9,0,,nan,nan,
Yo-Chi Kawana Waters,QLD,2025-12-08,FY 2026,actual,0.0,,,,,,0.0,-0.0,27.6,25.7,30.6,0,,nan,nan,
Yo-Chi Kawana Waters,QLD,2025-12-09,FY 2026,actual,0.0,,,,,,0.0,-0.0,29.5,0.2,29.9,0,,nan,nan,
Yo-Chi Kawana Waters,QLD,2025-12-10,FY 2026,actual,0.0,,,,,,0.0,-0.0,30.4,0.0,35.6,0,,nan,nan,
Yo-Chi Kawana Waters,QLD,2025-12-11,FY 2026,actual,0.0,,,,,,0.0,-0.0,28.9,0.0,32.8,0,,nan,nan,
Yo-Chi Kawana Waters,QLD,2025-12-12,FY 2026,actual,0.0,,,,,,0.0,-0.0,26.1,6.5,30.6,0,,nan,nan,
Yo-Chi Kawana Waters,QLD,2025-12-13,FY 2026,actual,0.0,,,,,,0.0,-0.0,29.1,6.1,31.0,0,,nan,nan,
Yo-Chi Kawana Waters,QLD,2025-12-14,FY 2026,actual,0.0,,,,,,0.0,-0.0,30.2,1.3,33.5,0,,nan,nan,
Yo-Chi Kawana Waters,QLD,2025-12-15,FY 2026,actual,0.0,,,,,,0.0,-0.0,34.3,4.8,40.7,0,,nan,nan,
Yo-Chi Kawana Waters,QLD,2025-12-16,FY 2026,actual,0.0,,,,,,0.0,-0.0,26.1,3.4,49.7,0,,nan,nan,
Yo-Chi Kawana Waters,QLD,2025-12-17,FY 2026,actual,0.0,,,,,,0.0,-0.0,26.0,0.3,39.2,0,,nan,nan,
Yo-Chi Kawana Waters,QLD,2025-12-18,FY 2026,actual,0.0,,,,,,0.0,-0.0,28.2,0.0,33.8,0,,nan,nan,
Yo-Chi Kawana Waters,QLD,2025-12-19,FY 2026,actual,0.0,,,,,,0.0,-0.0,30.6,0.0,35.3,0,,nan,nan,
Yo-Chi Kawana Waters,QLD,2025-12-20,FY 2026,actual,0.0,,,,,,0.0,-0.0,31.8,0.0,40.3,0,,nan,nan,
Yo-Chi Kawana Waters,QLD,2025-12-21,FY 2026,actual,0.0,,,,,,0.0,-0.0,33.4,0.0,42.1,0,,nan,nan,
Yo-Chi Kawana Waters,QLD,2025-12-22,FY 2026,actual,0.0,,,,,,0.0,-0.0,35.7,0.7,42.5,0,,nan,nan,
Yo-Chi Kawana Waters,QLD,2025-12-23,FY 2026,actual,0.0,,,,,,0.0,-0.0,30.5,9.9,33.5,0,,nan,nan,
Yo-Chi Kawana Waters,QLD,2025-12-24,FY 2026,actual,0.0,,,,,,0.0,-0.0,30.4,15.0,29.5,0,,nan,nan,
Yo-Chi Kawana Waters,QLD,2025-12-25,FY 2026,actual,0.0,,,,,,0.0,-0.0,33.7,3.0,37.4,0,Christmas Day,nan,nan,
Yo-Chi Kawana Waters,QLD,2025-12-26,FY 2026,actual,0.0,,,,,,0.0,-0.0,27.7,2.8,37.8,0,Boxing Day,nan,nan,
Yo-Chi Kawana Waters,QLD,2025-12-27,FY 2026,actual,0.0,,,,,,0.0,-0.0,24.6,0.3,42.8,0,,nan,nan,
Yo-Chi Kawana Waters,QLD,2025-12-28,FY 2026,actual,0.0,,,,,,0.0,-0.0,25.4,1.9,33.8,0,,nan,nan,
Yo-Chi Kawana Waters,QLD,2025-12-29,FY 2026,actual,0.0,,,,,,0.0,-0.0,28.6,0.0,40.7,0,,nan,nan,
Yo-Chi Kawana Waters,QLD,2025-12-30,FY 2026,actual,0.0,,,,,,0.0,-0.0,28.4,0.0,40.3,0,,nan,nan,
Yo-Chi Kawana Waters,QLD,2025-12-31,FY 2026,actual,0.0,,,,,,0.0,-0.0,31.5,3.3,38.5,0,,nan,nan,
Yo-Chi Kawana Waters,QLD,2026-01-01,FY 2026,actual,0.0,,,,,,0.0,-0.0,28.8,3.8,31.3,0,New Year's Day,nan,nan,
Yo-Chi Kawana Waters,QLD,2026-01-02,FY 2026,actual,0.0,,,,,,0.0,-0.0,26.0,2.7,26.3,0,,nan,nan,
Yo-Chi Kawana Waters,QLD,2026-01-03,FY 2026,actual,0.0,,,,,,0.0,-0.0,26.6,17.4,30.6,0,,nan,nan,
Yo-Chi Kawana Waters,QLD,2026-01-04,FY 2026,actual,0.0,,,,,,0.0,-0.0,29.6,1.1,32.4,0,,nan,nan,
Yo-Chi Kawana Waters,QLD,2026-01-05,FY 2026,actual,0.0,,,,,,0.0,-0.0,29.4,2.8,33.5,0,,nan,nan,
Yo-Chi Kawana Waters,QLD,2026-01-06,FY 2026,actual,0.0,,,,,,0.0,-0.0,28.8,2.6,33.5,0,,nan,nan,
Yo-Chi Kawana Waters,QLD,2026-01-07,FY 2026,actual,0.0,,,,,,0.0,-0.0,29.0,0.5,39.6,0,,nan,nan,
Yo-Chi Kawana Waters,QLD,2026-01-08,FY 2026,actual,0.0,,,,,,0.0,-0.0,29.5,0.8,37.4,0,,nan,nan,
Yo-Chi Kawana Waters,QLD,2026-01-09,FY 2026,actual,0.0,,,,,,0.0,-0.0,29.6,0.2,38.9,0,,nan,nan,
Yo-Chi Kawana Waters,QLD,2026-01-10,FY 2026,actual,0.0,,,,,,0.0,-0.0,30.8,1.3,38.9,0,,nan,nan,
Yo-Chi Kawana Waters,QLD,2026-01-11,FY 2026,actual,0.0,,,,,,0.0,-0.0,31.9,0.3,32.0,0,,nan,nan,
Yo-Chi Kawana Waters,QLD,2026-01-12,FY 2026,actual,0.0,,,,,,0.0,-0.0,25.0,17.0,38.2,0,,nan,nan,
Yo-Chi Kawana Waters,QLD,2026-01-13,FY 2026,actual,0.0,,,,,,0.0,-0.0,30.4,1.2,33.5,0,,nan,nan,
Yo-Chi Kawana Waters,QLD,2026-01-14,FY 2026,actual,0.0,,,,,,0.0,-0.0,30.6,0.0,40.7,0,,nan,nan,
Yo-Chi Kawana Waters,QLD,2026-01-15,FY 2026,actual,0.0,,,,,,0.0,-0.0,30.4,0.0,34.2,0,,nan,nan,
Yo-Chi Kawana Waters,QLD,2026-01-16,FY 2026,actual,0.0,,,,,,0.0,-0.0,30.6,1.2,30.6,0,,nan,nan,
Yo-Chi Kawana Waters,QLD,2026-01-17,FY 2026,actual,0.0,,,,,,0.0,-0.0,31.0,14.8,34.9,0,,nan,nan,
Yo-Chi Kawana Waters,QLD,2026-01-18,FY 2026,actual,0.0,,,,,,0.0,-0.0,28.0,5.9,41.4,0,,nan,nan,
Yo-Chi Kawana Waters,QLD,2026-01-19,FY 2026,actual,0.0,,,,,,0.0,-0.0,27.9,2.5,48.6,0,,nan,nan,
Yo-Chi Kawana Waters,QLD,2026-01-20,FY 2026,actual,0.0,,,,,,0.0,-0.0,26.5,1.3,38.2,0,,nan,nan,
Yo-Chi Kawana Waters,QLD,2026-01-21,FY 2026,actual,0.0,,,,,,0.0,-0.0,27.9,0.2,31.7,0,,nan,nan,
Yo-Chi Kawana Waters,QLD,2026-01-22,FY 2026,actual,0.0,,,,,,0.0,-0.0,32.5,1.2,34.2,0,,nan,nan,
Yo-Chi Kawana Waters,QLD,2026-01-23,FY 2026,actual,0.0,,,,,,0.0,-0.0,29.1,21.6,38.9,0,,nan,nan,
Yo-Chi Kawana Waters,QLD,2026-01-24,FY 2026,actual,0.0,,,,,,0.0,-0.0,30.2,1.4,39.6,0,,nan,nan,
Yo-Chi Kawana Waters,QLD,2026-01-25,FY 2026,actual,0.0,,,,,,0.0,-0.0,35.5,2.5,41.8,0,,nan,nan,
Yo-Chi Kawana Waters,QLD,2026-01-26,FY 2026,actual,0.0,,,,,,0.0,-0.0,39.0,0.0,33.5,0,Australia Day,nan,nan,
Yo-Chi Kawana Waters,QLD,2026-01-27,FY 2026,actual,0.0,,,,,,0.0,-0.0,29.1,0.0,36.7,0,,nan,nan,
Yo-Chi Kawana Waters,QLD,2026-01-28,FY 2026,actual,0.0,,,,,,0.0,-0.0,31.5,0.0,34.6,0,,nan,nan,
Yo-Chi Kawana Waters,QLD,2026-01-29,FY 2026,actual,0.0,,,,,,0.0,-0.0,30.9,0.1,54.7,0,,nan,nan,
Yo-Chi Kawana Waters,QLD,2026-01-30,FY 2026,actual,0.0,,,,,,0.0,-0.0,30.4,0.0,44.6,0,,nan,nan,
Yo-Chi Kawana Waters,QLD,2026-01-31,FY 2026,actual,0.0,,,,,,0.0,-0.0,32.2,0.4,36.4,0,,nan,nan,
Yo-Chi Kawana Waters,QLD,2026-02-01,FY 2026,actual,0.0,,,,,,0.0,-0.0,34.1,0.0,37.4,0,,nan,nan,
Yo-Chi Kawana Waters,QLD,2026-02-02,FY 2026,actual,0.0,,,,,,0.0,-0.0,31.9,1.9,59.0,0,,nan,nan,
Yo-Chi Kawana Waters,QLD,2026-02-03,FY 2026,actual,0.0,,,,,,0.0,-0.0,25.4,0.0,47.5,0,,nan,nan,
Yo-Chi Kawana Waters,QLD,2026-02-04,FY 2026,actual,0.0,,,,,,0.0,-0.0,28.1,0.0,34.2,0,,nan,nan,
Yo-Chi Kawana Waters,QLD,2026-02-05,FY 2026,actual,0.0,,,,,,0.0,-0.0,31.5,0.0,36.0,0,,nan,nan,
Yo-Chi Kawana Waters,QLD,2026-02-06,FY 2026,actual,0.0,,,,,,0.0,-0.0,30.5,0.0,37.8,0,,nan,nan,
Yo-Chi Kawana Waters,QLD,2026-02-07,FY 2026,actual,0.0,,,,,,0.0,-0.0,29.6,0.0,37.8,0,,nan,nan,
Yo-Chi Kawana Waters,QLD,2026-02-08,FY 2026,actual,0.0,,,,,,0.0,-0.0,30.2,0.2,36.7,0,,nan,nan,
Yo-Chi Kawana Waters,QLD,2026-02-09,FY 2026,actual,0.0,,,,,,0.0,-0.0,32.5,0.2,35.3,0,,nan,nan,
Yo-Chi Kawana Waters,QLD,2026-02-10,FY 2026,actual,0.0,,,,,,0.0,-0.0,32.8,12.9,34.2,0,,nan,nan,
Yo-Chi Kawana Waters,QLD,2026-02-11,FY 2026,actual,0.0,,,,,,0.0,-0.0,31.6,1.2,36.4,0,,nan,nan,
Yo-Chi Kawana Waters,QLD,2026-02-12,FY 2026,actual,0.0,,,,,,0.0,-0.0,35.7,2.4,40.7,0,,nan,nan,
Yo-Chi Kawana Waters,QLD,2026-02-13,FY 2026,actual,0.0,,,,,,0.0,-0.0,25.2,21.7,50.0,0,,nan,nan,
Yo-Chi Kawana Waters,QLD,2026-02-14,FY 2026,actual,0.0,,,,,,0.0,-0.0,24.7,9.0,45.0,0,,nan,nan,
Yo-Chi Kawana Waters,QLD,2026-02-15,FY 2026,actual,0.0,,,,,,0.0,-0.0,21.7,24.1,37.8,0,,nan,nan,
Yo-Chi Kawana Waters,QLD,2026-02-16,FY 2026,actual,0.0,,,,,,0.0,-0.0,25.4,0.5,48.6,0,,nan,nan,
Yo-Chi Kawana Waters,QLD,2026-02-17,FY 2026,actual,0.0,,,,,,0.0,-0.0,27.1,0.1,31.7,0,,nan,nan,
Yo-Chi Kawana Waters,QLD,2026-02-18,FY 2026,actual,0.0,,,,,,0.0,-0.0,29.2,0.0,28.4,0,,nan,nan,
Yo-Chi Kawana Waters,QLD,2026-02-19,FY 2026,actual,0.0,,,,,,0.0,-0.0,31.5,0.0,27.7,0,,nan,nan,
Yo-Chi Kawana Waters,QLD,2026-02-20,FY 2026,actual,0.0,,,,,,0.0,-0.0,29.0,0.1,32.8,0,,nan,nan,
Yo-Chi Kawana Waters,QLD,2026-02-21,FY 2026,actual,0.0,,,,,,0.0,-0.0,28.9,0.0,29.2,0,,nan,nan,
Yo-Chi Kawana Waters,QLD,2026-02-22,FY 2026,actual,0.0,,,,,,0.0,-0.0,27.8,0.6,35.3,0,,nan,nan,
Yo-Chi Kawana Waters,QLD,2026-02-23,FY 2026,actual,0.0,,,,,,0.0,-0.0,28.6,1.2,33.8,0,,nan,nan,
Yo-Chi Kawana Waters,QLD,2026-02-24,FY 2026,actual,0.0,,,,,,0.0,-0.0,28.0,2.0,36.7,0,,nan,nan,
Yo-Chi Kawana Waters,QLD,2026-02-25,FY 2026,actual,0.0,,,,,,0.0,-0.0,29.2,1.2,31.3,0,,nan,nan,
Yo-Chi Kawana Waters,QLD,2026-02-26,FY 2026,actual,0.0,,,,,,0.0,-0.0,28.0,8.1,52.6,0,,nan,nan,
Yo-Chi Kawana Waters,QLD,2026-02-27,FY 2026,actual,0.0,,,,,,0.0,-0.0,28.2,37.3,48.6,0,,nan,nan,
Yo-Chi Kawana Waters,QLD,2026-02-28,FY 2026,actual,0.0,,,,,,0.0,-0.0,28.1,3.0,46.4,0,,nan,nan,
Yo-Chi Kawana Waters,QLD,2026-03-01,FY 2026,actual,0.0,,,,,,0.0,-0.0,27.3,1.3,40.7,0,,nan,nan,
Yo-Chi Kawana Waters,QLD,2026-03-02,FY 2026,actual,0.0,,,,,,0.0,-0.0,27.0,0.5,34.2,0,,nan,nan,
Yo-Chi Kawana Waters,QLD,2026-03-03,FY 2026,actual,0.0,,,,,,0.0,-0.0,28.4,0.0,29.5,0,,nan,nan,
Yo-Chi Kawana Waters,QLD,2026-03-04,FY 2026,actual,0.0,,,,,,0.0,-0.0,28.4,0.7,29.2,0,,nan,nan,
Yo-Chi Kawana Waters,QLD,2026-03-05,FY 2026,actual,0.0,,,,,,0.0,-0.0,27.7,7.7,37.4,0,,nan,nan,
Yo-Chi Kawana Waters,QLD,2026-03-06,FY 2026,actual,0.0,,,,,,0.0,-0.0,29.5,7.6,37.1,0,,nan,nan,
Yo-Chi Kawana Waters,QLD,2026-03-07,FY 2026,actual,0.0,,,,,,0.0,-0.0,27.0,2.8,35.6,0,,nan,nan,
Yo-Chi Kawana Waters,QLD,2026-03-08,FY 2026,actual,0.0,,,,,,0.0,-0.0,24.0,65.8,35.3,1,,nan,nan,
Yo-Chi Kawana Waters,QLD,2026-03-09,FY 2026,actual,0.0,,,,,,0.0,-0.0,23.5,22.4,34.2,0,,nan,nan,
Yo-Chi Kawana Waters,QLD,2026-03-10,FY 2026,actual,0.0,,,,,,0.0,-0.0,28.9,0.2,38.5,0,,nan,nan,
Yo-Chi Kawana Waters,QLD,2026-03-11,FY 2026,actual,0.0,,,,,,0.0,-0.0,28.5,0.0,29.2,0,,nan,nan,
Yo-Chi Kawana Waters,QLD,2026-03-12,FY 2026,actual,0.0,,,,,,0.0,-0.0,32.3,0.0,22.0,0,,nan,nan,
Yo-Chi Kawana Waters,QLD,2026-03-13,FY 2026,actual,0.0,,,,,,0.0,-0.0,28.4,3.9,31.3,0,,nan,nan,
Yo-Chi Kawana Waters,QLD,2026-03-14,FY 2026,actual,13678.39,,,,12.5352,1091.2,60.0,-2148.05,25.6,0.1,52.2,0,,nan,nan,
Yo-Chi Kawana Waters,QLD,2026-03-15,FY 2026,actual,9974.56,,,,13.4428,742.0,24.55,-327.21,26.1,0.0,37.1,0,,nan,nan,
Yo-Chi Kawana Waters,QLD,2026-03-16,FY 2026,actual,5133.01,,,,12.9295,397.0,34.55,-153.65,26.0,0.9,33.1,0,,nan,nan,
Yo-Chi Kawana Waters,QLD,2026-03-17,FY 2026,actual,5441.34,,,,12.0651,451.0,25.91,-188.09,27.8,0.0,24.8,0,,nan,nan,
Yo-Chi Kawana Waters,QLD,2026-03-18,FY 2026,actual,5681.59,,,,12.8834,441.0,8.18,-157.45,27.0,1.6,31.7,0,,nan,nan,
Yo-Chi Kawana Waters,QLD,2026-03-19,FY 2026,actual,5965.99,,,,12.2757,486.0,9.09,-273.16,24.1,7.7,21.6,0,,nan,nan,
Yo-Chi Kawana Waters,QLD,2026-03-20,FY 2026,actual,8067.63,,,,13.6739,590.0,9.09,-388.86,26.8,2.1,32.8,0,,nan,nan,
Yo-Chi Kawana Waters,QLD,2026-03-21,FY 2026,actual,11834.98,,,,13.7937,858.0,25.45,-329.25,26.6,6.4,34.9,0,,nan,nan,
Yo-Chi Kawana Waters,QLD,2026-03-22,FY 2026,actual,9683.65,,,,14.6722,660.0,18.18,-236.82,26.5,5.7,38.9,0,,nan,nan,
Yo-Chi Kawana Waters,QLD,2026-03-23,FY 2026,actual,5495.5,,,,13.8426,397.0,8.18,-192.72,27.3,1.4,36.4,0,,nan,nan,
Yo-Chi Kawana Waters,QLD,2026-03-24,FY 2026,actual,0.0,,,,,,0.0,-0.0,27.0,0.7,43.2,0,,nan,nan,
Yo-Chi Kawana Waters,QLD,2026-03-25,FY 2026,actual,19234.79,,,,25.993,740.0,17.27,-5944.55,28.5,0.2,26.3,0,,nan,nan,
Yo-Chi Kawana Waters,QLD,2026-03-26,FY 2026,actual,5804.8,,,,12.9861,447.0,0.0,-263.97,31.5,0.0,29.9,0,,nan,nan,
Yo-Chi Kawana Waters,QLD,2026-03-27,FY 2026,actual,7765.09,,,,13.365,581.0,25.45,-428.89,28.0,0.0,60.1,0,,nan,nan,
Yo-Chi Kawana Waters,QLD,2026-03-28,FY 2026,actual,9483.6,,,,14.5009,654.0,24.55,-306.75,26.0,0.0,41.8,0,,nan,nan,
Yo-Chi Kawana Waters,QLD,2026-03-29,FY 2026,actual,9426.12,,,,14.2604,661.0,60.45,-463.08,27.4,0.0,33.1,0,,nan,nan,
Yo-Chi Kawana Waters,QLD,2026-03-30,FY 2026,actual,4791.71,,,,13.2368,362.0,16.36,-253.81,28.1,0.0,44.6,0,,nan,nan,
Yo-Chi Kawana Waters,QLD,2026-03-31,FY 2026,actual,4518.47,,,,13.1734,343.0,0.0,-148.02,24.4,3.9,37.8,0,,nan,nan,
Yo-Chi Kawana Waters,QLD,2026-04-01,FY 2026,actual,4681.39,,,,13.2243,354.0,9.09,-225.38,26.6,1.5,36.7,0,,nan,nan,
Yo-Chi Kawana Waters,QLD,2026-04-02,FY 2026,actual,6621.75,,,,13.4315,493.0,0.0,-282.02,26.4,0.3,33.5,0,,nan,nan,
Yo-Chi Kawana Waters,QLD,2026-04-03,FY 2026,actual,6859.08,,,,15.9143,431.0,8.18,-263.36,25.1,2.3,32.0,0,Good Friday,nan,nan,
Yo-Chi Kawana Waters,QLD,2026-04-04,FY 2026,actual,10890.97,,,,15.9225,684.0,8.18,-283.3,27.0,0.0,41.4,0,Easter Saturday,nan,nan,
Yo-Chi Kawana Waters,QLD,2026-04-05,FY 2026,actual,6903.63,,,,17.1306,403.0,0.0,-171.46,26.8,0.6,45.0,0,Easter Sunday,nan,nan,
Yo-Chi Kawana Waters,QLD,2026-04-06,FY 2026,actual,8893.0,,,,15.1499,587.0,8.64,-249.91,26.9,0.0,34.6,0,Easter Monday,nan,nan,
Yo-Chi Kawana Waters,QLD,2026-04-07,FY 2026,actual,7174.91,,,,13.5121,531.0,26.36,-173.36,30.4,0.0,30.2,0,,nan,nan,
Yo-Chi Kawana Waters,QLD,2026-04-08,FY 2026,actual,7239.85,,,,13.3823,541.0,0.0,-353.0,32.2,0.0,28.8,0,,nan,nan,
Yo-Chi Kawana Waters,QLD,2026-04-09,FY 2026,actual,8246.96,,,,14.6482,563.0,0.0,-330.43,30.1,0.0,32.8,0,,nan,nan,
Yo-Chi Kawana Waters,QLD,2026-04-10,FY 2026,actual,8816.1,,,,13.7967,639.0,0.0,-424.2,29.1,0.0,28.1,0,,nan,nan,
Yo-Chi Kawana Waters,QLD,2026-04-11,FY 2026,actual,10152.23,,,,15.0627,674.0,25.91,-278.25,32.2,0.0,29.5,0,,nan,nan,
Yo-Chi Kawana Waters,QLD,2026-04-12,FY 2026,actual,8165.33,,,,13.5412,603.0,8.64,-222.11,30.2,0.0,45.7,0,,nan,nan,
Yo-Chi Kawana Waters,QLD,2026-04-13,FY 2026,actual,6611.01,,,,13.8887,476.0,17.27,-284.51,27.6,0.0,30.6,0,,nan,nan,
Yo-Chi Kawana Waters,QLD,2026-04-14,FY 2026,actual,6743.57,,,,13.2747,508.0,17.27,-342.35,26.4,0.0,25.2,0,,nan,nan,
Yo-Chi Kawana Waters,QLD,2026-04-15,FY 2026,actual,6768.61,,,,13.4298,504.0,32.73,-305.17,28.6,0.0,34.2,0,,nan,nan,
Yo-Chi Kawana Waters,QLD,2026-04-16,FY 2026,actual,9472.9,,,,13.6694,693.0,8.18,-480.75,28.9,0.0,32.0,0,,nan,nan,
Yo-Chi Kawana Waters,QLD,2026-04-17,FY 2026,actual,8853.75,,,,13.5794,652.0,17.27,-398.35,30.3,0.0,28.8,0,,nan,nan,
Yo-Chi Kawana Waters,QLD,2026-04-18,FY 2026,actual,8918.54,,,,14.408,619.0,8.18,-425.34,29.1,0.1,39.6,0,,nan,nan,
Yo-Chi Kawana Waters,QLD,2026-04-19,FY 2026,actual,8177.57,,,,14.5508,562.0,8.18,-258.42,28.0,0.0,34.9,0,,nan,nan,
Yo-Chi Kawana Waters,QLD,2026-04-20,FY 2026,actual,5088.8,,,,13.2177,385.0,34.55,-292.13,27.3,0.0,32.4,0,,nan,nan,
Yo-Chi Kawana Waters,QLD,2026-04-21,FY 2026,actual,4485.46,,,,13.0391,344.0,8.64,-250.35,26.6,0.0,29.9,0,,nan,nan,
Yo-Chi Kawana Waters,QLD,2026-04-22,FY 2026,actual,5417.24,,,,12.7765,424.0,0.0,-190.41,24.9,0.6,33.1,0,,nan,nan,
Yo-Chi Kawana Waters,QLD,2026-04-23,FY 2026,actual,5717.11,,,,13.1428,435.0,0.0,-330.95,25.1,0.6,41.8,0,,nan,nan,
Yo-Chi Kawana Waters,QLD,2026-04-24,FY 2026,actual,7232.17,,,,14.0978,513.0,0.0,-341.2,24.9,3.3,47.9,0,,nan,nan,
Yo-Chi Kawana Waters,QLD,2026-04-25,FY 2026,actual,6818.03,,,,15.9673,427.0,0.0,-337.03,20.7,4.7,48.2,0,ANZAC Day,nan,nan,
Yo-Chi Kawana Waters,QLD,2026-04-26,FY 2026,actual,9124.86,,,,14.461,631.0,8.18,-451.15,22.5,1.3,43.6,0,,nan,nan,
Yo-Chi Kawana Waters,QLD,2026-04-27,FY 2026,actual,3623.98,,,,12.5833,288.0,167.73,-288.6,22.7,7.0,40.3,0,,nan,nan,
Yo-Chi Kawana Waters,QLD,2026-04-28,FY 2026,actual,4236.75,,,,13.1986,321.0,326.82,-254.69,22.5,1.2,34.2,0,,nan,nan,
Yo-Chi Kawana Waters,QLD,2026-04-29,FY 2026,actual,5172.02,,,,12.256,422.0,279.55,-293.7,24.2,0.7,40.3,0,,nan,nan,
Yo-Chi Kawana Waters,QLD,2026-04-30,FY 2026,actual,5564.62,,,,12.5612,443.0,334.55,-393.38,22.5,3.6,40.0,0,,nan,nan,
Yo-Chi Kawana Waters,QLD,2026-05-02,FY 2026,forecast,4915.7,4212.65,5677.68,1.0,13.9606,352.11,399.3,-448.84,24.3,2.5,42.8,0,,nan,nan,Prophet+Wx+Hol
Yo-Chi Kawana Waters,QLD,2026-05-03,FY 2026,forecast,4032.06,3324.07,4751.02,1.0,13.9606,288.82,447.6,-389.26,24.8,0.4,30.2,0,,nan,nan,Prophet+Wx+Hol
Yo-Chi Kawana Waters,QLD,2026-05-04,FY 2026,forecast,2211.14,1477.31,2975.48,1.0,13.9606,158.38,487.63,-382.13,25.5,1.5,21.2,0,Labour Day,nan,nan,Prophet+Wx+Hol
Yo-Chi Kawana Waters,QLD,2026-05-05,FY 2026,forecast,1402.98,748.96,2101.53,1.0,13.9606,100.5,536.48,-346.8,25.8,0.5,20.2,0,,nan,nan,Prophet+Wx+Hol
Yo-Chi Kawana Waters,QLD,2026-05-06,FY 2026,forecast,1957.08,1214.22,2706.66,1.0,13.9606,140.19,578.34,-579.44,24.8,4.7,25.9,0,,nan,nan,Prophet+Wx+Hol
Yo-Chi Kawana Waters,QLD,2026-05-07,FY 2026,forecast,1370.15,596.02,2126.59,1.0,13.9606,98.14,612.78,-284.17,25.6,0.0,43.2,0,,nan,nan,Prophet+Wx+Hol
Yo-Chi Kawana Waters,QLD,2026-05-08,FY 2026,forecast,1259.7,520.21,1989.21,1.0,13.9606,90.23,656.57,-285.48,21.0,0.0,38.2,0,,nan,nan,Prophet+Wx+Hol
Yo-Chi Kawana Waters,QLD,2026-05-09,FY 2026,forecast,1741.18,953.23,2474.55,1.0,13.9606,124.72,669.1,-385.08,23.2,0.0,27.7,0,,nan,nan,Prophet+Wx+Hol
Yo-Chi Kawana Waters,QLD,2026-05-10,FY 2026,forecast,901.78,168.81,1617.56,1.0,13.9606,64.59,669.1,-256.23,23.9,0.2,30.2,0,,nan,nan,Prophet+Wx+Hol
Yo-Chi Kawana Waters,QLD,2026-05-11,FY 2026,forecast,0.0,0.0,16.42,1.0,13.9606,0.0,669.1,-165.25,23.7,0.8,42.8,0,,nan,nan,Prophet+Wx+Hol
Yo-Chi Kawana Waters,QLD,2026-05-12,FY 2026,forecast,0.0,0.0,0.0,1.0,13.9606,0.0,669.1,-97.68,22.5,1.0,45.7,0,,nan,nan,Prophet+Wx+Hol
Yo-Chi Kawana Waters,QLD,2026-05-13,FY 2026,forecast,0.0,0.0,0.0,1.0,13.9606,0.0,669.1,-393.03,23.2,5.13,30.4,0,,nan,nan,Prophet+Wx+Hol
Yo-Chi Kawana Waters,QLD,2026-05-14,FY 2026,forecast,0.0,0.0,0.0,1.0,13.9606,0.0,669.1,-130.1,23.1,8.28,28.4,0,,nan,nan,Prophet+Wx+Hol
Yo-Chi Kawana Waters,QLD,2026-05-15,FY 2026,forecast,0.0,0.0,0.0,1.0,13.9606,0.0,669.1,-133.79,23.3,8.33,26.7,0,,nan,nan,Prophet+Wx+Hol
Yo-Chi Kawana Waters,QLD,2026-05-16,FY 2026,forecast,0.0,0.0,163.04,1.0,13.9606,0.0,669.1,-180.56,21.9,9.65,30.9,0,,nan,nan,Prophet+Wx+Hol
Yo-Chi Kawana Waters,QLD,2026-05-17,FY 2026,forecast,0.0,0.0,0.0,1.0,13.9606,0.0,669.1,-79.16,22.7,2.35,29.8,0,,nan,nan,Prophet+Wx+Hol
Yo-Chi Kawana Waters,QLD,2026-05-18,FY 2026,forecast,0.0,0.0,0.0,1.0,13.9606,0.0,669.1,-46.63,22.9,0.72,27.9,0,,nan,nan,Prophet+Wx+Hol
Yo-Chi Kawana Waters,QLD,2026-05-19,FY 2026,forecast,0.0,0.0,0.0,1.0,13.9606,0.0,669.1,-0.0,21.7,1.13,31.1,0,,nan,nan,Prophet+Wx+Hol
Yo-Chi Kawana Waters,QLD,2026-05-20,FY 2026,forecast,0.0,0.0,0.0,1.0,13.9606,0.0,669.1,-284.84,21.5,1.37,24.9,0,,nan,nan,Prophet+Wx+Hol
Yo-Chi Kawana Waters,QLD,2026-05-21,FY 2026,forecast,0.0,0.0,0.0,1.0,13.9606,0.0,669.1,-13.64,21.0,4.27,30.6,0,,nan,nan,Prophet+Wx+Hol
Yo-Chi Kawana Waters,QLD,2026-05-22,FY 2026,forecast,0.0,0.0,0.0,1.0,13.9606,0.0,669.1,-34.55,20.9,1.63,31.8,0,,nan,nan,Prophet+Wx+Hol
Yo-Chi Kawana Waters,QLD,2026-05-23,FY 2026,forecast,0.0,0.0,587.49,1.0,13.9606,0.0,669.1,-136.75,20.9,0.15,29.0,0,,nan,nan,Prophet+Wx+Hol
Yo-Chi Kawana Waters,QLD,2026-05-24,FY 2026,forecast,0.0,0.0,326.32,1.0,13.9606,0.0,669.1,-48.36,22.6,0.18,28.4,0,,nan,nan,Prophet+Wx+Hol
Yo-Chi Kawana Waters,QLD,2026-05-25,FY 2026,forecast,0.0,0.0,0.0,1.0,13.9606,0.0,668.44,-43.63,22.8,0.72,24.6,0,,nan,nan,Prophet+Wx+Hol
Yo-Chi Kawana Waters,QLD,2026-05-26,FY 2026,forecast,0.0,0.0,0.0,1.0,13.9606,0.0,623.66,-21.08,23.7,0.63,27.2,0,,nan,nan,Prophet+Wx+Hol
Yo-Chi Kawana Waters,QLD,2026-05-27,FY 2026,forecast,0.0,0.0,433.83,1.0,13.9606,0.0,566.83,-320.74,23.7,0.03,29.1,0,,nan,nan,Prophet+Wx+Hol
Yo-Chi Kawana Waters,QLD,2026-05-28,FY 2026,forecast,0.0,0.0,392.3,1.0,13.9606,0.0,514.04,-95.57,22.1,0.3,26.2,0,,nan,nan,Prophet+Wx+Hol
Yo-Chi Kawana Waters,QLD,2026-05-29,FY 2026,forecast,231.57,0.0,974.11,1.0,13.9606,16.59,458.85,-111.2,21.2,0.12,33.6,0,,nan,nan,Prophet+Wx+Hol
Yo-Chi Kawana Waters,QLD,2026-05-30,FY 2026,forecast,1375.17,642.56,2144.62,1.0,13.9606,98.5,418.26,-220.48,20.6,7.12,29.8,0,,nan,nan,Prophet+Wx+Hol
Yo-Chi Kawana Waters,QLD,2026-05-31,FY 2026,forecast,1206.31,478.37,1920.17,1.0,13.9606,86.41,359.94,-129.09,21.0,6.13,33.6,0,,nan,nan,Prophet+Wx+Hol
Yo-Chi Kawana Waters,QLD,2026-06-01,FY 2026,forecast,136.24,0.0,858.94,1.0,13.9606,9.76,304.47,-133.39,22.4,2.35,33.6,0,,nan,nan,Prophet+Wx+Hol
Yo-Chi Kawana Waters,QLD,2026-06-02,FY 2026,forecast,24.51,0.0,744.74,1.0,13.9606,1.76,254.73,-129.38,21.0,0.27,31.4,0,,nan,nan,Prophet+Wx+Hol
Yo-Chi Kawana Waters,QLD,2026-06-03,FY 2026,forecast,1279.52,536.14,1983.74,1.0,13.9606,91.65,195.31,-431.63,20.8,2.67,33.4,0,,nan,nan,Prophet+Wx+Hol
Yo-Chi Kawana Waters,QLD,2026-06-04,FY 2026,forecast,1135.56,436.78,1886.57,1.0,13.9606,81.34,143.48,-195.52,20.8,0.92,35.0,0,,nan,nan,Prophet+Wx+Hol
Yo-Chi Kawana Waters,QLD,2026-06-05,FY 2026,forecast,1499.79,706.11,2246.02,1.0,13.9606,107.43,101.47,-253.06,20.5,0.23,28.8,0,,nan,nan,Prophet+Wx+Hol
Yo-Chi Kawana Waters,QLD,2026-06-06,FY 2026,forecast,2628.92,1907.95,3400.82,1.0,13.9606,188.31,72.18,-362.43,20.9,0.55,27.4,0,,nan,nan,Prophet+Wx+Hol
Yo-Chi Kawana Waters,QLD,2026-06-07,FY 2026,forecast,2224.93,1505.14,2969.46,1.0,13.9606,159.37,30.83,-267.18,20.3,0.13,27.1,0,,nan,nan,Prophet+Wx+Hol
Yo-Chi Kawana Waters,QLD,2026-06-08,FY 2026,forecast,842.83,92.33,1607.83,1.0,13.9606,60.37,0.0,-237.92,20.7,0.1,30.0,0,,nan,nan,Prophet+Wx+Hol
Yo-Chi Kawana Waters,QLD,2026-06-09,FY 2026,forecast,467.97,0.0,1233.71,1.0,13.9606,33.52,0.0,-172.7,19.7,0.73,40.5,0,,nan,nan,Prophet+Wx+Hol
Yo-Chi Kawana Waters,QLD,2026-06-10,FY 2026,forecast,1485.61,719.73,2239.42,1.0,13.9606,106.41,0.0,-496.86,19.6,0.85,32.6,0,,nan,nan,Prophet+Wx+Hol
Yo-Chi Kawana Waters,QLD,2026-06-11,FY 2026,forecast,1006.49,287.83,1745.41,1.0,13.9606,72.09,0.0,-250.09,20.0,0.52,29.5,0,,nan,nan,Prophet+Wx+Hol
Yo-Chi Kawana Waters,QLD,2026-06-12,FY 2026,forecast,1142.88,412.1,1911.06,1.0,13.9606,81.86,0.0,-261.73,20.6,0.25,31.6,0,,nan,nan,Prophet+Wx+Hol
Yo-Chi Kawana Waters,QLD,2026-06-13,FY 2026,forecast,2058.78,1381.52,2815.21,1.0,13.9606,147.47,0.0,-354.56,20.6,0.43,28.9,0,,nan,nan,Prophet+Wx+Hol
Yo-Chi Kawana Waters,QLD,2026-06-14,FY 2026,forecast,1336.07,594.77,2148.33,1.0,13.9606,95.7,0.0,-237.44,21.5,2.15,28.4,0,,nan,nan,Prophet+Wx+Hol
Yo-Chi Kawana Waters,QLD,2026-06-15,FY 2026,forecast,0.0,0.0,407.15,1.0,13.9606,0.0,0.0,-205.21,21.3,1.75,25.5,0,,nan,nan,Prophet+Wx+Hol
Yo-Chi Kawana Waters,QLD,2026-06-16,FY 2026,forecast,0.0,0.0,0.0,1.0,13.9606,0.0,0.0,-159.43,21.3,0.18,25.9,0,,nan,nan,Prophet+Wx+Hol
Yo-Chi Kawana Waters,QLD,2026-06-17,FY 2026,forecast,145.05,0.0,865.84,1.0,13.9606,10.39,0.0,-434.45,20.6,0.23,28.8,0,,nan,nan,Prophet+Wx+Hol
Yo-Chi Kawana Waters,QLD,2026-06-18,FY 2026,forecast,0.0,0.0,252.44,1.0,13.9606,0.0,0.0,-147.05,20.8,0.35,31.9,0,,nan,nan,Prophet+Wx+Hol
Yo-Chi Kawana Waters,QLD,2026-06-19,FY 2026,forecast,0.0,0.0,457.15,1.0,13.9606,0.0,0.0,-146.08,20.4,0.1,33.4,0,,nan,nan,Prophet+Wx+Hol
Yo-Chi Kawana Waters,QLD,2026-06-20,FY 2026,forecast,589.0,0.0,1312.77,1.0,13.9606,42.19,0.0,-245.52,20.5,0.12,26.5,0,,nan,nan,Prophet+Wx+Hol
Yo-Chi Kawana Waters,QLD,2026-06-21,FY 2026,forecast,0.0,0.0,652.57,1.0,13.9606,0.0,0.0,-122.05,21.2,0.15,26.5,0,,nan,nan,Prophet+Wx+Hol
Yo-Chi Kawana Waters,QLD,2026-06-22,FY 2026,forecast,0.0,0.0,0.0,1.0,13.9606,0.0,0.0,-66.46,20.8,0.3,29.3,0,,nan,nan,Prophet+Wx+Hol
Yo-Chi Kawana Waters,QLD,2026-06-23,FY 2026,forecast,0.0,0.0,0.0,1.0,13.9606,0.0,0.0,-8.07,21.0,1.12,32.6,0,,nan,nan,Prophet+Wx+Hol
Yo-Chi Kawana Waters,QLD,2026-06-24,FY 2026,forecast,0.0,0.0,0.0,1.0,13.9606,0.0,0.0,-323.6,21.7,0.33,27.8,0,,nan,nan,Prophet+Wx+Hol
Yo-Chi Kawana Waters,QLD,2026-06-25,FY 2026,forecast,0.0,0.0,0.0,1.0,13.9606,0.0,0.0,-47.9,21.7,2.43,27.2,0,,nan,nan,Prophet+Wx+Hol
Yo-Chi Kawana Waters,QLD,2026-06-26,FY 2026,forecast,0.0,0.0,0.0,1.0,13.9606,0.0,0.0,-63.07,21.0,0.82,27.4,0,,nan,nan,Prophet+Wx+Hol
Yo-Chi Kawana Waters,QLD,2026-06-27,FY 2026,forecast,0.0,0.0,630.06,1.0,13.9606,0.0,10.84,-157.41,21.6,0.25,27.3,0,,nan,nan,Prophet+Wx+Hol
Yo-Chi Kawana Waters,QLD,2026-06-28,FY 2026,forecast,0.0,0.0,145.03,1.0,13.9606,0.0,20.03,-41.65,20.6,0.65,27.0,0,,nan,nan,Prophet+Wx+Hol
Yo-Chi Kawana Waters,QLD,2026-06-29,FY 2026,forecast,0.0,0.0,0.0,1.0,13.9606,0.0,27.4,-5.06,20.2,1.88,28.4,0,,nan,nan,Prophet+Wx+Hol
Yo-Chi Kawana Waters,QLD,2026-06-30,FY 2026,forecast,0.0,0.0,0.0,1.0,13.9606,0.0,38.22,-0.0,20.3,4.87,28.7,0,,nan,nan,Prophet+Wx+Hol
Yo-Chi Kawana Waters,QLD,2026-07-01,FY 2027,forecast,0.0,0.0,0.0,1.0,13.9606,0.0,37.37,-286.55,18.8,3.85,28.6,0,,nan,nan,Prophet+Wx+Hol
Yo-Chi Kawana Waters,QLD,2026-07-02,FY 2027,forecast,0.0,0.0,0.0,1.0,13.9606,0.0,36.85,-3.51,19.2,5.85,34.7,0,,nan,nan,Prophet+Wx+Hol
Yo-Chi Kawana Waters,QLD,2026-07-03,FY 2027,forecast,0.0,0.0,6.12,1.0,13.9606,0.0,40.87,-35.86,19.3,3.93,36.0,0,,nan,nan,Prophet+Wx+Hol
Yo-Chi Kawana Waters,QLD,2026-07-04,FY 2027,forecast,555.93,0.0,1310.43,1.0,13.9606,39.82,56.41,-147.19,18.7,5.15,34.2,0,,nan,nan,Prophet+Wx+Hol
Yo-Chi Kawana Waters,QLD,2026-07-05,FY 2027,forecast,265.49,0.0,946.43,1.0,13.9606,19.02,54.86,-64.29,19.6,2.9,31.4,0,,nan,nan,Prophet+Wx+Hol
Yo-Chi Kawana Waters,QLD,2026-07-06,FY 2027,forecast,0.0,0.0,0.0,1.0,13.9606,0.0,51.47,-60.76,20.9,1.63,29.8,0,,nan,nan,Prophet+Wx+Hol
Yo-Chi Kawana Waters,QLD,2026-07-07,FY 2027,forecast,0.0,0.0,0.0,1.0,13.9606,0.0,47.65,-25.08,20.9,0.7,35.1,0,,nan,nan,Prophet+Wx+Hol
Yo-Chi Kawana Waters,QLD,2026-07-08,FY 2027,forecast,175.56,0.0,909.03,1.0,13.9606,12.58,37.16,-373.6,19.8,0.3,29.7,0,,nan,nan,Prophet+Wx+Hol
Yo-Chi Kawana Waters,QLD,2026-07-09,FY 2027,forecast,0.0,0.0,641.71,1.0,13.9606,0.0,28.1,-109.86,19.7,3.52,29.5,0,,nan,nan,Prophet+Wx+Hol
Yo-Chi Kawana Waters,QLD,2026-07-10,FY 2027,forecast,387.83,0.0,1085.18,1.0,13.9606,27.78,21.01,-141.6,20.7,0.97,33.2,0,,nan,nan,Prophet+Wx+Hol
Yo-Chi Kawana Waters,QLD,2026-07-11,FY 2027,forecast,1681.63,950.21,2362.2,1.0,13.9606,120.46,29.15,-267.77,21.2,0.28,29.5,0,,nan,nan,Prophet+Wx+Hol
Yo-Chi Kawana Waters,QLD,2026-07-12,FY 2027,forecast,1217.73,508.03,1953.7,1.0,13.9606,87.23,19.6,-168.09,20.6,3.05,26.3,0,,nan,nan,Prophet+Wx+Hol
Yo-Chi Kawana Waters,QLD,2026-07-13,FY 2027,forecast,0.0,0.0,694.3,1.0,13.9606,0.0,6.06,-125.81,19.8,0.03,33.0,0,,nan,nan,Prophet+Wx+Hol
Yo-Chi Kawana Waters,QLD,2026-07-14,FY 2027,forecast,0.0,0.0,357.99,1.0,13.9606,0.0,0.0,-80.66,19.7,0.0,37.8,0,,nan,nan,Prophet+Wx+Hol
Yo-Chi Kawana Waters,QLD,2026-07-15,FY 2027,forecast,834.88,156.9,1598.77,1.0,13.9606,59.8,0.0,-441.86,20.7,0.08,29.0,0,,nan,nan,Prophet+Wx+Hol
Yo-Chi Kawana Waters,QLD,2026-07-16,FY 2027,forecast,487.14,0.0,1210.68,1.0,13.9606,34.89,0.0,-143.62,20.9,1.03,35.2,0,,nan,nan,Prophet+Wx+Hol
Yo-Chi Kawana Waters,QLD,2026-07-17,FY 2027,forecast,824.42,120.7,1558.19,1.0,13.9606,59.05,0.0,-169.96,19.6,0.43,33.3,0,,nan,nan,Prophet+Wx+Hol
Yo-Chi Kawana Waters,QLD,2026-07-18,FY 2027,forecast,1902.52,1160.46,2591.38,1.0,13.9606,136.28,0.0,-270.48,20.4,2.7,31.8,0,,nan,nan,Prophet+Wx+Hol
Yo-Chi Kawana Waters,QLD,2026-07-19,FY 2027,forecast,1391.48,639.0,2091.96,1.0,13.9606,99.67,0.0,-167.95,21.1,0.03,28.5,0,,nan,nan,Prophet+Wx+Hol
Yo-Chi Kawana Waters,QLD,2026-07-20,FY 2027,forecast,0.0,0.0,607.78,1.0,13.9606,0.0,0.0,-107.13,20.7,0.05,34.4,0,,nan,nan,Prophet+Wx+Hol
Yo-Chi Kawana Waters,QLD,2026-07-21,FY 2027,forecast,0.0,0.0,105.64,1.0,13.9606,0.0,0.0,-37.97,19.8,1.82,39.8,0,,nan,nan,Prophet+Wx+Hol
Yo-Chi Kawana Waters,QLD,2026-07-22,FY 2027,forecast,483.29,0.0,1245.15,1.0,13.9606,34.62,0.0,-390.09,19.4,1.77,29.6,0,,nan,nan,Prophet+Wx+Hol
Yo-Chi Kawana Waters,QLD,2026-07-23,FY 2027,forecast,0.0,0.0,665.24,1.0,13.9606,0.0,0.0,-96.13,20.3,3.1,30.0,0,,nan,nan,Prophet+Wx+Hol
Yo-Chi Kawana Waters,QLD,2026-07-24,FY 2027,forecast,235.11,0.0,917.93,1.0,13.9606,16.84,0.0,-88.55,20.0,1.93,35.6,0,,nan,nan,Prophet+Wx+Hol
Yo-Chi Kawana Waters,QLD,2026-07-25,FY 2027,forecast,1325.16,605.08,2024.95,1.0,13.9606,94.92,0.0,-184.57,20.6,1.97,34.0,0,,nan,nan,Prophet+Wx+Hol
Yo-Chi Kawana Waters,QLD,2026-07-26,FY 2027,forecast,591.51,0.0,1346.31,1.0,13.9606,42.37,0.0,-58.94,22.2,4.63,32.6,0,,nan,nan,Prophet+Wx+Hol
Yo-Chi Kawana Waters,QLD,2026-07-27,FY 2027,forecast,0.0,0.0,0.0,1.0,13.9606,0.0,0.0,-0.0,20.2,0.52,38.6,0,,nan,nan,Prophet+Wx+Hol
Yo-Chi Kawana Waters,QLD,2026-07-28,FY 2027,forecast,0.0,0.0,0.0,1.0,13.9606,0.0,0.0,-0.0,21.2,0.0,36.1,0,,nan,nan,Prophet+Wx+Hol
Yo-Chi Kawana Waters,QLD,2026-07-29,FY 2027,forecast,0.0,0.0,549.36,1.0,13.9606,0.0,0.0,-306.46,21.8,0.03,30.0,0,,nan,nan,Prophet+Wx+Hol
Yo-Chi Kawana Waters,QLD,2026-07-30,FY 2027,forecast,0.0,0.0,24.17,1.0,13.9606,0.0,0.0,-9.51,21.9,0.43,30.6,0,,nan,nan,Prophet+Wx+Hol
Yo-Chi Kawana Waters,QLD,2026-07-31,FY 2027,forecast,0.0,0.0,444.86,1.0,13.9606,0.0,0.0,-16.03,21.5,0.02,33.2,0,,nan,nan,Prophet+Wx+Hol
Yo-Chi Kawana Waters,QLD,2026-08-01,FY 2027,forecast,836.75,137.73,1516.6,1.0,13.9606,59.94,13.5,-137.55,21.5,0.28,26.4,0,,nan,nan,Prophet+Wx+Hol
Yo-Chi Kawana Waters,QLD,2026-08-02,FY 2027,forecast,374.17,0.0,1060.55,1.0,13.9606,26.8,12.05,-0.0,21.4,0.17,32.9,0,,nan,nan,Prophet+Wx+Hol
Yo-Chi Kawana Waters,QLD,2026-08-03,FY 2027,forecast,0.0,0.0,0.0,1.0,13.9606,0.0,12.72,-0.0,21.8,0.37,35.3,0,,nan,nan,Prophet+Wx+Hol
Yo-Chi Kawana Waters,QLD,2026-08-04,FY 2027,forecast,0.0,0.0,0.0,1.0,13.9606,0.0,19.55,-0.0,21.6,0.12,34.3,0,,nan,nan,Prophet+Wx+Hol
Yo-Chi Kawana Waters,QLD,2026-08-05,FY 2027,forecast,0.0,0.0,466.57,1.0,13.9606,0.0,17.07,-280.38,22.6,0.2,29.2,0,,nan,nan,Prophet+Wx+Hol
Yo-Chi Kawana Waters,QLD,2026-08-06,FY 2027,forecast,0.0,0.0,88.89,1.0,13.9606,0.0,17.59,-0.0,21.8,1.97,26.6,0,,nan,nan,Prophet+Wx+Hol
Yo-Chi Kawana Waters,QLD,2026-08-07,FY 2027,forecast,0.0,0.0,461.26,1.0,13.9606,0.0,17.36,-5.09,21.4,3.48,32.3,0,,nan,nan,Prophet+Wx+Hol
Yo-Chi Kawana Waters,QLD,2026-08-08,FY 2027,forecast,1218.08,477.51,1956.21,1.0,13.9606,87.25,32.64,-118.52,20.8,0.82,32.9,0,,nan,nan,Prophet+Wx+Hol
Yo-Chi Kawana Waters,QLD,2026-08-09,FY 2027,forecast,852.29,114.94,1567.62,1.0,13.9606,61.05,28.12,-0.0,19.7,0.65,35.3,0,,nan,nan,Prophet+Wx+Hol
Yo-Chi Kawana Waters,QLD,2026-08-10,FY 2027,forecast,0.0,0.0,104.24,1.0,13.9606,0.0,24.75,-0.0,20.6,0.1,35.6,0,,nan,nan,Prophet+Wx+Hol
Yo-Chi Kawana Waters,QLD,2026-08-11,FY 2027,forecast,0.0,0.0,0.0,1.0,13.9606,0.0,28.43,-0.0,22.1,0.53,30.7,0,,nan,nan,Prophet+Wx+Hol
Yo-Chi Kawana Waters,QLD,2026-08-12,FY 2027,forecast,203.12,0.0,1021.57,1.0,13.9606,14.55,10.99,-336.16,21.3,3.75,25.2,0,The Royal Queensland Show,nan,nan,Prophet+Wx+Hol
Yo-Chi Kawana Waters,QLD,2026-08-13,FY 2027,forecast,0.0,0.0,573.85,1.0,13.9606,0.0,8.74,-43.34,22.2,7.18,27.5,0,,nan,nan,Prophet+Wx+Hol
Yo-Chi Kawana Waters,QLD,2026-08-14,FY 2027,forecast,398.95,0.0,1094.37,1.0,13.9606,28.58,10.37,-85.4,22.4,2.58,28.8,0,,nan,nan,Prophet+Wx+Hol
Yo-Chi Kawana Waters,QLD,2026-08-15,FY 2027,forecast,1757.21,1050.89,2554.76,1.0,13.9606,125.87,20.64,-197.87,23.1,2.2,30.7,0,,nan,nan,Prophet+Wx+Hol
Yo-Chi Kawana Waters,QLD,2026-08-16,FY 2027,forecast,1365.31,600.22,2058.22,1.0,13.9606,97.8,13.15,-83.86,23.0,0.27,31.6,0,,nan,nan,Prophet+Wx+Hol
Yo-Chi Kawana Waters,QLD,2026-08-17,FY 2027,forecast,0.0,0.0,588.46,1.0,13.9606,0.0,4.77,-47.48,22.7,0.13,34.4,0,,nan,nan,Prophet+Wx+Hol
Yo-Chi Kawana Waters,QLD,2026-08-18,FY 2027,forecast,0.0,0.0,230.97,1.0,13.9606,0.0,4.43,-24.87,21.8,0.05,31.7,0,,nan,nan,Prophet+Wx+Hol
Yo-Chi Kawana Waters,QLD,2026-08-19,FY 2027,forecast,790.4,53.56,1482.29,1.0,13.9606,56.62,0.0,-370.06,22.2,0.52,33.6,0,,nan,nan,Prophet+Wx+Hol
Yo-Chi Kawana Waters,QLD,2026-08-20,FY 2027,forecast,312.5,0.0,1070.76,1.0,13.9606,22.38,0.0,-78.53,21.3,3.47,30.2,0,,nan,nan,Prophet+Wx+Hol
Yo-Chi Kawana Waters,QLD,2026-08-21,FY 2027,forecast,652.75,0.0,1398.47,1.0,13.9606,46.76,0.0,-98.45,22.6,2.12,33.8,0,,nan,nan,Prophet+Wx+Hol
Yo-Chi Kawana Waters,QLD,2026-08-22,FY 2027,forecast,1923.84,1175.19,2664.45,1.0,13.9606,137.8,0.0,-221.66,23.7,0.27,31.3,0,,nan,nan,Prophet+Wx+Hol
Yo-Chi Kawana Waters,QLD,2026-08-23,FY 2027,forecast,1380.47,618.69,2091.86,1.0,13.9606,98.88,0.0,-58.52,23.8,0.98,40.3,0,,nan,nan,Prophet+Wx+Hol
Yo-Chi Kawana Waters,QLD,2026-08-24,FY 2027,forecast,0.0,0.0,423.78,1.0,13.9606,0.0,0.0,-15.19,22.3,1.72,40.0,0,,nan,nan,Prophet+Wx+Hol
Yo-Chi Kawana Waters,QLD,2026-08-25,FY 2027,forecast,0.0,0.0,0.0,1.0,13.9606,0.0,0.0,-9.78,23.0,0.02,31.4,0,,nan,nan,Prophet+Wx+Hol
Yo-Chi Kawana Waters,QLD,2026-08-26,FY 2027,forecast,428.29,0.0,1162.85,1.0,13.9606,30.68,0.0,-367.23,22.3,0.35,27.3,0,,nan,nan,Prophet+Wx+Hol
Yo-Chi Kawana Waters,QLD,2026-08-27,FY 2027,forecast,0.0,0.0,650.0,1.0,13.9606,0.0,0.0,-47.31,23.5,0.45,30.7,0,,nan,nan,Prophet+Wx+Hol
Yo-Chi Kawana Waters,QLD,2026-08-28,FY 2027,forecast,142.23,0.0,882.53,1.0,13.9606,10.19,0.0,-63.78,25.1,0.25,32.1,0,,nan,nan,Prophet+Wx+Hol
Yo-Chi Kawana Waters,QLD,2026-08-29,FY 2027,forecast,1375.07,646.92,2139.04,1.0,13.9606,98.5,0.0,-167.65,24.3,0.28,30.1,0,,nan,nan,Prophet+Wx+Hol
Yo-Chi Kawana Waters,QLD,2026-08-30,FY 2027,forecast,748.6,22.35,1449.63,1.0,13.9606,53.62,0.0,-13.39,23.7,1.57,33.4,0,,nan,nan,Prophet+Wx+Hol
Yo-Chi Kawana Waters,QLD,2026-08-31,FY 2027,forecast,0.0,0.0,0.0,1.0,13.9606,0.0,0.0,-0.0,26.1,2.3,31.2,0,,nan,nan,Prophet+Wx+Hol
Yo-Chi Kawana Waters,QLD,2026-09-01,FY 2027,forecast,0.0,0.0,0.0,1.0,13.9606,0.0,0.0,-0.0,25.6,0.18,29.1,0,,nan,nan,Prophet+Wx+Hol
Yo-Chi Kawana Waters,QLD,2026-09-02,FY 2027,forecast,0.0,0.0,507.7,1.0,13.9606,0.0,0.0,-282.54,24.1,1.88,30.5,0,,nan,nan,Prophet+Wx+Hol
Yo-Chi Kawana Waters,QLD,2026-09-03,FY 2027,forecast,0.0,0.0,36.17,1.0,13.9606,0.0,0.0,-0.0,23.0,5.18,35.5,0,,nan,nan,Prophet+Wx+Hol
Yo-Chi Kawana Waters,QLD,2026-09-04,FY 2027,forecast,0.0,0.0,456.25,1.0,13.9606,0.0,0.0,-0.0,22.6,1.05,34.5,0,,nan,nan,Prophet+Wx+Hol
Yo-Chi Kawana Waters,QLD,2026-09-05,FY 2027,forecast,974.4,247.0,1721.77,1.0,13.9606,69.8,8.8,-80.71,24.5,0.68,34.9,0,,nan,nan,Prophet+Wx+Hol
Yo-Chi Kawana Waters,QLD,2026-09-06,FY 2027,forecast,488.36,0.0,1213.56,1.0,13.9606,34.98,6.92,-0.0,22.8,0.6,36.6,0,,nan,nan,Prophet+Wx+Hol
Yo-Chi Kawana Waters,QLD,2026-09-07,FY 2027,forecast,0.0,0.0,0.0,1.0,13.9606,0.0,8.1,-0.0,23.6,0.68,34.2,0,,nan,nan,Prophet+Wx+Hol
Yo-Chi Kawana Waters,QLD,2026-09-08,FY 2027,forecast,0.0,0.0,0.0,1.0,13.9606,0.0,12.03,-0.0,23.9,0.42,35.9,0,,nan,nan,Prophet+Wx+Hol
Yo-Chi Kawana Waters,QLD,2026-09-09,FY 2027,forecast,0.0,0.0,410.64,1.0,13.9606,0.0,7.67,-254.42,24.6,3.6,30.1,0,,nan,nan,Prophet+Wx+Hol
Yo-Chi Kawana Waters,QLD,2026-09-10,FY 2027,forecast,0.0,0.0,94.34,1.0,13.9606,0.0,3.24,-0.0,24.7,2.37,35.0,0,,nan,nan,Prophet+Wx+Hol
Yo-Chi Kawana Waters,QLD,2026-09-11,FY 2027,forecast,0.0,0.0,589.29,1.0,13.9606,0.0,2.65,-0.0,23.1,0.43,39.8,0,,nan,nan,Prophet+Wx+Hol
Yo-Chi Kawana Waters,QLD,2026-09-12,FY 2027,forecast,1207.52,488.56,1947.35,1.0,13.9606,86.49,21.94,-85.43,23.9,1.83,34.1,0,,nan,nan,Prophet+Wx+Hol
Yo-Chi Kawana Waters,QLD,2026-09-13,FY 2027,forecast,767.93,59.32,1519.66,1.0,13.9606,55.01,17.25,-0.0,23.8,1.4,36.4,0,,nan,nan,Prophet+Wx+Hol
Yo-Chi Kawana Waters,QLD,2026-09-14,FY 2027,forecast,0.0,0.0,0.0,1.0,13.9606,0.0,14.27,-0.0,23.1,0.42,35.4,0,,nan,nan,Prophet+Wx+Hol
Yo-Chi Kawana Waters,QLD,2026-09-15,FY 2027,forecast,0.0,0.0,0.0,1.0,13.9606,0.0,15.64,-0.0,23.7,0.27,36.0,0,,nan,nan,Prophet+Wx+Hol
Yo-Chi Kawana Waters,QLD,2026-09-16,FY 2027,forecast,252.26,0.0,1021.37,1.0,13.9606,18.07,5.77,-288.89,23.6,2.0,33.9,0,,nan,nan,Prophet+Wx+Hol
Yo-Chi Kawana Waters,QLD,2026-09-17,FY 2027,forecast,0.0,0.0,658.95,1.0,13.9606,0.0,2.09,-2.86,25.7,0.23,32.4,0,,nan,nan,Prophet+Wx+Hol
Yo-Chi Kawana Waters,QLD,2026-09-18,FY 2027,forecast,346.9,0.0,1077.17,1.0,13.9606,24.85,0.0,-27.16,25.7,0.42,35.6,0,,nan,nan,Prophet+Wx+Hol
Yo-Chi Kawana Waters,QLD,2026-09-19,FY 2027,forecast,1763.68,985.65,2507.05,1.0,13.9606,126.33,13.18,-155.4,26.7,0.08,35.8,0,,nan,nan,Prophet+Wx+Hol
Yo-Chi Kawana Waters,QLD,2026-09-20,FY 2027,forecast,1266.82,470.44,2041.08,1.0,13.9606,90.74,6.79,-30.05,26.8,0.12,36.5,0,,nan,nan,Prophet+Wx+Hol
Yo-Chi Kawana Waters,QLD,2026-09-21,FY 2027,forecast,0.0,0.0,351.02,1.0,13.9606,0.0,0.0,-0.0,27.1,1.07,40.9,0,,nan,nan,Prophet+Wx+Hol
Yo-Chi Kawana Waters,QLD,2026-09-22,FY 2027,forecast,0.0,0.0,0.0,1.0,13.9606,0.0,2.0,-0.0,25.6,1.68,34.7,0,,nan,nan,Prophet+Wx+Hol
Yo-Chi Kawana Waters,QLD,2026-09-23,FY 2027,forecast,523.12,0.0,1284.0,1.0,13.9606,37.47,0.0,-340.31,25.4,4.17,35.4,0,,nan,nan,Prophet+Wx+Hol
Yo-Chi Kawana Waters,QLD,2026-09-24,FY 2027,forecast,226.89,0.0,946.38,1.0,13.9606,16.25,0.0,-35.01,26.1,0.07,35.6,0,,nan,nan,Prophet+Wx+Hol
Yo-Chi Kawana Waters,QLD,2026-09-25,FY 2027,forecast,556.27,0.0,1295.92,1.0,13.9606,39.85,0.0,-67.91,26.3,0.23,35.0,0,,nan,nan,Prophet+Wx+Hol
Yo-Chi Kawana Waters,QLD,2026-09-26,FY 2027,forecast,1944.64,1254.31,2713.83,1.0,13.9606,139.29,0.0,-161.21,26.0,0.92,39.9,0,,nan,nan,Prophet+Wx+Hol
Yo-Chi Kawana Waters,QLD,2026-09-27,FY 2027,forecast,1162.42,437.23,1987.0,1.0,13.9606,83.26,0.0,-14.99,24.6,7.45,38.0,0,,nan,nan,Prophet+Wx+Hol
Yo-Chi Kawana Waters,QLD,2026-09-28,FY 2027,forecast,0.0,0.0,16.65,1.0,13.9606,0.0,0.0,-0.0,24.6,11.58,40.6,0,,nan,nan,Prophet+Wx+Hol
Yo-Chi Kawana Waters,QLD,2026-09-29,FY 2027,forecast,0.0,0.0,0.0,1.0,13.9606,0.0,0.0,-0.0,25.1,0.7,36.8,0,,nan,nan,Prophet+Wx+Hol
Yo-Chi Kawana Waters,QLD,2026-09-30,FY 2027,forecast,341.57,0.0,1056.92,1.0,13.9606,24.47,0.0,-334.18,26.4,2.0,35.1,0,,nan,nan,Prophet+Wx+Hol
Yo-Chi Kawana Waters,QLD,2026-10-01,FY 2027,forecast,0.0,0.0,577.75,1.0,13.9606,0.0,0.0,-0.0,25.7,2.2,36.3,0,,nan,nan,Prophet+Wx+Hol
Yo-Chi Kawana Waters,QLD,2026-10-02,FY 2027,forecast,181.73,0.0,892.97,1.0,13.9606,13.02,0.0,-8.91,26.4,1.6,39.1,0,,nan,nan,Prophet+Wx+Hol
Yo-Chi Kawana Waters,QLD,2026-10-03,FY 2027,forecast,1578.26,862.86,2313.42,1.0,13.9606,113.05,0.0,-121.44,26.0,0.02,38.6,0,,nan,nan,Prophet+Wx+Hol
Yo-Chi Kawana Waters,QLD,2026-10-04,FY 2027,forecast,899.61,151.53,1634.08,1.0,13.9606,64.44,0.0,-0.0,26.4,0.5,37.4,0,,nan,nan,Prophet+Wx+Hol
Yo-Chi Kawana Waters,QLD,2026-10-05,FY 2027,forecast,0.0,0.0,0.0,1.0,13.9606,0.0,0.0,-0.0,27.5,0.2,34.3,0,King's Birthday,nan,nan,Prophet+Wx+Hol
Yo-Chi Kawana Waters,QLD,2026-10-06,FY 2027,forecast,0.0,0.0,0.0,1.0,13.9606,0.0,0.0,-0.0,27.2,0.73,32.0,0,,nan,nan,Prophet+Wx+Hol
Yo-Chi Kawana Waters,QLD,2026-10-07,FY 2027,forecast,0.0,0.0,665.3,1.0,13.9606,0.0,0.0,-277.04,26.8,0.18,35.3,0,,nan,nan,Prophet+Wx+Hol
Yo-Chi Kawana Waters,QLD,2026-10-08,FY 2027,forecast,0.0,0.0,164.19,1.0,13.9606,0.0,0.0,-0.0,27.6,1.52,39.7,0,,nan,nan,Prophet+Wx+Hol
Yo-Chi Kawana Waters,QLD,2026-10-09,FY 2027,forecast,0.0,0.0,326.74,1.0,13.9606,0.0,0.0,-0.0,27.2,7.42,38.0,0,,nan,nan,Prophet+Wx+Hol
Yo-Chi Kawana Waters,QLD,2026-10-10,FY 2027,forecast,1180.33,461.25,1930.09,1.0,13.9606,84.55,9.22,-48.98,25.9,3.73,40.6,0,,nan,nan,Prophet+Wx+Hol
Yo-Chi Kawana Waters,QLD,2026-10-11,FY 2027,forecast,618.8,0.0,1361.72,1.0,13.9606,44.32,10.59,-0.0,27.0,1.32,36.2,0,,nan,nan,Prophet+Wx+Hol
Yo-Chi Kawana Waters,QLD,2026-10-12,FY 2027,forecast,0.0,0.0,0.0,1.0,13.9606,0.0,8.91,-0.0,26.1,6.7,35.5,0,,nan,nan,Prophet+Wx+Hol
Yo-Chi Kawana Waters,QLD,2026-10-13,FY 2027,forecast,0.0,0.0,0.0,1.0,13.9606,0.0,11.85,-0.0,26.2,2.53,38.4,0,,nan,nan,Prophet+Wx+Hol
Yo-Chi Kawana Waters,QLD,2026-10-14,FY 2027,forecast,0.0,0.0,763.67,1.0,13.9606,0.0,5.09,-249.97,24.8,1.55,34.7,0,,nan,nan,Prophet+Wx+Hol
Yo-Chi Kawana Waters,QLD,2026-10-15,FY 2027,forecast,0.0,0.0,239.9,1.0,13.9606,0.0,2.52,-0.0,26.9,1.68,35.2,0,,nan,nan,Prophet+Wx+Hol
Yo-Chi Kawana Waters,QLD,2026-10-16,FY 2027,forecast,6.36,0.0,820.16,1.0,13.9606,0.46,3.36,-0.0,26.5,1.42,36.8,0,,nan,nan,Prophet+Wx+Hol
Yo-Chi Kawana Waters,QLD,2026-10-17,FY 2027,forecast,1562.31,846.1,2285.93,1.0,13.9606,111.91,18.84,-76.0,26.4,0.85,39.2,0,,nan,nan,Prophet+Wx+Hol
Yo-Chi Kawana Waters,QLD,2026-10-18,FY 2027,forecast,1028.49,245.66,1743.36,1.0,13.9606,73.67,13.91,-0.0,27.1,1.4,41.0,0,,nan,nan,Prophet+Wx+Hol
Yo-Chi Kawana Waters,QLD,2026-10-19,FY 2027,forecast,0.0,0.0,18.87,1.0,13.9606,0.0,13.63,-0.0,27.3,1.23,35.2,0,,nan,nan,Prophet+Wx+Hol
Yo-Chi Kawana Waters,QLD,2026-10-20,FY 2027,forecast,0.0,0.0,0.0,1.0,13.9606,0.0,15.3,-0.0,26.3,0.3,35.1,0,,nan,nan,Prophet+Wx+Hol
Yo-Chi Kawana Waters,QLD,2026-10-21,FY 2027,forecast,387.87,0.0,1101.47,1.0,13.9606,27.78,3.27,-302.25,26.2,4.27,35.5,0,,nan,nan,Prophet+Wx+Hol
Yo-Chi Kawana Waters,QLD,2026-10-22,FY 2027,forecast,0.0,0.0,587.24,1.0,13.9606,0.0,0.0,-0.0,26.1,10.0,36.3,0,,nan,nan,Prophet+Wx+Hol
Yo-Chi Kawana Waters,QLD,2026-10-23,FY 2027,forecast,21.96,0.0,733.2,1.0,13.9606,1.57,0.0,-0.0,28.4,16.73,41.4,0,,nan,nan,Prophet+Wx+Hol
Yo-Chi Kawana Waters,QLD,2026-10-24,FY 2027,forecast,1978.4,1260.63,2736.7,1.0,13.9606,141.71,12.54,-162.28,30.2,1.87,37.9,0,,nan,nan,Prophet+Wx+Hol
Yo-Chi Kawana Waters,QLD,2026-10-25,FY 2027,forecast,1324.85,609.45,2003.79,1.0,13.9606,94.9,5.11,-7.0,28.1,7.5,39.0,0,,nan,nan,Prophet+Wx+Hol
Yo-Chi Kawana Waters,QLD,2026-10-26,FY 2027,forecast,0.0,0.0,293.45,1.0,13.9606,0.0,2.27,-0.04,28.4,4.93,35.7,0,,nan,nan,Prophet+Wx+Hol
Yo-Chi Kawana Waters,QLD,2026-10-27,FY 2027,forecast,0.0,0.0,0.0,1.0,13.9606,0.0,0.76,-0.0,28.4,7.25,39.2,0,,nan,nan,Prophet+Wx+Hol
Yo-Chi Kawana Waters,QLD,2026-10-28,FY 2027,forecast,535.35,0.0,1267.52,1.0,13.9606,38.35,0.0,-347.92,26.3,11.13,35.7,0,,nan,nan,Prophet+Wx+Hol
Yo-Chi Kawana Waters,QLD,2026-10-29,FY 2027,forecast,206.25,0.0,945.82,1.0,13.9606,14.77,0.0,-38.34,27.1,6.62,32.8,0,,nan,nan,Prophet+Wx+Hol
Yo-Chi Kawana Waters,QLD,2026-10-30,FY 2027,forecast,525.95,0.0,1266.04,1.0,13.9606,37.67,0.0,-58.68,28.1,7.78,35.9,0,,nan,nan,Prophet+Wx+Hol
Yo-Chi Kawana Waters,QLD,2026-10-31,FY 2027,forecast,2082.5,1301.92,2822.0,1.0,13.9606,149.17,0.0,-167.17,28.5,5.67,41.0,0,,nan,nan,Prophet+Wx+Hol
Yo-Chi Kawana Waters,QLD,2026-11-01,FY 2027,forecast,1375.01,639.09,2160.01,1.0,13.9606,98.49,0.0,-29.46,27.9,7.6,38.4,0,,nan,nan,Prophet+Wx+Hol
Yo-Chi Kawana Waters,QLD,2026-11-02,FY 2027,forecast,0.0,0.0,523.3,1.0,13.9606,0.0,0.0,-0.0,25.6,0.2,38.4,0,,nan,nan,Prophet+Wx+Hol
Yo-Chi Kawana Waters,QLD,2026-11-03,FY 2027,forecast,0.0,0.0,0.0,1.0,13.9606,0.0,0.0,-0.0,25.7,3.47,37.1,0,,nan,nan,Prophet+Wx+Hol
Yo-Chi Kawana Waters,QLD,2026-11-04,FY 2027,forecast,610.94,0.0,1343.99,1.0,13.9606,43.76,0.0,-348.36,26.6,2.8,37.8,0,,nan,nan,Prophet+Wx+Hol
Yo-Chi Kawana Waters,QLD,2026-11-05,FY 2027,forecast,43.86,0.0,781.29,1.0,13.9606,3.14,0.0,-2.38,27.0,3.5,36.7,0,,nan,nan,Prophet+Wx+Hol
Yo-Chi Kawana Waters,QLD,2026-11-06,FY 2027,forecast,487.56,0.0,1212.84,1.0,13.9606,34.92,0.0,-29.31,25.2,1.12,35.2,0,,nan,nan,Prophet+Wx+Hol
Yo-Chi Kawana Waters,QLD,2026-11-07,FY 2027,forecast,1882.12,1157.88,2691.46,1.0,13.9606,134.82,2.81,-141.73,26.2,1.35,36.9,0,,nan,nan,Prophet+Wx+Hol
Yo-Chi Kawana Waters,QLD,2026-11-08,FY 2027,forecast,1040.72,241.05,1819.19,1.0,13.9606,74.55,0.0,-0.0,27.3,5.03,38.3,0,,nan,nan,Prophet+Wx+Hol
Yo-Chi Kawana Waters,QLD,2026-11-09,FY 2027,forecast,0.0,0.0,0.0,1.0,13.9606,0.0,1.25,-0.0,26.3,0.53,32.6,0,,nan,nan,Prophet+Wx+Hol
Yo-Chi Kawana Waters,QLD,2026-11-10,FY 2027,forecast,0.0,0.0,0.0,1.0,13.9606,0.0,3.42,-0.0,26.3,10.87,34.4,0,,nan,nan,Prophet+Wx+Hol
Yo-Chi Kawana Waters,QLD,2026-11-11,FY 2027,forecast,0.0,0.0,505.53,1.0,13.9606,0.0,0.0,-273.06,27.2,11.65,36.6,0,,nan,nan,Prophet+Wx+Hol
Yo-Chi Kawana Waters,QLD,2026-11-12,FY 2027,forecast,0.0,0.0,116.31,1.0,13.9606,0.0,0.0,-0.0,27.3,9.28,39.1,0,,nan,nan,Prophet+Wx+Hol
Yo-Chi Kawana Waters,QLD,2026-11-13,FY 2027,forecast,44.21,0.0,765.16,1.0,13.9606,3.17,0.0,-0.0,27.8,1.27,42.5,0,,nan,nan,Prophet+Wx+Hol
Yo-Chi Kawana Waters,QLD,2026-11-14,FY 2027,forecast,1355.93,628.19,2024.9,1.0,13.9606,97.13,12.74,-73.63,29.2,4.33,39.8,0,,nan,nan,Prophet+Wx+Hol
Yo-Chi Kawana Waters,QLD,2026-11-15,FY 2027,forecast,595.18,0.0,1373.24,1.0,13.9606,42.63,12.91,-0.0,30.4,6.0,35.5,0,,nan,nan,Prophet+Wx+Hol
Yo-Chi Kawana Waters,QLD,2026-11-16,FY 2027,forecast,0.0,0.0,0.0,1.0,13.9606,0.0,8.95,-0.0,29.5,6.17,37.9,0,,nan,nan,Prophet+Wx+Hol
Yo-Chi Kawana Waters,QLD,2026-11-17,FY 2027,forecast,0.0,0.0,0.0,1.0,13.9606,0.0,11.06,-0.0,28.9,3.53,40.6,0,,nan,nan,Prophet+Wx+Hol
Yo-Chi Kawana Waters,QLD,2026-11-18,FY 2027,forecast,153.51,0.0,865.95,1.0,13.9606,11.0,2.36,-258.98,26.5,1.1,37.9,0,,nan,nan,Prophet+Wx+Hol
Yo-Chi Kawana Waters,QLD,2026-11-19,FY 2027,forecast,0.0,0.0,240.08,1.0,13.9606,0.0,0.0,-0.0,26.8,6.32,38.1,0,,nan,nan,Prophet+Wx+Hol
Yo-Chi Kawana Waters,QLD,2026-11-20,FY 2027,forecast,0.0,0.0,599.92,1.0,13.9606,0.0,0.67,-0.0,27.2,8.52,35.8,0,,nan,nan,Prophet+Wx+Hol
Yo-Chi Kawana Waters,QLD,2026-11-21,FY 2027,forecast,1507.47,781.72,2160.07,1.0,13.9606,107.98,18.02,-77.82,27.9,6.58,36.7,0,,nan,nan,Prophet+Wx+Hol
Yo-Chi Kawana Waters,QLD,2026-11-22,FY 2027,forecast,954.77,262.65,1657.83,1.0,13.9606,68.39,13.92,-0.0,27.1,6.88,35.3,0,,nan,nan,Prophet+Wx+Hol
Yo-Chi Kawana Waters,QLD,2026-11-23,FY 2027,forecast,0.0,0.0,0.0,1.0,13.9606,0.0,10.65,-0.0,27.4,5.55,33.9,0,,nan,nan,Prophet+Wx+Hol
Yo-Chi Kawana Waters,QLD,2026-11-24,FY 2027,forecast,0.0,0.0,0.0,1.0,13.9606,0.0,11.71,-0.0,28.9,2.3,35.9,0,,nan,nan,Prophet+Wx+Hol
Yo-Chi Kawana Waters,QLD,2026-11-25,FY 2027,forecast,460.73,0.0,1131.74,1.0,13.9606,33.0,0.83,-321.32,27.0,2.5,32.9,0,,nan,nan,Prophet+Wx+Hol
Yo-Chi Kawana Waters,QLD,2026-11-26,FY 2027,forecast,0.0,0.0,533.88,1.0,13.9606,0.0,0.0,-0.0,29.2,9.07,36.6,0,,nan,nan,Prophet+Wx+Hol
Yo-Chi Kawana Waters,QLD,2026-11-27,FY 2027,forecast,425.63,0.0,1161.96,1.0,13.9606,30.49,0.0,-11.62,29.2,3.13,35.3,0,,nan,nan,Prophet+Wx+Hol
Yo-Chi Kawana Waters,QLD,2026-11-28,FY 2027,forecast,1864.12,1131.39,2598.73,1.0,13.9606,133.53,10.26,-141.09,28.3,8.03,33.9,0,,nan,nan,Prophet+Wx+Hol
Yo-Chi Kawana Waters,QLD,2026-11-29,FY 2027,forecast,1410.4,619.67,2113.02,1.0,13.9606,101.03,2.35,-0.0,29.5,3.97,38.3,0,,nan,nan,Prophet+Wx+Hol
Yo-Chi Kawana Waters,QLD,2026-11-30,FY 2027,forecast,0.0,0.0,0.0,1.0,13.9606,0.0,0.0,-0.0,27.7,17.9,35.9,0,,nan,nan,Prophet+Wx+Hol
Yo-Chi Kawana Waters,QLD,2026-12-01,FY 2027,forecast,0.0,0.0,0.0,1.0,13.9606,0.0,0.0,-0.0,27.7,18.02,38.6,0,,nan,nan,Prophet+Wx+Hol
Yo-Chi Kawana Waters,QLD,2026-12-02,FY 2027,forecast,614.6,0.0,1314.06,1.0,13.9606,44.02,0.0,-338.25,29.0,4.45,40.3,0,,nan,nan,Prophet+Wx+Hol
Yo-Chi Kawana Waters,QLD,2026-12-03,FY 2027,forecast,252.82,0.0,963.28,1.0,13.9606,18.11,0.0,-5.51,28.8,0.42,36.7,0,,nan,nan,Prophet+Wx+Hol
Yo-Chi Kawana Waters,QLD,2026-12-04,FY 2027,forecast,561.25,0.0,1289.44,1.0,13.9606,40.2,0.0,-55.09,29.1,1.08,32.9,0,,nan,nan,Prophet+Wx+Hol
Yo-Chi Kawana Waters,QLD,2026-12-05,FY 2027,forecast,2084.72,1374.19,2838.0,1.0,13.9606,149.33,1.73,-175.25,28.8,1.87,34.4,0,,nan,nan,Prophet+Wx+Hol
Yo-Chi Kawana Waters,QLD,2026-12-06,FY 2027,forecast,1381.54,633.2,2093.7,1.0,13.9606,98.96,0.0,-30.69,31.2,0.1,35.8,0,,nan,nan,Prophet+Wx+Hol
Yo-Chi Kawana Waters,QLD,2026-12-07,FY 2027,forecast,0.0,0.0,0.0,1.0,13.9606,0.0,0.0,-0.0,30.2,3.75,34.7,0,,nan,nan,Prophet+Wx+Hol
Yo-Chi Kawana Waters,QLD,2026-12-08,FY 2027,forecast,0.0,0.0,0.0,1.0,13.9606,0.0,0.0,-0.0,30.6,7.12,31.7,0,,nan,nan,Prophet+Wx+Hol
Yo-Chi Kawana Waters,QLD,2026-12-09,FY 2027,forecast,307.86,0.0,1098.11,1.0,13.9606,22.05,0.0,-354.02,28.4,2.33,33.1,0,,nan,nan,Prophet+Wx+Hol
Yo-Chi Kawana Waters,QLD,2026-12-10,FY 2027,forecast,0.0,0.0,329.05,1.0,13.9606,0.0,0.0,-0.0,28.6,7.95,33.8,0,,nan,nan,Prophet+Wx+Hol
Yo-Chi Kawana Waters,QLD,2026-12-11,FY 2027,forecast,0.0,0.0,734.41,1.0,13.9606,0.0,0.0,-0.0,27.6,5.88,35.4,0,,nan,nan,Prophet+Wx+Hol
Yo-Chi Kawana Waters,QLD,2026-12-12,FY 2027,forecast,1549.34,861.57,2317.83,1.0,13.9606,110.98,4.94,-106.61,27.3,4.98,35.6,0,,nan,nan,Prophet+Wx+Hol
Yo-Chi Kawana Waters,QLD,2026-12-13,FY 2027,forecast,465.72,0.0,1156.31,1.0,13.9606,33.36,0.0,-0.0,27.4,15.27,39.1,0,,nan,nan,Prophet+Wx+Hol
Yo-Chi Kawana Waters,QLD,2026-12-14,FY 2027,forecast,0.0,0.0,0.0,1.0,13.9606,0.0,0.0,-0.0,29.3,15.78,39.7,0,,nan,nan,Prophet+Wx+Hol
Yo-Chi Kawana Waters,QLD,2026-12-15,FY 2027,forecast,0.0,0.0,0.0,1.0,13.9606,0.0,4.79,-0.0,30.4,2.8,38.1,0,,nan,nan,Prophet+Wx+Hol
Yo-Chi Kawana Waters,QLD,2026-12-16,FY 2027,forecast,0.0,0.0,505.52,1.0,13.9606,0.0,0.0,-264.03,28.5,5.97,37.4,0,,nan,nan,Prophet+Wx+Hol
Yo-Chi Kawana Waters,QLD,2026-12-17,FY 2027,forecast,0.0,0.0,0.0,1.0,13.9606,0.0,0.0,-0.0,28.4,6.42,35.9,0,,nan,nan,Prophet+Wx+Hol
Yo-Chi Kawana Waters,QLD,2026-12-18,FY 2027,forecast,0.0,0.0,291.68,1.0,13.9606,0.0,0.0,-0.0,28.5,6.65,37.3,0,,nan,nan,Prophet+Wx+Hol
Yo-Chi Kawana Waters,QLD,2026-12-19,FY 2027,forecast,1432.11,717.4,2183.85,1.0,13.9606,102.58,15.91,-58.12,28.4,0.33,38.1,0,,nan,nan,Prophet+Wx+Hol
Yo-Chi Kawana Waters,QLD,2026-12-20,FY 2027,forecast,752.35,31.47,1435.48,1.0,13.9606,53.89,13.35,-0.0,29.6,0.17,37.8,0,,nan,nan,Prophet+Wx+Hol
Yo-Chi Kawana Waters,QLD,2026-12-21,FY 2027,forecast,0.0,0.0,0.0,1.0,13.9606,0.0,12.84,-0.0,29.9,2.78,34.1,0,,nan,nan,Prophet+Wx+Hol
Yo-Chi Kawana Waters,QLD,2026-12-22,FY 2027,forecast,0.0,0.0,0.0,1.0,13.9606,0.0,17.3,-0.0,29.9,2.65,32.8,0,,nan,nan,Prophet+Wx+Hol
Yo-Chi Kawana Waters,QLD,2026-12-23,FY 2027,forecast,0.0,0.0,616.89,1.0,13.9606,0.0,4.4,-275.89,30.0,2.6,35.4,0,,nan,nan,Prophet+Wx+Hol
Yo-Chi Kawana Waters,QLD,2026-12-24,FY 2027,forecast,0.0,0.0,36.55,1.0,13.9606,0.0,0.56,-0.0,28.8,9.68,33.0,0,,nan,nan,Prophet+Wx+Hol
Yo-Chi Kawana Waters,QLD,2026-12-25,FY 2027,forecast,0.54,0.0,741.58,1.0,13.9606,0.04,3.05,-0.0,30.2,4.02,34.4,0,Christmas Day,nan,nan,Prophet+Wx+Hol
Yo-Chi Kawana Waters,QLD,2026-12-26,FY 2027,forecast,1671.42,917.76,2358.96,1.0,13.9606,119.72,21.58,-89.13,28.3,2.35,34.8,0,Boxing Day,nan,nan,Prophet+Wx+Hol
Yo-Chi Kawana Waters,QLD,2026-12-27,FY 2027,forecast,501.62,0.0,1221.19,1.0,13.9606,35.93,2.25,-0.0,28.5,4.03,35.9,0,,nan,nan,Prophet+Wx+Hol
Yo-Chi Kawana Waters,QLD,2026-12-28,FY 2027,forecast,0.0,0.0,0.0,1.0,13.9606,0.0,8.17,-0.0,29.2,1.58,36.2,0,Boxing Day (observed),nan,nan,Prophet+Wx+Hol
Yo-Chi Kawana Waters,QLD,2026-12-29,FY 2027,forecast,0.0,0.0,0.0,1.0,13.9606,0.0,9.28,-0.0,29.8,0.98,36.9,0,,nan,nan,Prophet+Wx+Hol
Yo-Chi Kawana Waters,QLD,2026-12-30,FY 2027,forecast,461.76,0.0,1177.35,1.0,13.9606,33.08,0.0,-324.89,27.1,5.28,34.2,0,,nan,nan,Prophet+Wx+Hol
Yo-Chi Kawana Waters,QLD,2026-12-31,FY 2027,forecast,162.13,0.0,880.18,1.0,13.9606,11.61,0.0,-0.0,28.6,1.78,38.4,0,,nan,nan,Prophet+Wx+Hol
Yo-Chi Kawana Waters,QLD,2027-01-01,FY 2027,forecast,428.06,0.0,1153.04,1.0,13.9606,30.66,0.67,-4.92,27.3,6.79,32.7,0,New Year's Day,nan,nan,Prophet+Wx+Hol
Yo-Chi Kawana Waters,QLD,2027-01-02,FY 2027,forecast,1845.34,1090.93,2586.02,1.0,13.9606,132.18,15.05,-131.65,26.9,10.87,34.2,0,,nan,nan,Prophet+Wx+Hol
Yo-Chi Kawana Waters,QLD,2027-01-03,FY 2027,forecast,1626.18,928.52,2324.96,1.0,13.9606,116.48,0.0,-0.0,28.9,3.5,37.5,0,,nan,nan,Prophet+Wx+Hol
Yo-Chi Kawana Waters,QLD,2027-01-04,FY 2027,forecast,0.0,0.0,292.18,1.0,13.9606,0.0,0.0,-0.0,29.6,2.8,37.9,0,,nan,nan,Prophet+Wx+Hol
Yo-Chi Kawana Waters,QLD,2027-01-05,FY 2027,forecast,0.0,0.0,0.0,1.0,13.9606,0.0,0.0,-0.0,29.5,3.1,34.9,0,,nan,nan,Prophet+Wx+Hol
Yo-Chi Kawana Waters,QLD,2027-01-06,FY 2027,forecast,775.01,28.38,1540.51,1.0,13.9606,55.51,0.0,-376.23,28.7,2.69,37.3,0,,nan,nan,Prophet+Wx+Hol
Yo-Chi Kawana Waters,QLD,2027-01-07,FY 2027,forecast,225.46,0.0,1009.13,1.0,13.9606,16.15,0.0,-0.0,27.8,4.07,37.7,0,,nan,nan,Prophet+Wx+Hol
Yo-Chi Kawana Waters,QLD,2027-01-08,FY 2027,forecast,551.45,0.0,1323.87,1.0,13.9606,39.5,0.0,-29.0,28.1,4.66,35.6,0,,nan,nan,Prophet+Wx+Hol
Yo-Chi Kawana Waters,QLD,2027-01-09,FY 2027,forecast,2115.69,1409.76,2830.2,1.0,13.9606,151.55,0.0,-167.18,28.6,4.83,35.6,0,,nan,nan,Prophet+Wx+Hol
Yo-Chi Kawana Waters,QLD,2027-01-10,FY 2027,forecast,1252.93,509.85,1989.28,1.0,13.9606,89.75,0.0,-0.0,29.1,7.4,37.3,0,,nan,nan,Prophet+Wx+Hol
Yo-Chi Kawana Waters,QLD,2027-01-11,FY 2027,forecast,0.0,0.0,0.0,1.0,13.9606,0.0,0.0,-0.0,29.0,9.57,36.3,0,,nan,nan,Prophet+Wx+Hol
Yo-Chi Kawana Waters,QLD,2027-01-12,FY 2027,forecast,0.0,0.0,0.0,1.0,13.9606,0.0,0.0,-0.0,27.6,4.54,37.8,0,,nan,nan,Prophet+Wx+Hol
Yo-Chi Kawana Waters,QLD,2027-01-13,FY 2027,forecast,259.43,0.0,1012.98,1.0,13.9606,18.58,0.0,-357.28,29.0,1.24,34.6,0,,nan,nan,Prophet+Wx+Hol
Yo-Chi Kawana Waters,QLD,2027-01-14,FY 2027,forecast,0.0,0.0,396.49,1.0,13.9606,0.0,0.0,-0.0,29.0,1.31,34.6,0,,nan,nan,Prophet+Wx+Hol
Yo-Chi Kawana Waters,QLD,2027-01-15,FY 2027,forecast,0.0,0.0,558.74,1.0,13.9606,0.0,0.0,-0.0,29.5,4.4,34.3,0,,nan,nan,Prophet+Wx+Hol
Yo-Chi Kawana Waters,QLD,2027-01-16,FY 2027,forecast,1223.58,513.73,1982.83,1.0,13.9606,87.65,8.04,-89.51,29.8,8.64,36.1,0,,nan,nan,Prophet+Wx+Hol
Yo-Chi Kawana Waters,QLD,2027-01-17,FY 2027,forecast,577.67,0.0,1328.2,1.0,13.9606,41.38,7.54,-0.0,29.3,5.29,34.1,0,,nan,nan,Prophet+Wx+Hol
Yo-Chi Kawana Waters,QLD,2027-01-18,FY 2027,forecast,0.0,0.0,0.0,1.0,13.9606,0.0,1.58,-0.0,29.4,15.94,38.5,0,,nan,nan,Prophet+Wx+Hol
Yo-Chi Kawana Waters,QLD,2027-01-19,FY 2027,forecast,0.0,0.0,0.0,1.0,13.9606,0.0,8.95,-0.0,29.4,9.86,36.9,0,,nan,nan,Prophet+Wx+Hol
Yo-Chi Kawana Waters,QLD,2027-01-20,FY 2027,forecast,0.0,0.0,215.42,1.0,13.9606,0.0,0.52,-258.44,27.8,5.84,35.2,0,,nan,nan,Prophet+Wx+Hol
Yo-Chi Kawana Waters,QLD,2027-01-21,FY 2027,forecast,0.0,0.0,0.0,1.0,13.9606,0.0,0.0,-0.0,29.3,1.0,35.8,0,,nan,nan,Prophet+Wx+Hol
Yo-Chi Kawana Waters,QLD,2027-01-22,FY 2027,forecast,0.0,0.0,118.32,1.0,13.9606,0.0,4.54,-0.0,31.2,0.59,33.3,0,,nan,nan,Prophet+Wx+Hol
Yo-Chi Kawana Waters,QLD,2027-01-23,FY 2027,forecast,1115.19,370.35,1859.18,1.0,13.9606,79.88,23.56,-40.26,28.4,4.49,35.0,0,,nan,nan,Prophet+Wx+Hol
Yo-Chi Kawana Waters,QLD,2027-01-24,FY 2027,forecast,511.05,0.0,1226.05,1.0,13.9606,36.61,19.93,-0.0,30.9,1.26,37.1,0,,nan,nan,Prophet+Wx+Hol
Yo-Chi Kawana Waters,QLD,2027-01-25,FY 2027,forecast,0.0,0.0,0.0,1.0,13.9606,0.0,20.04,-0.0,30.3,2.33,32.4,0,,nan,nan,Prophet+Wx+Hol
Yo-Chi Kawana Waters,QLD,2027-01-26,FY 2027,forecast,0.0,0.0,0.0,1.0,13.9606,0.0,1.58,-0.0,30.8,2.27,32.2,0,Australia Day,nan,nan,Prophet+Wx+Hol
Yo-Chi Kawana Waters,QLD,2027-01-27,FY 2027,forecast,450.3,0.0,1217.46,1.0,13.9606,32.26,0.0,-303.91,30.0,0.71,32.4,0,,nan,nan,Prophet+Wx+Hol
Yo-Chi Kawana Waters,QLD,2027-01-28,FY 2027,forecast,0.0,0.0,0.0,1.0,13.9606,0.0,6.23,-0.0,30.1,8.63,32.1,0,,nan,nan,Prophet+Wx+Hol
Yo-Chi Kawana Waters,QLD,2027-01-29,FY 2027,forecast,0.0,0.0,728.82,1.0,13.9606,0.0,3.35,-0.0,30.4,3.07,38.4,0,,nan,nan,Prophet+Wx+Hol
Yo-Chi Kawana Waters,QLD,2027-01-30,FY 2027,forecast,1653.99,909.84,2382.18,1.0,13.9606,118.48,24.22,-97.66,29.7,6.21,34.9,0,,nan,nan,Prophet+Wx+Hol
Yo-Chi Kawana Waters,QLD,2027-01-31,FY 2027,forecast,1141.83,429.76,1901.07,1.0,13.9606,81.79,18.46,-0.0,30.5,4.29,35.2,0,,nan,nan,Prophet+Wx+Hol
Yo-Chi Kawana Waters,QLD,2027-02-01,FY 2027,forecast,0.0,0.0,0.0,1.0,13.9606,0.0,11.95,-0.0,31.3,1.49,37.2,0,,nan,nan,Prophet+Wx+Hol
Yo-Chi Kawana Waters,QLD,2027-02-02,FY 2027,forecast,0.0,0.0,0.0,1.0,13.9606,0.0,13.97,-0.0,30.5,9.03,34.4,0,,nan,nan,Prophet+Wx+Hol
Yo-Chi Kawana Waters,QLD,2027-02-03,FY 2027,forecast,417.34,0.0,1135.88,1.0,13.9606,29.89,0.0,-357.49,30.1,9.64,38.1,0,,nan,nan,Prophet+Wx+Hol
Yo-Chi Kawana Waters,QLD,2027-02-04,FY 2027,forecast,354.88,0.0,1067.54,1.0,13.9606,25.42,0.0,-0.0,28.1,2.89,37.7,0,,nan,nan,Prophet+Wx+Hol
Yo-Chi Kawana Waters,QLD,2027-02-05,FY 2027,forecast,840.66,75.01,1552.85,1.0,13.9606,60.22,0.0,-49.96,28.5,3.09,35.5,0,,nan,nan,Prophet+Wx+Hol
Yo-Chi Kawana Waters,QLD,2027-02-06,FY 2027,forecast,2474.65,1792.57,3277.49,1.0,13.9606,177.26,9.36,-200.08,28.6,6.86,35.4,0,,nan,nan,Prophet+Wx+Hol
Yo-Chi Kawana Waters,QLD,2027-02-07,FY 2027,forecast,1813.36,1082.44,2564.3,1.0,13.9606,129.89,2.4,-44.75,29.0,6.44,36.1,0,,nan,nan,Prophet+Wx+Hol
Yo-Chi Kawana Waters,QLD,2027-02-08,FY 2027,forecast,0.0,0.0,234.1,1.0,13.9606,0.0,0.0,-3.34,28.9,8.89,36.0,0,,nan,nan,Prophet+Wx+Hol
Yo-Chi Kawana Waters,QLD,2027-02-09,FY 2027,forecast,0.0,0.0,0.0,1.0,13.9606,0.0,0.0,-0.0,28.7,4.51,34.1,0,,nan,nan,Prophet+Wx+Hol
Yo-Chi Kawana Waters,QLD,2027-02-10,FY 2027,forecast,860.96,152.35,1580.02,1.0,13.9606,61.67,0.0,-449.72,29.1,4.37,35.2,0,,nan,nan,Prophet+Wx+Hol
Yo-Chi Kawana Waters,QLD,2027-02-11,FY 2027,forecast,198.84,0.0,930.22,1.0,13.9606,14.24,0.0,-41.2,29.9,5.0,36.3,0,,nan,nan,Prophet+Wx+Hol
Yo-Chi Kawana Waters,QLD,2027-02-12,FY 2027,forecast,329.75,0.0,1027.84,1.0,13.9606,23.62,0.0,-48.76,30.5,9.71,38.6,0,,nan,nan,Prophet+Wx+Hol
Yo-Chi Kawana Waters,QLD,2027-02-13,FY 2027,forecast,2069.0,1318.55,2832.96,1.0,13.9606,148.2,0.0,-182.24,28.8,8.03,38.4,0,,nan,nan,Prophet+Wx+Hol
Yo-Chi Kawana Waters,QLD,2027-02-14,FY 2027,forecast,1072.99,348.17,1819.45,1.0,13.9606,76.86,0.0,-12.12,28.2,10.36,34.4,0,,nan,nan,Prophet+Wx+Hol
Yo-Chi Kawana Waters,QLD,2027-02-15,FY 2027,forecast,0.0,0.0,0.0,1.0,13.9606,0.0,0.0,-0.0,27.6,7.13,34.8,0,,nan,nan,Prophet+Wx+Hol
Yo-Chi Kawana Waters,QLD,2027-02-16,FY 2027,forecast,0.0,0.0,0.0,1.0,13.9606,0.0,0.0,-0.0,28.2,7.91,37.4,0,,nan,nan,Prophet+Wx+Hol
Yo-Chi Kawana Waters,QLD,2027-02-17,FY 2027,forecast,0.0,0.0,682.16,1.0,13.9606,0.0,0.0,-355.05,28.2,0.36,35.8,0,,nan,nan,Prophet+Wx+Hol
Yo-Chi Kawana Waters,QLD,2027-02-18,FY 2027,forecast,0.0,0.0,0.0,1.0,13.9606,0.0,0.0,-0.0,29.3,0.86,33.4,0,,nan,nan,Prophet+Wx+Hol
Yo-Chi Kawana Waters,QLD,2027-02-19,FY 2027,forecast,0.0,0.0,21.49,1.0,13.9606,0.0,0.0,-0.0,29.9,2.29,31.3,0,,nan,nan,Prophet+Wx+Hol
Yo-Chi Kawana Waters,QLD,2027-02-20,FY 2027,forecast,945.04,191.14,1711.95,1.0,13.9606,67.69,14.27,-77.83,29.0,0.86,32.8,0,,nan,nan,Prophet+Wx+Hol
Yo-Chi Kawana Waters,QLD,2027-02-21,FY 2027,forecast,86.89,0.0,802.2,1.0,13.9606,6.22,9.24,-0.0,29.5,0.61,36.6,0,,nan,nan,Prophet+Wx+Hol
Yo-Chi Kawana Waters,QLD,2027-02-22,FY 2027,forecast,0.0,0.0,0.0,1.0,13.9606,0.0,5.44,-0.0,29.6,1.61,39.3,0,,nan,nan,Prophet+Wx+Hol
Yo-Chi Kawana Waters,QLD,2027-02-23,FY 2027,forecast,0.0,0.0,0.0,1.0,13.9606,0.0,11.94,-0.0,29.0,10.64,36.1,0,,nan,nan,Prophet+Wx+Hol
Yo-Chi Kawana Waters,QLD,2027-02-24,FY 2027,forecast,0.0,0.0,0.0,1.0,13.9606,0.0,0.18,-160.24,27.6,13.46,36.7,0,,nan,nan,Prophet+Wx+Hol
Yo-Chi Kawana Waters,QLD,2027-02-25,FY 2027,forecast,0.0,0.0,0.0,1.0,13.9606,0.0,0.0,-0.0,27.5,15.16,33.6,0,,nan,nan,Prophet+Wx+Hol
Yo-Chi Kawana Waters,QLD,2027-02-26,FY 2027,forecast,0.0,0.0,0.0,1.0,13.9606,0.0,0.39,-0.0,28.5,25.71,35.1,0,,nan,nan,Prophet+Wx+Hol
Yo-Chi Kawana Waters,QLD,2027-02-27,FY 2027,forecast,0.0,0.0,549.12,1.0,13.9606,0.0,20.71,-0.0,28.1,25.24,37.6,0,,nan,nan,Prophet+Wx+Hol
Yo-Chi Kawana Waters,QLD,2027-02-28,FY 2027,forecast,238.37,0.0,1023.99,1.0,13.9606,17.07,23.93,-0.0,29.5,1.81,33.0,0,,nan,nan,Prophet+Wx+Hol
Yo-Chi Kawana Waters,QLD,2027-03-01,FY 2027,forecast,0.0,0.0,0.0,1.0,13.9606,0.0,20.65,-0.0,29.4,1.59,32.6,0,,nan,nan,Prophet+Wx+Hol
Yo-Chi Kawana Waters,QLD,2027-03-02,FY 2027,forecast,0.0,0.0,0.0,1.0,13.9606,0.0,22.89,-0.0,30.3,1.1,34.8,0,,nan,nan,Prophet+Wx+Hol
Yo-Chi Kawana Waters,QLD,2027-03-03,FY 2027,forecast,52.43,0.0,807.52,1.0,13.9606,3.76,5.66,-250.04,28.8,11.51,37.9,0,,nan,nan,Prophet+Wx+Hol
Yo-Chi Kawana Waters,QLD,2027-03-04,FY 2027,forecast,364.61,0.0,1120.48,1.0,13.9606,26.12,3.12,-0.0,28.3,3.9,35.6,0,,nan,nan,Prophet+Wx+Hol
Yo-Chi Kawana Waters,QLD,2027-03-05,FY 2027,forecast,1429.29,729.65,2197.66,1.0,13.9606,102.38,2.29,-0.0,28.4,4.24,37.8,0,,nan,nan,Prophet+Wx+Hol
Yo-Chi Kawana Waters,QLD,2027-03-06,FY 2027,forecast,3839.38,3076.56,4634.33,1.0,13.9606,275.01,21.5,-193.44,28.7,5.74,39.0,0,,nan,nan,Prophet+Wx+Hol
Yo-Chi Kawana Waters,QLD,2027-03-07,FY 2027,forecast,3824.17,3040.67,4560.56,1.0,13.9606,273.93,13.36,-72.6,28.7,6.66,41.8,0,,nan,nan,Prophet+Wx+Hol
Yo-Chi Kawana Waters,QLD,2027-03-08,FY 2027,forecast,1592.66,858.04,2319.7,1.0,13.9606,114.08,3.63,-37.51,28.1,25.67,43.9,0,,nan,nan,Prophet+Wx+Hol
Yo-Chi Kawana Waters,QLD,2027-03-09,FY 2027,forecast,1523.33,763.06,2247.8,1.0,13.9606,109.12,8.23,-71.88,27.3,31.76,39.5,0,,nan,nan,Prophet+Wx+Hol
Yo-Chi Kawana Waters,QLD,2027-03-10,FY 2027,forecast,5068.76,4285.9,5837.49,1.0,13.9606,363.08,0.0,-713.63,26.8,13.34,36.5,0,,nan,nan,Prophet+Wx+Hol
Yo-Chi Kawana Waters,QLD,2027-03-11,FY 2027,forecast,5560.78,4717.27,6378.59,1.0,13.9606,398.32,0.0,-409.3,26.3,9.81,33.1,0,,nan,nan,Prophet+Wx+Hol
Yo-Chi Kawana Waters,QLD,2027-03-12,FY 2027,forecast,7110.12,6218.18,7964.32,1.0,13.9606,509.3,0.0,-563.11,27.9,4.26,32.9,0,,nan,nan,Prophet+Wx+Hol
Yo-Chi Kawana Waters,QLD,2027-03-13,FY 2027,forecast,9971.57,8984.49,10977.11,1.0,13.9606,714.26,21.54,-814.11,27.5,1.84,32.7,0,,nan,nan,Prophet+Wx+Hol
Yo-Chi Kawana Waters,QLD,2027-03-14,FY 2027,forecast,10204.17,9216.56,11294.52,1.0,13.9606,730.93,16.98,-732.16,27.8,0.27,33.6,0,,nan,nan,Prophet+Wx+Hol
Yo-Chi Kawana Waters,QLD,2027-03-15,FY 2027,forecast,8665.04,7746.84,9547.12,1.0,13.9606,620.68,10.06,-736.47,27.1,5.61,37.6,0,,nan,nan,Prophet+Wx+Hol
Yo-Chi Kawana Waters,QLD,2027-03-16,FY 2027,forecast,8994.18,8029.74,9953.19,1.0,13.9606,644.25,18.16,-797.57,27.4,2.34,34.8,0,,nan,nan,Prophet+Wx+Hol
Yo-Chi Kawana Waters,QLD,2027-03-17,FY 2027,forecast,11598.38,10542.5,12624.82,1.0,13.9606,830.79,8.8,-961.5,28.2,4.44,33.1,0,,nan,nan,Prophet+Wx+Hol
Yo-Chi Kawana Waters,QLD,2027-03-18,FY 2027,forecast,11822.39,10734.19,12968.24,1.0,13.9606,846.84,7.9,-961.5,27.6,4.84,31.9,0,,nan,nan,Prophet+Wx+Hol
Yo-Chi Kawana Waters,QLD,2027-03-19,FY 2027,forecast,13134.56,12004.39,14287.13,1.0,13.9606,940.83,16.17,-961.5,27.2,1.89,28.6,0,,nan,nan,Prophet+Wx+Hol
Yo-Chi Kawana Waters,QLD,2027-03-20,FY 2027,forecast,15577.88,14198.13,16866.83,1.0,13.9606,1115.85,41.68,-961.5,27.9,2.83,29.1,0,,nan,nan,Prophet+Wx+Hol
Yo-Chi Kawana Waters,QLD,2027-03-21,FY 2027,forecast,15463.99,14300.11,16704.21,1.0,13.9606,1107.69,36.88,-961.5,28.0,3.11,34.9,0,,nan,nan,Prophet+Wx+Hol
Yo-Chi Kawana Waters,QLD,2027-03-22,FY 2027,forecast,13014.21,11851.34,14111.78,1.0,13.9606,932.21,36.98,-961.5,27.1,19.13,32.4,0,,nan,nan,Prophet+Wx+Hol
Yo-Chi Kawana Waters,QLD,2027-03-23,FY 2027,forecast,13218.93,11932.7,14436.75,1.0,13.9606,946.87,47.24,-961.5,27.2,9.83,31.9,0,,nan,nan,Prophet+Wx+Hol
Yo-Chi Kawana Waters,QLD,2027-03-24,FY 2027,forecast,15811.25,14457.46,17065.93,1.0,13.9606,1132.56,39.1,-961.5,27.0,3.83,32.9,0,,nan,nan,Prophet+Wx+Hol
Yo-Chi Kawana Waters,QLD,2027-03-25,FY 2027,forecast,15463.87,14175.58,16742.48,1.0,13.9606,1107.68,43.21,-961.5,27.0,4.83,27.4,0,,nan,nan,Prophet+Wx+Hol
Yo-Chi Kawana Waters,QLD,2027-03-26,FY 2027,forecast,14630.59,13411.7,15826.92,1.0,13.9606,1047.99,19.8,-961.5,27.0,13.01,28.2,0,Good Friday,nan,nan,Prophet+Wx+Hol
Yo-Chi Kawana Waters,QLD,2027-03-27,FY 2027,forecast,21127.39,19551.08,21781.94,1.0,13.9606,1513.36,29.63,-961.5,26.3,9.86,36.6,0,Easter Saturday,nan,nan,Prophet+Wx+Hol
Yo-Chi Kawana Waters,QLD,2027-03-28,FY 2027,forecast,14290.24,13113.26,15569.09,1.0,13.9606,1023.61,25.66,-961.5,26.5,17.46,34.3,0,Easter Sunday,nan,nan,Prophet+Wx+Hol
Yo-Chi Kawana Waters,QLD,2027-03-29,FY 2027,forecast,17685.5,16246.21,19051.98,1.0,13.9606,1266.81,52.07,-961.5,26.1,9.7,27.9,0,Easter Monday,nan,nan,Prophet+Wx+Hol
Yo-Chi Kawana Waters,QLD,2027-03-30,FY 2027,forecast,15033.02,13707.33,16376.9,1.0,13.9606,1076.82,88.29,-961.5,27.7,2.86,36.8,0,,nan,nan,Prophet+Wx+Hol
Yo-Chi Kawana Waters,QLD,2027-03-31,FY 2027,forecast,16681.58,15213.82,18054.41,1.0,13.9606,1194.9,60.01,-961.5,26.9,1.61,30.8,0,,nan,nan,Prophet+Wx+Hol
Yo-Chi Kawana Waters,QLD,2027-04-01,FY 2027,forecast,16111.35,14733.98,17456.33,1.0,13.9606,1154.06,53.77,-961.5,25.5,1.0,30.2,0,,nan,nan,Prophet+Wx+Hol
Yo-Chi Kawana Waters,QLD,2027-04-02,FY 2027,forecast,16313.9,15020.91,17725.0,1.0,13.9606,1168.57,53.12,-961.5,26.2,3.69,29.4,0,,nan,nan,Prophet+Wx+Hol
Yo-Chi Kawana Waters,QLD,2027-04-03,FY 2027,forecast,18112.64,16711.38,19500.43,1.0,13.9606,1297.41,69.08,-961.5,26.7,2.3,32.3,0,,nan,nan,Prophet+Wx+Hol
Yo-Chi Kawana Waters,QLD,2027-04-04,FY 2027,forecast,16907.09,15490.71,18416.27,1.0,13.9606,1211.06,57.96,-820.13,25.8,9.36,31.4,0,,nan,nan,Prophet+Wx+Hol
Yo-Chi Kawana Waters,QLD,2027-04-05,FY 2027,forecast,14432.56,13270.95,15746.42,1.0,13.9606,1033.81,48.23,-721.35,26.6,7.7,30.4,0,,nan,nan,Prophet+Wx+Hol
Yo-Chi Kawana Waters,QLD,2027-04-06,FY 2027,forecast,13683.38,12496.4,15023.68,1.0,13.9606,980.14,45.52,-616.32,26.0,6.13,28.6,0,,nan,nan,Prophet+Wx+Hol
Yo-Chi Kawana Waters,QLD,2027-04-07,FY 2027,forecast,15605.27,14302.39,16874.21,1.0,13.9606,1117.81,20.45,-961.5,27.2,3.39,33.3,0,,nan,nan,Prophet+Wx+Hol
Yo-Chi Kawana Waters,QLD,2027-04-08,FY 2027,forecast,15019.88,13781.07,16268.69,1.0,13.9606,1075.88,6.08,-564.43,27.3,0.36,34.4,0,,nan,nan,Prophet+Wx+Hol
Yo-Chi Kawana Waters,QLD,2027-04-09,FY 2027,forecast,15327.0,14059.2,16619.87,1.0,13.9606,1097.87,0.0,-540.08,26.9,1.71,35.5,0,,nan,nan,Prophet+Wx+Hol
Yo-Chi Kawana Waters,QLD,2027-04-10,FY 2027,forecast,17078.08,15572.03,18573.88,1.0,13.9606,1223.3,13.97,-680.43,27.2,0.74,31.6,0,,nan,nan,Prophet+Wx+Hol
Yo-Chi Kawana Waters,QLD,2027-04-11,FY 2027,forecast,16166.61,14725.95,17630.86,1.0,13.9606,1158.02,0.78,-467.27,28.2,0.17,32.0,0,,nan,nan,Prophet+Wx+Hol
Yo-Chi Kawana Waters,QLD,2027-04-12,FY 2027,forecast,13723.79,12495.13,14926.04,1.0,13.9606,983.04,0.0,-368.45,26.3,1.69,33.5,0,,nan,nan,Prophet+Wx+Hol
Yo-Chi Kawana Waters,QLD,2027-04-13,FY 2027,forecast,12988.61,11787.17,14258.47,1.0,13.9606,930.38,0.0,-300.89,25.8,1.21,32.3,0,,nan,nan,Prophet+Wx+Hol
Yo-Chi Kawana Waters,QLD,2027-04-14,FY 2027,forecast,14883.49,13529.58,16096.85,1.0,13.9606,1066.11,0.0,-825.49,25.7,0.46,29.0,0,,nan,nan,Prophet+Wx+Hol
Yo-Chi Kawana Waters,QLD,2027-04-15,FY 2027,forecast,14215.43,12995.39,15586.82,1.0,13.9606,1018.25,0.0,-377.33,26.1,0.26,30.3,0,,nan,nan,Prophet+Wx+Hol
Yo-Chi Kawana Waters,QLD,2027-04-16,FY 2027,forecast,14590.29,13335.35,15905.42,1.0,13.9606,1045.1,0.0,-412.45,27.3,0.01,33.2,0,,nan,nan,Prophet+Wx+Hol
Yo-Chi Kawana Waters,QLD,2027-04-17,FY 2027,forecast,16290.96,14882.51,17732.99,1.0,13.9606,1166.92,3.45,-603.76,27.3,1.31,29.3,0,,nan,nan,Prophet+Wx+Hol
Yo-Chi Kawana Waters,QLD,2027-04-18,FY 2027,forecast,15452.54,14120.87,16882.47,1.0,13.9606,1106.87,10.2,-435.08,26.4,0.69,29.6,0,,nan,nan,Prophet+Wx+Hol
Yo-Chi Kawana Waters,QLD,2027-04-19,FY 2027,forecast,12945.6,11811.38,14148.7,1.0,13.9606,927.29,23.43,-413.94,26.0,0.23,29.3,0,,nan,nan,Prophet+Wx+Hol
Yo-Chi Kawana Waters,QLD,2027-04-20,FY 2027,forecast,11988.7,10864.13,13072.04,1.0,13.9606,858.75,50.49,-394.78,27.0,1.4,29.0,0,,nan,nan,Prophet+Wx+Hol
Yo-Chi Kawana Waters,QLD,2027-04-21,FY 2027,forecast,13677.38,12395.51,14955.44,1.0,13.9606,979.71,61.07,-906.61,26.0,5.43,33.6,0,,nan,nan,Prophet+Wx+Hol
Yo-Chi Kawana Waters,QLD,2027-04-22,FY 2027,forecast,13113.57,11899.51,14437.96,1.0,13.9606,939.33,89.49,-493.76,25.5,0.27,36.7,0,,nan,nan,Prophet+Wx+Hol
Yo-Chi Kawana Waters,QLD,2027-04-23,FY 2027,forecast,13285.93,12108.33,14636.11,1.0,13.9606,951.67,134.43,-577.76,24.7,0.63,34.6,0,,nan,nan,Prophet+Wx+Hol
Yo-Chi Kawana Waters,QLD,2027-04-24,FY 2027,forecast,14757.94,13456.97,16154.96,1.0,13.9606,1057.11,202.45,-751.13,24.7,3.16,37.9,0,,nan,nan,Prophet+Wx+Hol
Yo-Chi Kawana Waters,QLD,2027-04-25,FY 2027,forecast,13365.29,12130.8,14657.61,1.0,13.9606,957.36,254.71,-609.1,23.6,7.04,33.7,0,,nan,nan,Prophet+Wx+Hol
Yo-Chi Kawana Waters,QLD,2027-04-26,FY 2027,forecast,10093.37,9045.16,11169.43,1.0,13.9606,722.99,50.48,-631.42,23.5,1.67,29.7,0,ANZAC Day,nan,nan,Prophet+Wx+Hol
Yo-Chi Kawana Waters,QLD,2027-04-27,FY 2027,forecast,11944.76,10770.3,13089.0,1.0,13.9606,855.6,73.58,-618.91,24.6,1.7,32.1,0,,nan,nan,Prophet+Wx+Hol
Yo-Chi Kawana Waters,QLD,2027-04-28,FY 2027,forecast,10873.29,9737.36,11977.33,1.0,13.9606,778.86,443.81,-961.5,24.3,0.87,32.6,0,,nan,nan,Prophet+Wx+Hol
Yo-Chi Kawana Waters,QLD,2027-04-29,FY 2027,forecast,9555.21,8545.72,10633.39,1.0,13.9606,684.44,520.89,-748.55,24.7,0.6,28.1,0,,nan,nan,Prophet+Wx+Hol
Yo-Chi Kawana Waters,QLD,2027-04-30,FY 2027,forecast,9186.13,8148.64,10198.6,1.0,13.9606,658.0,603.49,-782.23,24.9,3.73,30.0,0,,nan,nan,Prophet+Wx+Hol
Yo-Chi Kawana Waters,QLD,2027-05-01,FY 2027,forecast,10538.17,9399.3,11625.86,1.0,13.9606,754.85,669.1,-915.38,23.2,2.44,35.3,0,,nan,nan,Prophet+Wx+Hol
Yo-Chi Kawana Waters,QLD,2027-05-02,FY 2027,forecast,9019.69,8055.61,10080.25,1.0,13.9606,646.08,669.1,-701.74,23.2,1.24,40.3,0,,nan,nan,Prophet+Wx+Hol
Yo-Chi Kawana Waters,QLD,2027-05-03,FY 2027,forecast,5578.93,4706.28,6448.87,1.0,13.9606,399.62,669.1,-704.57,23.9,1.03,30.5,0,Labour Day,nan,nan,Prophet+Wx+Hol
Yo-Chi Kawana Waters,QLD,2027-05-04,FY 2027,forecast,3927.03,3183.83,4728.29,1.0,13.9606,281.29,669.1,-651.1,24.4,1.69,27.7,0,,nan,nan,Prophet+Wx+Hol
Yo-Chi Kawana Waters,QLD,2027-05-05,FY 2027,forecast,5093.18,4259.43,5892.2,1.0,13.9606,364.82,669.1,-961.5,23.7,2.51,29.2,0,,nan,nan,Prophet+Wx+Hol
Yo-Chi Kawana Waters,QLD,2027-05-06,FY 2027,forecast,3537.8,2758.97,4312.31,1.0,13.9606,253.41,669.1,-660.9,24.3,3.16,29.3,0,,nan,nan,Prophet+Wx+Hol
Yo-Chi Kawana Waters,QLD,2027-05-07,FY 2027,forecast,3151.75,2337.89,3928.8,1.0,13.9606,225.76,669.1,-651.43,24.3,3.34,31.6,0,,nan,nan,Prophet+Wx+Hol
Yo-Chi Kawana Waters,QLD,2027-05-08,FY 2027,forecast,4400.99,3576.4,5237.09,1.0,13.9606,315.24,669.1,-757.37,23.4,1.34,34.9,0,,nan,nan,Prophet+Wx+Hol
Yo-Chi Kawana Waters,QLD,2027-05-09,FY 2027,forecast,2587.18,1866.82,3340.76,1.0,13.9606,185.32,669.1,-531.45,22.8,4.57,31.2,0,,nan,nan,Prophet+Wx+Hol
Yo-Chi Kawana Waters,QLD,2027-05-10,FY 2027,forecast,0.0,0.0,287.34,1.0,13.9606,0.0,669.1,-444.09,24.1,0.41,32.9,0,,nan,nan,Prophet+Wx+Hol
Yo-Chi Kawana Waters,QLD,2027-05-11,FY 2027,forecast,0.0,0.0,0.0,1.0,13.9606,0.0,669.1,-306.6,23.2,7.94,33.6,0,,nan,nan,Prophet+Wx+Hol
Yo-Chi Kawana Waters,QLD,2027-05-12,FY 2027,forecast,0.0,0.0,0.0,1.0,13.9606,0.0,669.1,-770.22,22.7,11.13,35.2,0,,nan,nan,Prophet+Wx+Hol
Yo-Chi Kawana Waters,QLD,2027-05-13,FY 2027,forecast,0.0,0.0,0.0,1.0,13.9606,0.0,669.1,-311.18,23.2,5.13,30.4,0,,nan,nan,Prophet+Wx+Hol
Yo-Chi Kawana Waters,QLD,2027-05-14,FY 2027,forecast,0.0,0.0,0.0,1.0,13.9606,0.0,669.1,-303.43,23.1,8.28,28.4,0,,nan,nan,Prophet+Wx+Hol
Yo-Chi Kawana Waters,QLD,2027-05-15,FY 2027,forecast,0.0,0.0,89.32,1.0,13.9606,0.0,669.1,-435.36,23.3,8.33,26.7,0,,nan,nan,Prophet+Wx+Hol
Yo-Chi Kawana Waters,QLD,2027-05-16,FY 2027,forecast,0.0,0.0,0.0,1.0,13.9606,0.0,669.1,-166.29,21.9,9.65,30.9,0,,nan,nan,Prophet+Wx+Hol
Yo-Chi Kawana Waters,QLD,2027-05-17,FY 2027,forecast,0.0,0.0,0.0,1.0,13.9606,0.0,669.1,-111.94,22.7,2.35,29.8,0,,nan,nan,Prophet+Wx+Hol
Yo-Chi Kawana Waters,QLD,2027-05-18,FY 2027,forecast,0.0,0.0,0.0,1.0,13.9606,0.0,669.1,-42.06,22.9,0.72,27.9,0,,nan,nan,Prophet+Wx+Hol
Yo-Chi Kawana Waters,QLD,2027-05-19,FY 2027,forecast,0.0,0.0,0.0,1.0,13.9606,0.0,669.1,-530.82,21.7,1.13,31.1,0,,nan,nan,Prophet+Wx+Hol
Yo-Chi Kawana Waters,QLD,2027-05-20,FY 2027,forecast,0.0,0.0,0.0,1.0,13.9606,0.0,669.1,-85.67,21.5,1.37,24.9,0,,nan,nan,Prophet+Wx+Hol
Yo-Chi Kawana Waters,QLD,2027-05-21,FY 2027,forecast,0.0,0.0,0.0,1.0,13.9606,0.0,669.1,-70.0,21.0,4.27,30.6,0,,nan,nan,Prophet+Wx+Hol
Yo-Chi Kawana Waters,QLD,2027-05-22,FY 2027,forecast,0.0,0.0,94.22,1.0,13.9606,0.0,669.1,-235.11,20.9,1.63,31.8,0,,nan,nan,Prophet+Wx+Hol
Yo-Chi Kawana Waters,QLD,2027-05-23,FY 2027,forecast,0.0,0.0,0.0,1.0,13.9606,0.0,669.1,-66.78,20.9,0.15,29.0,0,,nan,nan,Prophet+Wx+Hol
Yo-Chi Kawana Waters,QLD,2027-05-24,FY 2027,forecast,0.0,0.0,0.0,1.0,13.9606,0.0,669.1,-39.77,22.6,0.18,28.4,0,,nan,nan,Prophet+Wx+Hol
Yo-Chi Kawana Waters,QLD,2027-05-25,FY 2027,forecast,0.0,0.0,0.0,1.0,13.9606,0.0,669.1,-23.05,22.8,0.72,24.6,0,,nan,nan,Prophet+Wx+Hol
Yo-Chi Kawana Waters,QLD,2027-05-26,FY 2027,forecast,0.0,0.0,0.0,1.0,13.9606,0.0,669.1,-580.85,23.7,0.63,27.2,0,,nan,nan,Prophet+Wx+Hol
Yo-Chi Kawana Waters,QLD,2027-05-27,FY 2027,forecast,0.0,0.0,0.0,1.0,13.9606,0.0,669.1,-133.74,23.7,0.03,29.1,0,,nan,nan,Prophet+Wx+Hol
Yo-Chi Kawana Waters,QLD,2027-05-28,FY 2027,forecast,0.0,0.0,436.18,1.0,13.9606,0.0,669.1,-214.5,22.1,0.3,26.2,0,,nan,nan,Prophet+Wx+Hol
Yo-Chi Kawana Waters,QLD,2027-05-29,FY 2027,forecast,2336.17,1621.17,3136.12,1.0,13.9606,167.34,669.1,-371.5,21.2,0.12,33.6,0,,nan,nan,Prophet+Wx+Hol
Yo-Chi Kawana Waters,QLD,2027-05-30,FY 2027,forecast,1635.67,892.36,2432.55,1.0,13.9606,117.16,669.1,-212.9,20.6,7.12,29.8,0,,nan,nan,Prophet+Wx+Hol
Yo-Chi Kawana Waters,QLD,2027-05-31,FY 2027,forecast,0.0,0.0,384.13,1.0,13.9606,0.0,669.1,-184.27,21.0,6.13,33.6,0,,nan,nan,Prophet+Wx+Hol
Yo-Chi Kawana Waters,QLD,2027-06-01,FY 2027,forecast,0.0,0.0,231.31,1.0,13.9606,0.0,626.33,-186.08,22.4,2.35,33.6,0,,nan,nan,Prophet+Wx+Hol
Yo-Chi Kawana Waters,QLD,2027-06-02,FY 2027,forecast,2084.6,1345.86,2823.93,1.0,13.9606,149.32,509.21,-786.05,21.0,0.27,31.4,0,,nan,nan,Prophet+Wx+Hol
Yo-Chi Kawana Waters,QLD,2027-06-03,FY 2027,forecast,1703.26,948.16,2416.1,1.0,13.9606,122.0,400.8,-331.8,20.8,2.67,33.4,0,,nan,nan,Prophet+Wx+Hol
Yo-Chi Kawana Waters,QLD,2027-06-04,FY 2027,forecast,2586.57,1811.15,3345.08,1.0,13.9606,185.28,305.04,-401.62,20.8,0.92,35.0,0,,nan,nan,Prophet+Wx+Hol
Yo-Chi Kawana Waters,QLD,2027-06-05,FY 2027,forecast,4794.01,3945.51,5568.02,1.0,13.9606,343.4,243.63,-639.45,20.5,0.23,28.8,0,,nan,nan,Prophet+Wx+Hol
Yo-Chi Kawana Waters,QLD,2027-06-06,FY 2027,forecast,4035.24,3200.26,4877.0,1.0,13.9606,289.04,155.0,-477.55,20.9,0.55,27.4,0,,nan,nan,Prophet+Wx+Hol
Yo-Chi Kawana Waters,QLD,2027-06-07,FY 2027,forecast,1587.79,843.62,2299.6,1.0,13.9606,113.73,73.33,-445.58,20.3,0.13,27.1,0,,nan,nan,Prophet+Wx+Hol
Yo-Chi Kawana Waters,QLD,2027-06-08,FY 2027,forecast,870.1,165.89,1608.15,1.0,13.9606,62.33,5.48,-385.75,20.7,0.1,30.0,0,,nan,nan,Prophet+Wx+Hol
Yo-Chi Kawana Waters,QLD,2027-06-09,FY 2027,forecast,3043.12,2266.68,3798.52,1.0,13.9606,217.98,0.0,-878.16,19.7,0.73,40.5,0,,nan,nan,Prophet+Wx+Hol
Yo-Chi Kawana Waters,QLD,2027-06-10,FY 2027,forecast,2180.7,1419.45,2927.02,1.0,13.9606,156.2,0.0,-451.93,19.6,0.85,32.6,0,,nan,nan,Prophet+Wx+Hol
Yo-Chi Kawana Waters,QLD,2027-06-11,FY 2027,forecast,2454.27,1631.84,3228.97,1.0,13.9606,175.8,0.0,-510.38,20.0,0.52,29.5,0,,nan,nan,Prophet+Wx+Hol
Yo-Chi Kawana Waters,QLD,2027-06-12,FY 2027,forecast,4244.73,3445.9,5037.2,1.0,13.9606,304.05,0.0,-663.59,20.6,0.25,31.6,0,,nan,nan,Prophet+Wx+Hol
Yo-Chi Kawana Waters,QLD,2027-06-13,FY 2027,forecast,3044.49,2250.71,3775.48,1.0,13.9606,218.08,0.0,-466.19,20.6,0.43,28.9,0,,nan,nan,Prophet+Wx+Hol
Yo-Chi Kawana Waters,QLD,2027-06-14,FY 2027,forecast,0.0,0.0,745.83,1.0,13.9606,0.0,0.0,-396.14,21.5,2.15,28.4,0,,nan,nan,Prophet+Wx+Hol
Yo-Chi Kawana Waters,QLD,2027-06-15,FY 2027,forecast,0.0,0.0,0.0,1.0,13.9606,0.0,0.0,-330.71,21.3,1.75,25.5,0,,nan,nan,Prophet+Wx+Hol
Yo-Chi Kawana Waters,QLD,2027-06-16,FY 2027,forecast,716.86,0.0,1448.2,1.0,13.9606,51.35,0.0,-864.67,21.3,0.18,25.9,0,,nan,nan,Prophet+Wx+Hol
Yo-Chi Kawana Waters,QLD,2027-06-17,FY 2027,forecast,0.0,0.0,482.56,1.0,13.9606,0.0,0.0,-333.1,20.6,0.23,28.8,0,,nan,nan,Prophet+Wx+Hol
Yo-Chi Kawana Waters,QLD,2027-06-18,FY 2027,forecast,0.0,0.0,589.82,1.0,13.9606,0.0,0.0,-323.61,20.8,0.35,31.9,0,,nan,nan,Prophet+Wx+Hol
Yo-Chi Kawana Waters,QLD,2027-06-19,FY 2027,forecast,1613.94,858.63,2349.7,1.0,13.9606,115.61,0.0,-453.41,20.4,0.1,33.4,0,,nan,nan,Prophet+Wx+Hol
Yo-Chi Kawana Waters,QLD,2027-06-20,FY 2027,forecast,317.87,0.0,1032.77,1.0,13.9606,22.77,0.0,-262.39,20.5,0.12,26.5,0,,nan,nan,Prophet+Wx+Hol
Yo-Chi Kawana Waters,QLD,2027-06-21,FY 2027,forecast,0.0,0.0,0.0,1.0,13.9606,0.0,0.0,-182.25,21.2,0.15,26.5,0,,nan,nan,Prophet+Wx+Hol
Yo-Chi Kawana Waters,QLD,2027-06-22,FY 2027,forecast,0.0,0.0,0.0,1.0,13.9606,0.0,0.0,-72.99,20.8,0.3,29.3,0,,nan,nan,Prophet+Wx+Hol
Yo-Chi Kawana Waters,QLD,2027-06-23,FY 2027,forecast,0.0,0.0,0.0,1.0,13.9606,0.0,0.0,-588.62,21.0,1.12,32.6,0,,nan,nan,Prophet+Wx+Hol
Yo-Chi Kawana Waters,QLD,2027-06-24,FY 2027,forecast,0.0,0.0,0.0,1.0,13.9606,0.0,0.0,-117.24,21.7,0.33,27.8,0,,nan,nan,Prophet+Wx+Hol
Yo-Chi Kawana Waters,QLD,2027-06-25,FY 2027,forecast,0.0,0.0,0.0,1.0,13.9606,0.0,0.0,-136.44,21.7,2.43,27.2,0,,nan,nan,Prophet+Wx+Hol
Yo-Chi Kawana Waters,QLD,2027-06-26,FY 2027,forecast,0.0,0.0,564.61,1.0,13.9606,0.0,0.0,-295.89,21.0,0.82,27.4,0,,nan,nan,Prophet+Wx+Hol
Yo-Chi Kawana Waters,QLD,2027-06-27,FY 2027,forecast,0.0,0.0,0.0,1.0,13.9606,0.0,8.8,-90.07,21.6,0.25,27.3,0,,nan,nan,Prophet+Wx+Hol
Yo-Chi Kawana Waters,QLD,2027-06-28,FY 2027,forecast,0.0,0.0,0.0,1.0,13.9606,0.0,27.62,-26.25,20.6,0.65,27.0,0,,nan,nan,Prophet+Wx+Hol
Yo-Chi Kawana Waters,QLD,2027-06-29,FY 2027,forecast,0.0,0.0,0.0,1.0,13.9606,0.0,51.05,-0.0,20.2,1.88,28.4,0,,nan,nan,Prophet+Wx+Hol
Yo-Chi Kawana Waters,QLD,2027-06-30,FY 2027,forecast,0.0,0.0,0.0,1.0,13.9606,0.0,53.23,-515.71,20.3,4.87,28.7,0,,nan,nan,Prophet+Wx+Hol
Yo-Chi Kawana Waters,QLD,2027-07-01,FY 2028,forecast,0.0,0.0,0.0,1.0,13.9606,0.0,53.23,-515.71,,,,0,,nan,nan,Prophet+Wx+Hol
Yo-Chi New Venue 01,VIC,2026-05-01,FY 2026,forecast,0.0,0.0,0.0,1.0,25.0,0.0,,,26.6,0.0,42.8,0,,,,FutureVenue-Template
Yo-Chi New Venue 01,VIC,2026-05-02,FY 2026,forecast,0.0,0.0,0.0,1.0,25.0,0.0,,,24.5,1.2,44.6,0,,,,FutureVenue-Template
Yo-Chi New Venue 01,VIC,2026-05-03,FY 2026,forecast,0.0,0.0,0.0,1.0,25.0,0.0,,,21.1,11.6,63.4,0,,,,FutureVenue-Template
Yo-Chi New Venue 01,VIC,2026-05-04,FY 2026,forecast,0.0,0.0,0.0,1.0,25.0,0.0,,,19.0,2.9,70.6,0,,,,FutureVenue-Template
Yo-Chi New Venue 01,VIC,2026-05-05,FY 2026,forecast,0.0,0.0,0.0,1.0,25.0,0.0,,,17.4,0.0,37.8,0,,,,FutureVenue-Template
Yo-Chi New Venue 01,VIC,2026-05-06,FY 2026,forecast,0.0,0.0,0.0,1.0,25.0,0.0,,,19.3,3.9,56.2,0,,,,FutureVenue-Template
Yo-Chi New Venue 01,VIC,2026-05-07,FY 2026,forecast,0.0,0.0,0.0,1.0,25.0,0.0,,,13.0,4.7,52.6,0,,,,FutureVenue-Template
Yo-Chi New Venue 01,VIC,2026-05-08,FY 2026,forecast,0.0,0.0,0.0,1.0,25.0,0.0,,,16.3,1.0,54.7,0,,,,FutureVenue-Template
Yo-Chi New Venue 01,VIC,2026-05-09,FY 2026,forecast,0.0,0.0,0.0,1.0,25.0,0.0,,,16.1,1.0,30.6,0,,,,FutureVenue-Template
Yo-Chi New Venue 01,VIC,2026-05-10,FY 2026,forecast,0.0,0.0,0.0,1.0,25.0,0.0,,,16.5,0.9,25.6,0,,,,FutureVenue-Template
Yo-Chi New Venue 01,VIC,2026-05-11,FY 2026,forecast,0.0,0.0,0.0,1.0,25.0,0.0,,,17.6,0.0,26.3,0,,,,FutureVenue-Template
Yo-Chi New Venue 01,VIC,2026-05-12,FY 2026,forecast,0.0,0.0,0.0,1.0,25.0,0.0,,,20.2,0.0,20.2,0,,,,FutureVenue-Template
Yo-Chi New Venue 01,VIC,2026-05-13,FY 2026,forecast,0.0,0.0,0.0,1.0,25.0,0.0,,,17.2,1.82,25.8,0,,,,FutureVenue-Template
Yo-Chi New Venue 01,VIC,2026-05-14,FY 2026,forecast,0.0,0.0,0.0,1.0,25.0,0.0,,,16.1,0.37,34.2,0,,,,FutureVenue-Template
Yo-Chi New Venue 01,VIC,2026-05-15,FY 2026,forecast,0.0,0.0,0.0,1.0,25.0,0.0,,,16.4,0.67,34.5,0,,,,FutureVenue-Template
Yo-Chi New Venue 01,VIC,2026-05-16,FY 2026,forecast,0.0,0.0,0.0,1.0,25.0,0.0,,,15.8,0.82,33.5,0,,,,FutureVenue-Template
Yo-Chi New Venue 01,VIC,2026-05-17,FY 2026,forecast,0.0,0.0,0.0,1.0,25.0,0.0,,,14.6,1.88,34.9,0,,,,FutureVenue-Template
Yo-Chi New Venue 01,VIC,2026-05-18,FY 2026,forecast,0.0,0.0,0.0,1.0,25.0,0.0,,,14.5,1.23,35.3,0,,,,FutureVenue-Template
Yo-Chi New Venue 01,VIC,2026-05-19,FY 2026,forecast,0.0,0.0,0.0,1.0,25.0,0.0,,,15.2,0.58,36.6,0,,,,FutureVenue-Template
Yo-Chi New Venue 01,VIC,2026-05-20,FY 2026,forecast,0.0,0.0,0.0,1.0,25.0,0.0,,,15.2,4.47,36.4,0,,,,FutureVenue-Template
Yo-Chi New Venue 01,VIC,2026-05-21,FY 2026,forecast,0.0,0.0,0.0,1.0,25.0,0.0,,,14.0,3.72,28.1,0,,,,FutureVenue-Template
Yo-Chi New Venue 01,VIC,2026-05-22,FY 2026,forecast,0.0,0.0,0.0,1.0,25.0,0.0,,,14.8,0.3,25.2,0,,,,FutureVenue-Template
Yo-Chi New Venue 01,VIC,2026-05-23,FY 2026,forecast,0.0,0.0,0.0,1.0,25.0,0.0,,,15.7,1.27,27.6,0,,,,FutureVenue-Template
Yo-Chi New Venue 01,VIC,2026-05-24,FY 2026,forecast,0.0,0.0,0.0,1.0,25.0,0.0,,,16.3,0.33,38.9,0,,,,FutureVenue-Template
Yo-Chi New Venue 01,VIC,2026-05-25,FY 2026,forecast,0.0,0.0,0.0,1.0,25.0,0.0,,,16.6,4.3,43.6,0,,,,FutureVenue-Template
Yo-Chi New Venue 01,VIC,2026-05-26,FY 2026,forecast,0.0,0.0,0.0,1.0,25.0,0.0,,,15.8,2.48,38.2,0,,,,FutureVenue-Template
Yo-Chi New Venue 01,VIC,2026-05-27,FY 2026,forecast,0.0,0.0,0.0,1.0,25.0,0.0,,,15.2,1.18,36.6,0,,,,FutureVenue-Template
Yo-Chi New Venue 01,VIC,2026-05-28,FY 2026,forecast,0.0,0.0,0.0,1.0,25.0,0.0,,,15.0,2.22,36.5,0,,,,FutureVenue-Template
Yo-Chi New Venue 01,VIC,2026-05-29,FY 2026,forecast,0.0,0.0,0.0,1.0,25.0,0.0,,,15.5,0.3,38.0,0,,,,FutureVenue-Template
Yo-Chi New Venue 01,VIC,2026-05-30,FY 2026,forecast,0.0,0.0,0.0,1.0,25.0,0.0,,,15.2,3.78,42.2,0,,,,FutureVenue-Template
Yo-Chi New Venue 01,VIC,2026-05-31,FY 2026,forecast,0.0,0.0,0.0,1.0,25.0,0.0,,,14.9,0.43,44.3,0,,,,FutureVenue-Template
Yo-Chi New Venue 01,VIC,2026-06-01,FY 2026,forecast,0.0,0.0,0.0,1.0,25.0,0.0,,,14.0,4.42,45.6,0,,,,FutureVenue-Template
Yo-Chi New Venue 01,VIC,2026-06-02,FY 2026,forecast,0.0,0.0,0.0,1.0,25.0,0.0,,,14.8,0.47,33.4,0,,,,FutureVenue-Template
Yo-Chi New Venue 01,VIC,2026-06-03,FY 2026,forecast,0.0,0.0,0.0,1.0,25.0,0.0,,,13.5,1.97,38.6,0,,,,FutureVenue-Template
Yo-Chi New Venue 01,VIC,2026-06-04,FY 2026,forecast,0.0,0.0,0.0,1.0,25.0,0.0,,,13.6,0.45,35.6,0,,,,FutureVenue-Template
Yo-Chi New Venue 01,VIC,2026-06-05,FY 2026,forecast,0.0,0.0,0.0,1.0,25.0,0.0,,,14.2,3.5,40.6,0,,,,FutureVenue-Template
Yo-Chi New Venue 01,VIC,2026-06-06,FY 2026,forecast,0.0,0.0,0.0,1.0,25.0,0.0,,,14.0,1.5,43.6,0,,,,FutureVenue-Template
Yo-Chi New Venue 01,VIC,2026-06-07,FY 2026,forecast,0.0,0.0,0.0,1.0,25.0,0.0,,,14.0,3.77,46.8,0,,,,FutureVenue-Template
Yo-Chi New Venue 01,VIC,2026-06-08,FY 2026,forecast,0.0,0.0,0.0,1.0,25.0,0.0,,,12.6,5.92,37.2,0,King's Birthday,,,FutureVenue-Template
Yo-Chi New Venue 01,VIC,2026-06-09,FY 2026,forecast,0.0,0.0,0.0,1.0,25.0,0.0,,,12.5,6.93,47.3,0,,,,FutureVenue-Template
Yo-Chi New Venue 01,VIC,2026-06-10,FY 2026,forecast,0.0,0.0,0.0,1.0,25.0,0.0,,,13.9,2.68,48.2,0,,,,FutureVenue-Template
Yo-Chi New Venue 01,VIC,2026-06-11,FY 2026,forecast,0.0,0.0,0.0,1.0,25.0,0.0,,,14.0,2.42,35.7,0,,,,FutureVenue-Template
Yo-Chi New Venue 01,VIC,2026-06-12,FY 2026,forecast,0.0,0.0,0.0,1.0,25.0,0.0,,,13.3,2.0,38.1,0,,,,FutureVenue-Template
Yo-Chi New Venue 01,VIC,2026-06-13,FY 2026,forecast,0.0,0.0,0.0,1.0,25.0,0.0,,,12.8,1.0,29.3,0,,,,FutureVenue-Template
Yo-Chi New Venue 01,VIC,2026-06-14,FY 2026,forecast,0.0,0.0,0.0,1.0,25.0,0.0,,,13.4,2.47,38.0,0,,,,FutureVenue-Template
Yo-Chi New Venue 01,VIC,2026-06-15,FY 2026,forecast,0.0,0.0,0.0,1.0,25.0,0.0,,,14.0,2.52,45.2,0,,,,FutureVenue-Template
Yo-Chi New Venue 01,VIC,2026-06-16,FY 2026,forecast,0.0,0.0,0.0,1.0,25.0,0.0,,,14.3,1.98,50.2,0,,,,FutureVenue-Template
Yo-Chi New Venue 01,VIC,2026-06-17,FY 2026,forecast,0.0,0.0,0.0,1.0,25.0,0.0,,,13.1,1.17,34.9,0,,,,FutureVenue-Template
Yo-Chi New Venue 01,VIC,2026-06-18,FY 2026,forecast,0.0,0.0,0.0,1.0,25.0,0.0,,,13.2,1.48,30.9,0,,,,FutureVenue-Template
Yo-Chi New Venue 01,VIC,2026-06-19,FY 2026,forecast,0.0,0.0,0.0,1.0,25.0,0.0,,,13.3,1.83,37.3,0,,,,FutureVenue-Template
Yo-Chi New Venue 01,VIC,2026-06-20,FY 2026,forecast,0.0,0.0,0.0,1.0,25.0,0.0,,,13.9,1.72,29.1,0,,,,FutureVenue-Template
Yo-Chi New Venue 01,VIC,2026-06-21,FY 2026,forecast,0.0,0.0,0.0,1.0,25.0,0.0,,,12.7,1.63,29.8,0,,,,FutureVenue-Template
Yo-Chi New Venue 01,VIC,2026-06-22,FY 2026,forecast,0.0,0.0,0.0,1.0,25.0,0.0,,,13.8,2.98,34.5,0,,,,FutureVenue-Template
Yo-Chi New Venue 01,VIC,2026-06-23,FY 2026,forecast,0.0,0.0,0.0,1.0,25.0,0.0,,,14.1,1.48,46.6,0,,,,FutureVenue-Template
Yo-Chi New Venue 01,VIC,2026-06-24,FY 2026,forecast,0.0,0.0,0.0,1.0,25.0,0.0,,,14.2,2.77,52.5,0,,,,FutureVenue-Template
Yo-Chi New Venue 01,VIC,2026-06-25,FY 2026,forecast,0.0,0.0,0.0,1.0,25.0,0.0,,,13.0,3.13,50.8,0,,,,FutureVenue-Template
Yo-Chi New Venue 01,VIC,2026-06-26,FY 2026,forecast,0.0,0.0,0.0,1.0,25.0,0.0,,,12.8,1.42,36.8,0,,,,FutureVenue-Template
Yo-Chi New Venue 01,VIC,2026-06-27,FY 2026,forecast,0.0,0.0,0.0,1.0,25.0,0.0,,,13.3,0.37,26.8,0,,,,FutureVenue-Template
Yo-Chi New Venue 01,VIC,2026-06-28,FY 2026,forecast,0.0,0.0,0.0,1.0,25.0,0.0,,,13.2,0.57,33.1,0,,,,FutureVenue-Template
Yo-Chi New Venue 01,VIC,2026-06-29,FY 2026,forecast,0.0,0.0,0.0,1.0,25.0,0.0,,,13.2,1.95,37.5,0,,,,FutureVenue-Template
Yo-Chi New Venue 01,VIC,2026-06-30,FY 2026,forecast,0.0,0.0,0.0,1.0,25.0,0.0,,,13.1,0.75,39.5,0,,,,FutureVenue-Template
Yo-Chi New Venue 01,VIC,2026-07-01,FY 2027,forecast,6849.69,5479.75,8219.63,1.0,25.0,273.99,,,13.3,0.68,41.5,0,,,,FutureVenue-Template
Yo-Chi New Venue 01,VIC,2026-07-02,FY 2027,forecast,6849.69,5479.75,8219.63,1.0,25.0,273.99,,,12.0,3.22,39.5,0,,,,FutureVenue-Template
Yo-Chi New Venue 01,VIC,2026-07-03,FY 2027,forecast,6849.69,5479.75,8219.63,1.0,25.0,273.99,,,11.6,1.58,33.6,0,,,,FutureVenue-Template
Yo-Chi New Venue 01,VIC,2026-07-04,FY 2027,forecast,6849.69,5479.75,8219.63,1.0,25.0,273.99,,,12.4,2.6,35.6,0,,,,FutureVenue-Template
Yo-Chi New Venue 01,VIC,2026-07-05,FY 2027,forecast,6849.69,5479.75,8219.63,1.0,25.0,273.99,,,13.1,0.47,32.5,0,,,,FutureVenue-Template
Yo-Chi New Venue 01,VIC,2026-07-06,FY 2027,forecast,6849.69,5479.75,8219.63,1.0,25.0,273.99,,,13.3,0.43,25.8,0,,,,FutureVenue-Template
Yo-Chi New Venue 01,VIC,2026-07-07,FY 2027,forecast,6849.69,5479.75,8219.63,1.0,25.0,273.99,,,13.5,0.37,29.9,0,,,,FutureVenue-Template
Yo-Chi New Venue 01,VIC,2026-07-08,FY 2027,forecast,6849.69,5479.75,8219.63,1.0,25.0,273.99,,,13.3,2.78,48.5,0,,,,FutureVenue-Template
Yo-Chi New Venue 01,VIC,2026-07-09,FY 2027,forecast,6849.69,5479.75,8219.63,1.0,25.0,273.99,,,12.8,3.15,36.2,0,,,,FutureVenue-Template
Yo-Chi New Venue 01,VIC,2026-07-10,FY 2027,forecast,6849.69,5479.75,8219.63,1.0,25.0,273.99,,,13.7,0.58,34.8,0,,,,FutureVenue-Template
Yo-Chi New Venue 01,VIC,2026-07-11,FY 2027,forecast,6849.69,5479.75,8219.63,1.0,25.0,273.99,,,13.7,2.88,40.2,0,,,,FutureVenue-Template
Yo-Chi New Venue 01,VIC,2026-07-12,FY 2027,forecast,6849.69,5479.75,8219.63,1.0,25.0,273.99,,,14.0,2.92,36.7,0,,,,FutureVenue-Template
Yo-Chi New Venue 01,VIC,2026-07-13,FY 2027,forecast,6849.69,5479.75,8219.63,1.0,25.0,273.99,,,13.4,2.38,45.5,0,,,,FutureVenue-Template
Yo-Chi New Venue 01,VIC,2026-07-14,FY 2027,forecast,6849.69,5479.75,8219.63,1.0,25.0,273.99,,,12.3,1.92,43.6,0,,,,FutureVenue-Template
Yo-Chi New Venue 01,VIC,2026-07-15,FY 2027,forecast,6849.69,5479.75,8219.63,1.0,25.0,273.99,,,13.0,3.4,42.8,0,,,,FutureVenue-Template
Yo-Chi New Venue 01,VIC,2026-07-16,FY 2027,forecast,6849.69,5479.75,8219.63,1.0,25.0,273.99,,,12.8,2.87,43.4,0,,,,FutureVenue-Template
Yo-Chi New Venue 01,VIC,2026-07-17,FY 2027,forecast,6849.69,5479.75,8219.63,1.0,25.0,273.99,,,13.4,2.97,39.5,0,,,,FutureVenue-Template
Yo-Chi New Venue 01,VIC,2026-07-18,FY 2027,forecast,6849.69,5479.75,8219.63,1.0,25.0,273.99,,,12.3,0.57,40.5,0,,,,FutureVenue-Template
Yo-Chi New Venue 01,VIC,2026-07-19,FY 2027,forecast,6849.69,5479.75,8219.63,1.0,25.0,273.99,,,12.5,1.15,46.4,0,,,,FutureVenue-Template
Yo-Chi New Venue 01,VIC,2026-07-20,FY 2027,forecast,6849.69,5479.75,8219.63,1.0,25.0,273.99,,,11.7,4.53,48.6,0,,,,FutureVenue-Template
Yo-Chi New Venue 01,VIC,2026-07-21,FY 2027,forecast,6849.69,5479.75,8219.63,1.0,25.0,273.99,,,13.2,0.15,32.9,0,,,,FutureVenue-Template
Yo-Chi New Venue 01,VIC,2026-07-22,FY 2027,forecast,6849.69,5479.75,8219.63,1.0,25.0,273.99,,,14.2,3.33,38.9,0,,,,FutureVenue-Template
Yo-Chi New Venue 01,VIC,2026-07-23,FY 2027,forecast,6849.69,5479.75,8219.63,1.0,25.0,273.99,,,12.4,1.83,36.2,0,,,,FutureVenue-Template
Yo-Chi New Venue 01,VIC,2026-07-24,FY 2027,forecast,6849.69,5479.75,8219.63,1.0,25.0,273.99,,,14.0,0.75,38.3,0,,,,FutureVenue-Template
Yo-Chi New Venue 01,VIC,2026-07-25,FY 2027,forecast,6849.69,5479.75,8219.63,1.0,25.0,273.99,,,12.5,3.45,43.5,0,,,,FutureVenue-Template
Yo-Chi New Venue 01,VIC,2026-07-26,FY 2027,forecast,6849.69,5479.75,8219.63,1.0,25.0,273.99,,,13.2,1.45,50.3,0,,,,FutureVenue-Template
Yo-Chi New Venue 01,VIC,2026-07-27,FY 2027,forecast,6849.69,5479.75,8219.63,1.0,25.0,273.99,,,14.1,4.2,50.8,0,,,,FutureVenue-Template
Yo-Chi New Venue 01,VIC,2026-07-28,FY 2027,forecast,6849.69,5479.75,8219.63,1.0,25.0,273.99,,,14.0,1.45,49.7,0,,,,FutureVenue-Template
Yo-Chi New Venue 01,VIC,2026-07-29,FY 2027,forecast,6849.69,5479.75,8219.63,1.0,25.0,273.99,,,13.5,0.88,28.8,0,,,,FutureVenue-Template
Yo-Chi New Venue 01,VIC,2026-07-30,FY 2027,forecast,6849.69,5479.75,8219.63,1.0,25.0,273.99,,,13.2,0.47,42.2,0,,,,FutureVenue-Template
Yo-Chi New Venue 01,VIC,2026-07-31,FY 2027,forecast,6849.69,5479.75,8219.63,1.0,25.0,273.99,,,13.8,2.32,41.8,0,,,,FutureVenue-Template
Yo-Chi New Venue 01,VIC,2026-08-01,FY 2027,forecast,6849.69,5479.75,8219.63,1.0,25.0,273.99,,,13.8,0.35,36.6,0,,,,FutureVenue-Template
Yo-Chi New Venue 01,VIC,2026-08-02,FY 2027,forecast,6849.69,5479.75,8219.63,1.0,25.0,273.99,,,14.6,0.02,46.1,0,,,,FutureVenue-Template
Yo-Chi New Venue 01,VIC,2026-08-03,FY 2027,forecast,6849.69,5479.75,8219.63,1.0,25.0,273.99,,,15.4,1.85,45.5,0,,,,FutureVenue-Template
Yo-Chi New Venue 01,VIC,2026-08-04,FY 2027,forecast,6849.69,5479.75,8219.63,1.0,25.0,273.99,,,14.5,2.42,52.3,0,,,,FutureVenue-Template
Yo-Chi New Venue 01,VIC,2026-08-05,FY 2027,forecast,6849.69,5479.75,8219.63,1.0,25.0,273.99,,,13.5,1.98,40.2,0,,,,FutureVenue-Template
Yo-Chi New Venue 01,VIC,2026-08-06,FY 2027,forecast,6849.69,5479.75,8219.63,1.0,25.0,273.99,,,13.3,0.97,31.1,0,,,,FutureVenue-Template
Yo-Chi New Venue 01,VIC,2026-08-07,FY 2027,forecast,6849.69,5479.75,8219.63,1.0,25.0,273.99,,,13.4,1.0,28.6,0,,,,FutureVenue-Template
Yo-Chi New Venue 01,VIC,2026-08-08,FY 2027,forecast,6849.69,5479.75,8219.63,1.0,25.0,273.99,,,13.6,0.62,30.8,0,,,,FutureVenue-Template
Yo-Chi New Venue 01,VIC,2026-08-09,FY 2027,forecast,6849.69,5479.75,8219.63,1.0,25.0,273.99,,,14.5,0.08,38.3,0,,,,FutureVenue-Template
Yo-Chi New Venue 01,VIC,2026-08-10,FY 2027,forecast,6849.69,5479.75,8219.63,1.0,25.0,273.99,,,14.8,0.78,40.1,0,,,,FutureVenue-Template
Yo-Chi New Venue 01,VIC,2026-08-11,FY 2027,forecast,6849.69,5479.75,8219.63,1.0,25.0,273.99,,,15.8,1.62,42.1,0,,,,FutureVenue-Template
Yo-Chi New Venue 01,VIC,2026-08-12,FY 2027,forecast,6849.69,5479.75,8219.63,1.0,25.0,273.99,,,15.3,2.77,39.3,0,,,,FutureVenue-Template
Yo-Chi New Venue 01,VIC,2026-08-13,FY 2027,forecast,6849.69,5479.75,8219.63,1.0,25.0,273.99,,,15.2,0.88,36.5,0,,,,FutureVenue-Template
Yo-Chi New Venue 01,VIC,2026-08-14,FY 2027,forecast,6849.69,5479.75,8219.63,1.0,25.0,273.99,,,15.8,1.0,37.6,0,,,,FutureVenue-Template
Yo-Chi New Venue 01,VIC,2026-08-15,FY 2027,forecast,6849.69,5479.75,8219.63,1.0,25.0,273.99,,,15.5,0.77,44.0,0,,,,FutureVenue-Template
Yo-Chi New Venue 01,VIC,2026-08-16,FY 2027,forecast,6849.69,5479.75,8219.63,1.0,25.0,273.99,,,13.4,2.05,49.1,0,,,,FutureVenue-Template
Yo-Chi New Venue 01,VIC,2026-08-17,FY 2027,forecast,6849.69,5479.75,8219.63,1.0,25.0,273.99,,,13.2,1.68,40.0,0,,,,FutureVenue-Template
Yo-Chi New Venue 01,VIC,2026-08-18,FY 2027,forecast,6849.69,5479.75,8219.63,1.0,25.0,273.99,,,13.6,3.02,42.6,0,,,,FutureVenue-Template
Yo-Chi New Venue 01,VIC,2026-08-19,FY 2027,forecast,6849.69,5479.75,8219.63,1.0,25.0,273.99,,,15.0,1.78,37.5,0,,,,FutureVenue-Template
Yo-Chi New Venue 01,VIC,2026-08-20,FY 2027,forecast,6849.69,5479.75,8219.63,1.0,25.0,273.99,,,15.7,3.25,43.7,0,,,,FutureVenue-Template
Yo-Chi New Venue 01,VIC,2026-08-21,FY 2027,forecast,6849.69,5479.75,8219.63,1.0,25.0,273.99,,,16.3,1.08,43.9,0,,,,FutureVenue-Template
Yo-Chi New Venue 01,VIC,2026-08-22,FY 2027,forecast,6849.69,5479.75,8219.63,1.0,25.0,273.99,,,16.2,7.88,52.3,0,,,,FutureVenue-Template
Yo-Chi New Venue 01,VIC,2026-08-23,FY 2027,forecast,6849.69,5479.75,8219.63,1.0,25.0,273.99,,,14.4,2.9,48.6,0,,,,FutureVenue-Template
Yo-Chi New Venue 01,VIC,2026-08-24,FY 2027,forecast,6849.69,5479.75,8219.63,1.0,25.0,273.99,,,14.5,0.85,45.1,0,,,,FutureVenue-Template
Yo-Chi New Venue 01,VIC,2026-08-25,FY 2027,forecast,6849.69,5479.75,8219.63,1.0,25.0,273.99,,,16.2,1.43,43.1,0,,,,FutureVenue-Template
Yo-Chi New Venue 01,VIC,2026-08-26,FY 2027,forecast,6849.69,5479.75,8219.63,1.0,25.0,273.99,,,14.5,4.25,37.1,0,,,,FutureVenue-Template
Yo-Chi New Venue 01,VIC,2026-08-27,FY 2027,forecast,6849.69,5479.75,8219.63,1.0,25.0,273.99,,,16.1,1.32,46.6,0,,,,FutureVenue-Template
Yo-Chi New Venue 01,VIC,2026-08-28,FY 2027,forecast,6849.69,5479.75,8219.63,1.0,25.0,273.99,,,16.8,0.23,47.0,0,,,,FutureVenue-Template
Yo-Chi New Venue 01,VIC,2026-08-29,FY 2027,forecast,6849.69,5479.75,8219.63,1.0,25.0,273.99,,,16.1,4.1,59.2,0,,,,FutureVenue-Template
Yo-Chi New Venue 01,VIC,2026-08-30,FY 2027,forecast,6849.69,5479.75,8219.63,1.0,25.0,273.99,,,16.0,4.78,66.8,0,,,,FutureVenue-Template
Yo-Chi New Venue 01,VIC,2026-08-31,FY 2027,forecast,6849.69,5479.75,8219.63,1.0,25.0,273.99,,,15.4,0.48,45.9,0,,,,FutureVenue-Template
Yo-Chi New Venue 01,VIC,2026-09-01,FY 2027,forecast,6849.69,5479.75,8219.63,1.0,25.0,273.99,,,16.3,0.33,42.9,0,,,,FutureVenue-Template
Yo-Chi New Venue 01,VIC,2026-09-02,FY 2027,forecast,6849.69,5479.75,8219.63,1.0,25.0,273.99,,,17.3,1.47,56.8,0,,,,FutureVenue-Template
Yo-Chi New Venue 01,VIC,2026-09-03,FY 2027,forecast,6849.69,5479.75,8219.63,1.0,25.0,273.99,,,17.8,7.45,48.7,0,,,,FutureVenue-Template
Yo-Chi New Venue 01,VIC,2026-09-04,FY 2027,forecast,6849.69,5479.75,8219.63,1.0,25.0,273.99,,,15.5,1.98,49.6,0,,,,FutureVenue-Template
Yo-Chi New Venue 01,VIC,2026-09-05,FY 2027,forecast,6849.69,5479.75,8219.63,1.0,25.0,273.99,,,14.7,4.3,46.4,0,,,,FutureVenue-Template
Yo-Chi New Venue 01,VIC,2026-09-06,FY 2027,forecast,6849.69,5479.75,8219.63,1.0,25.0,273.99,,,18.5,0.4,48.7,0,,,,FutureVenue-Template
Yo-Chi New Venue 01,VIC,2026-09-07,FY 2027,forecast,6849.69,5479.75,8219.63,1.0,25.0,273.99,,,18.6,1.82,52.1,0,,,,FutureVenue-Template
Yo-Chi New Venue 01,VIC,2026-09-08,FY 2027,forecast,6849.69,5479.75,8219.63,1.0,25.0,273.99,,,17.0,2.48,57.4,0,,,,FutureVenue-Template
Yo-Chi New Venue 01,VIC,2026-09-09,FY 2027,forecast,6849.69,5479.75,8219.63,1.0,25.0,273.99,,,17.1,0.25,45.3,0,,,,FutureVenue-Template
Yo-Chi New Venue 01,VIC,2026-09-10,FY 2027,forecast,6849.69,5479.75,8219.63,1.0,25.0,273.99,,,16.6,1.45,43.8,0,,,,FutureVenue-Template
Yo-Chi New Venue 01,VIC,2026-09-11,FY 2027,forecast,6849.69,5479.75,8219.63,1.0,25.0,273.99,,,17.6,2.6,47.2,0,,,,FutureVenue-Template
Yo-Chi New Venue 01,VIC,2026-09-12,FY 2027,forecast,6849.69,5479.75,8219.63,1.0,25.0,273.99,,,15.7,2.62,44.4,0,,,,FutureVenue-Template
Yo-Chi New Venue 01,VIC,2026-09-13,FY 2027,forecast,6849.69,5479.75,8219.63,1.0,25.0,273.99,,,16.4,2.72,28.8,0,,,,FutureVenue-Template
Yo-Chi New Venue 01,VIC,2026-09-14,FY 2027,forecast,6849.69,5479.75,8219.63,1.0,25.0,273.99,,,16.6,1.03,49.5,0,,,,FutureVenue-Template
Yo-Chi New Venue 01,VIC,2026-09-15,FY 2027,forecast,6849.69,5479.75,8219.63,1.0,25.0,273.99,,,17.4,0.6,49.9,0,,,,FutureVenue-Template
Yo-Chi New Venue 01,VIC,2026-09-16,FY 2027,forecast,6849.69,5479.75,8219.63,1.0,25.0,273.99,,,18.4,1.8,46.5,0,,,,FutureVenue-Template
Yo-Chi New Venue 01,VIC,2026-09-17,FY 2027,forecast,6849.69,5479.75,8219.63,1.0,25.0,273.99,,,16.5,1.42,46.4,0,,,,FutureVenue-Template
Yo-Chi New Venue 01,VIC,2026-09-18,FY 2027,forecast,6849.69,5479.75,8219.63,1.0,25.0,273.99,,,17.4,3.57,47.0,0,,,,FutureVenue-Template
Yo-Chi New Venue 01,VIC,2026-09-19,FY 2027,forecast,6849.69,5479.75,8219.63,1.0,25.0,273.99,,,20.3,2.27,54.0,0,,,,FutureVenue-Template
Yo-Chi New Venue 01,VIC,2026-09-20,FY 2027,forecast,6849.69,5479.75,8219.63,1.0,25.0,273.99,,,16.8,3.62,54.7,0,,,,FutureVenue-Template
Yo-Chi New Venue 01,VIC,2026-09-21,FY 2027,forecast,6849.69,5479.75,8219.63,1.0,25.0,273.99,,,15.6,2.37,44.3,0,,,,FutureVenue-Template
Yo-Chi New Venue 01,VIC,2026-09-22,FY 2027,forecast,6849.69,5479.75,8219.63,1.0,25.0,273.99,,,16.3,0.58,47.8,0,,,,FutureVenue-Template
Yo-Chi New Venue 01,VIC,2026-09-23,FY 2027,forecast,6849.69,5479.75,8219.63,1.0,25.0,273.99,,,17.0,1.33,37.9,0,,,,FutureVenue-Template
Yo-Chi New Venue 01,VIC,2026-09-24,FY 2027,forecast,6849.69,5479.75,8219.63,1.0,25.0,273.99,,,17.6,1.37,48.2,0,,,,FutureVenue-Template
Yo-Chi New Venue 01,VIC,2026-09-25,FY 2027,forecast,6849.69,5479.75,8219.63,1.0,25.0,273.99,,,15.6,3.23,43.7,0,Grand Final Day,,,FutureVenue-Template
Yo-Chi New Venue 01,VIC,2026-09-26,FY 2027,forecast,6849.69,5479.75,8219.63,1.0,25.0,273.99,,,15.4,2.87,40.7,0,,,,FutureVenue-Template
Yo-Chi New Venue 01,VIC,2026-09-27,FY 2027,forecast,6849.69,5479.75,8219.63,1.0,25.0,273.99,,,16.2,3.8,41.2,0,,,,FutureVenue-Template
Yo-Chi New Venue 01,VIC,2026-09-28,FY 2027,forecast,6849.69,5479.75,8219.63,1.0,25.0,273.99,,,17.4,0.27,34.7,0,,,,FutureVenue-Template
Yo-Chi New Venue 01,VIC,2026-09-29,FY 2027,forecast,6849.69,5479.75,8219.63,1.0,25.0,273.99,,,19.7,1.85,45.1,0,,,,FutureVenue-Template
Yo-Chi New Venue 01,VIC,2026-09-30,FY 2027,forecast,6849.69,5479.75,8219.63,1.0,25.0,273.99,,,19.9,6.58,44.3,0,,,,FutureVenue-Template
Yo-Chi New Venue 01,VIC,2026-10-01,FY 2027,forecast,6849.69,5479.75,8219.63,1.0,25.0,273.99,,,18.7,2.03,47.8,0,,,,FutureVenue-Template
Yo-Chi New Venue 01,VIC,2026-10-02,FY 2027,forecast,6849.69,5479.75,8219.63,1.0,25.0,273.99,,,19.0,1.1,49.9,0,,,,FutureVenue-Template
Yo-Chi New Venue 01,VIC,2026-10-03,FY 2027,forecast,6849.69,5479.75,8219.63,1.0,25.0,273.99,,,22.1,7.2,52.3,0,,,,FutureVenue-Template
Yo-Chi New Venue 01,VIC,2026-10-04,FY 2027,forecast,6849.69,5479.75,8219.63,1.0,25.0,273.99,,,20.0,4.52,51.1,0,,,,FutureVenue-Template
Yo-Chi New Venue 01,VIC,2026-10-05,FY 2027,forecast,6849.69,5479.75,8219.63,1.0,25.0,273.99,,,17.6,5.53,48.6,0,,,,FutureVenue-Template
Yo-Chi New Venue 01,VIC,2026-10-06,FY 2027,forecast,6849.69,5479.75,8219.63,1.0,25.0,273.99,,,17.2,3.22,45.6,0,,,,FutureVenue-Template
Yo-Chi New Venue 01,VIC,2026-10-07,FY 2027,forecast,6849.69,5479.75,8219.63,1.0,25.0,273.99,,,16.7,4.42,39.6,0,,,,FutureVenue-Template
Yo-Chi New Venue 01,VIC,2026-10-08,FY 2027,forecast,6849.69,5479.75,8219.63,1.0,25.0,273.99,,,16.8,3.67,47.1,0,,,,FutureVenue-Template
Yo-Chi New Venue 01,VIC,2026-10-09,FY 2027,forecast,6849.69,5479.75,8219.63,1.0,25.0,273.99,,,17.5,0.75,45.6,0,,,,FutureVenue-Template
Yo-Chi New Venue 01,VIC,2026-10-10,FY 2027,forecast,6849.69,5479.75,8219.63,1.0,25.0,273.99,,,17.7,0.55,45.1,0,,,,FutureVenue-Template
Yo-Chi New Venue 01,VIC,2026-10-11,FY 2027,forecast,6849.69,5479.75,8219.63,1.0,25.0,273.99,,,18.4,0.62,45.7,0,,,,FutureVenue-Template
Yo-Chi New Venue 01,VIC,2026-10-12,FY 2027,forecast,6849.69,5479.75,8219.63,1.0,25.0,273.99,,,19.3,4.88,46.8,0,,,,FutureVenue-Template
Yo-Chi New Venue 01,VIC,2026-10-13,FY 2027,forecast,6849.69,5479.75,8219.63,1.0,25.0,273.99,,,17.9,7.82,46.4,0,,,,FutureVenue-Template
Yo-Chi New Venue 01,VIC,2026-10-14,FY 2027,forecast,6849.69,5479.75,8219.63,1.0,25.0,273.99,,,18.8,2.65,47.4,0,,,,FutureVenue-Template
Yo-Chi New Venue 01,VIC,2026-10-15,FY 2027,forecast,6849.69,5479.75,8219.63,1.0,25.0,273.99,,,20.1,5.75,42.2,0,,,,FutureVenue-Template
Yo-Chi New Venue 01,VIC,2026-10-16,FY 2027,forecast,6849.69,5479.75,8219.63,1.0,25.0,273.99,,,19.6,4.52,52.7,0,,,,FutureVenue-Template
Yo-Chi New Venue 01,VIC,2026-10-17,FY 2027,forecast,6849.69,5479.75,8219.63,1.0,25.0,273.99,,,18.7,3.55,40.4,0,,,,FutureVenue-Template
Yo-Chi New Venue 01,VIC,2026-10-18,FY 2027,forecast,6849.69,5479.75,8219.63,1.0,25.0,273.99,,,19.0,5.28,36.9,0,,,,FutureVenue-Template
Yo-Chi New Venue 01,VIC,2026-10-19,FY 2027,forecast,6849.69,5479.75,8219.63,1.0,25.0,273.99,,,20.2,1.07,44.1,0,,,,FutureVenue-Template
Yo-Chi New Venue 01,VIC,2026-10-20,FY 2027,forecast,6849.69,5479.75,8219.63,1.0,25.0,273.99,,,20.1,1.52,32.5,0,,,,FutureVenue-Template
Yo-Chi New Venue 01,VIC,2026-10-21,FY 2027,forecast,6849.69,5479.75,8219.63,1.0,25.0,273.99,,,21.9,2.47,35.1,0,,,,FutureVenue-Template
Yo-Chi New Venue 01,VIC,2026-10-22,FY 2027,forecast,6849.69,5479.75,8219.63,1.0,25.0,273.99,,,21.0,4.62,52.7,0,,,,FutureVenue-Template
Yo-Chi New Venue 01,VIC,2026-10-23,FY 2027,forecast,6849.69,5479.75,8219.63,1.0,25.0,273.99,,,18.2,2.48,39.0,0,,,,FutureVenue-Template
Yo-Chi New Venue 01,VIC,2026-10-24,FY 2027,forecast,6849.69,5479.75,8219.63,1.0,25.0,273.99,,,17.8,6.8,50.3,0,,,,FutureVenue-Template
Yo-Chi New Venue 01,VIC,2026-10-25,FY 2027,forecast,6849.69,5479.75,8219.63,1.0,25.0,273.99,,,15.5,6.27,41.6,0,,,,FutureVenue-Template
Yo-Chi New Venue 01,VIC,2026-10-26,FY 2027,forecast,6849.69,5479.75,8219.63,1.0,25.0,273.99,,,18.3,6.38,41.4,0,,,,FutureVenue-Template
Yo-Chi New Venue 01,VIC,2026-10-27,FY 2027,forecast,6849.69,5479.75,8219.63,1.0,25.0,273.99,,,19.7,2.82,44.9,0,,,,FutureVenue-Template
Yo-Chi New Venue 01,VIC,2026-10-28,FY 2027,forecast,6849.69,5479.75,8219.63,1.0,25.0,273.99,,,19.1,1.55,44.9,0,,,,FutureVenue-Template
Yo-Chi New Venue 01,VIC,2026-10-29,FY 2027,forecast,6849.69,5479.75,8219.63,1.0,25.0,273.99,,,19.4,0.92,48.3,0,,,,FutureVenue-Template
Yo-Chi New Venue 01,VIC,2026-10-30,FY 2027,forecast,6849.69,5479.75,8219.63,1.0,25.0,273.99,,,19.9,1.82,48.9,0,,,,FutureVenue-Template
Yo-Chi New Venue 01,VIC,2026-10-31,FY 2027,forecast,6849.69,5479.75,8219.63,1.0,25.0,273.99,,,18.1,3.85,50.0,0,,,,FutureVenue-Template
Yo-Chi New Venue 01,VIC,2026-11-01,FY 2027,forecast,6849.69,5479.75,8219.63,1.0,25.0,273.99,,,17.3,1.87,37.7,0,,,,FutureVenue-Template
Yo-Chi New Venue 01,VIC,2026-11-02,FY 2027,forecast,6849.69,5479.75,8219.63,1.0,25.0,273.99,,,23.5,0.55,45.5,0,,,,FutureVenue-Template
Yo-Chi New Venue 01,VIC,2026-11-03,FY 2027,forecast,6849.69,5479.75,8219.63,1.0,25.0,273.99,,,20.1,11.6,49.9,0,Melbourne Cup Day,,,FutureVenue-Template
Yo-Chi New Venue 01,VIC,2026-11-04,FY 2027,forecast,6849.69,5479.75,8219.63,1.0,25.0,273.99,,,18.1,3.47,45.7,0,,,,FutureVenue-Template
Yo-Chi New Venue 01,VIC,2026-11-05,FY 2027,forecast,6849.69,5479.75,8219.63,1.0,25.0,273.99,,,20.9,0.33,37.9,0,,,,FutureVenue-Template
Yo-Chi New Venue 01,VIC,2026-11-06,FY 2027,forecast,6849.69,5479.75,8219.63,1.0,25.0,273.99,,,25.2,1.37,47.3,0,,,,FutureVenue-Template
Yo-Chi New Venue 01,VIC,2026-11-07,FY 2027,forecast,6849.69,5479.75,8219.63,1.0,25.0,273.99,,,21.6,3.2,41.2,0,,,,FutureVenue-Template
Yo-Chi New Venue 01,VIC,2026-11-08,FY 2027,forecast,6849.69,5479.75,8219.63,1.0,25.0,273.99,,,20.8,3.53,44.6,0,,,,FutureVenue-Template
Yo-Chi New Venue 01,VIC,2026-11-09,FY 2027,forecast,6849.69,5479.75,8219.63,1.0,25.0,273.99,,,21.4,0.83,34.8,0,,,,FutureVenue-Template
Yo-Chi New Venue 01,VIC,2026-11-10,FY 2027,forecast,6849.69,5479.75,8219.63,1.0,25.0,273.99,,,22.8,3.52,42.9,0,,,,FutureVenue-Template
Yo-Chi New Venue 01,VIC,2026-11-11,FY 2027,forecast,6849.69,5479.75,8219.63,1.0,25.0,273.99,,,20.8,4.42,51.8,0,,,,FutureVenue-Template
Yo-Chi New Venue 01,VIC,2026-11-12,FY 2027,forecast,6849.69,5479.75,8219.63,1.0,25.0,273.99,,,20.1,5.5,43.2,0,,,,FutureVenue-Template
Yo-Chi New Venue 01,VIC,2026-11-13,FY 2027,forecast,6849.69,5479.75,8219.63,1.0,25.0,273.99,,,19.8,8.47,45.0,0,,,,FutureVenue-Template
Yo-Chi New Venue 01,VIC,2026-11-14,FY 2027,forecast,6849.69,5479.75,8219.63,1.0,25.0,273.99,,,16.3,6.18,43.2,0,,,,FutureVenue-Template
Yo-Chi New Venue 01,VIC,2026-11-15,FY 2027,forecast,6849.69,5479.75,8219.63,1.0,25.0,273.99,,,19.2,4.68,51.2,0,,,,FutureVenue-Template
Yo-Chi New Venue 01,VIC,2026-11-16,FY 2027,forecast,6849.69,5479.75,8219.63,1.0,25.0,273.99,,,20.4,3.68,53.4,0,,,,FutureVenue-Template
Yo-Chi New Venue 01,VIC,2026-11-17,FY 2027,forecast,6849.69,5479.75,8219.63,1.0,25.0,273.99,,,19.1,1.48,42.6,0,,,,FutureVenue-Template
Yo-Chi New Venue 01,VIC,2026-11-18,FY 2027,forecast,6849.69,5479.75,8219.63,1.0,25.0,273.99,,,22.8,0.27,45.1,0,,,,FutureVenue-Template
Yo-Chi New Venue 01,VIC,2026-11-19,FY 2027,forecast,6849.69,5479.75,8219.63,1.0,25.0,273.99,,,21.8,2.8,47.1,0,,,,FutureVenue-Template
Yo-Chi New Venue 01,VIC,2026-11-20,FY 2027,forecast,6849.69,5479.75,8219.63,1.0,25.0,273.99,,,17.9,1.0,46.4,0,,,,FutureVenue-Template
Yo-Chi New Venue 01,VIC,2026-11-21,FY 2027,forecast,6849.69,5479.75,8219.63,1.0,25.0,273.99,,,20.1,1.22,48.1,0,,,,FutureVenue-Template
Yo-Chi New Venue 01,VIC,2026-11-22,FY 2027,forecast,6849.69,5479.75,8219.63,1.0,25.0,273.99,,,24.4,3.05,42.2,0,,,,FutureVenue-Template
Yo-Chi New Venue 01,VIC,2026-11-23,FY 2027,forecast,6849.69,5479.75,8219.63,1.0,25.0,273.99,,,23.4,6.88,45.2,0,,,,FutureVenue-Template
Yo-Chi New Venue 01,VIC,2026-11-24,FY 2027,forecast,6849.69,5479.75,8219.63,1.0,25.0,273.99,,,23.1,5.42,36.1,0,,,,FutureVenue-Template
Yo-Chi New Venue 01,VIC,2026-11-25,FY 2027,forecast,6849.69,5479.75,8219.63,1.0,25.0,273.99,,,22.2,3.75,35.0,0,,,,FutureVenue-Template
Yo-Chi New Venue 01,VIC,2026-11-26,FY 2027,forecast,6849.69,5479.75,8219.63,1.0,25.0,273.99,,,20.8,3.55,50.2,0,,,,FutureVenue-Template
Yo-Chi New Venue 01,VIC,2026-11-27,FY 2027,forecast,6849.69,5479.75,8219.63,1.0,25.0,273.99,,,22.6,3.12,47.6,0,,,,FutureVenue-Template
Yo-Chi New Venue 01,VIC,2026-11-28,FY 2027,forecast,6849.69,5479.75,8219.63,1.0,25.0,273.99,,,21.7,2.0,37.8,0,,,,FutureVenue-Template
Yo-Chi New Venue 01,VIC,2026-11-29,FY 2027,forecast,6849.69,5479.75,8219.63,1.0,25.0,273.99,,,21.1,5.03,49.3,0,,,,FutureVenue-Template
Yo-Chi New Venue 01,VIC,2026-11-30,FY 2027,forecast,6849.69,5479.75,8219.63,1.0,25.0,273.99,,,21.7,3.57,38.7,0,,,,FutureVenue-Template
Yo-Chi New Venue 01,VIC,2026-12-01,FY 2027,forecast,6849.69,5479.75,8219.63,1.0,25.0,273.99,,,22.5,3.4,48.8,0,,,,FutureVenue-Template
Yo-Chi New Venue 01,VIC,2026-12-02,FY 2027,forecast,6849.69,5479.75,8219.63,1.0,25.0,273.99,,,22.4,6.02,41.9,0,,,,FutureVenue-Template
Yo-Chi New Venue 01,VIC,2026-12-03,FY 2027,forecast,6849.69,5479.75,8219.63,1.0,25.0,273.99,,,25.0,0.95,43.9,0,,,,FutureVenue-Template
Yo-Chi New Venue 01,VIC,2026-12-04,FY 2027,forecast,6849.69,5479.75,8219.63,1.0,25.0,273.99,,,26.2,0.1,42.5,0,,,,FutureVenue-Template
Yo-Chi New Venue 01,VIC,2026-12-05,FY 2027,forecast,6849.69,5479.75,8219.63,1.0,25.0,273.99,,,24.1,2.57,46.0,0,,,,FutureVenue-Template
Yo-Chi New Venue 01,VIC,2026-12-06,FY 2027,forecast,6849.69,5479.75,8219.63,1.0,25.0,273.99,,,22.8,3.62,46.8,0,,,,FutureVenue-Template
Yo-Chi New Venue 01,VIC,2026-12-07,FY 2027,forecast,6849.69,5479.75,8219.63,1.0,25.0,273.99,,,19.7,2.55,44.6,0,,,,FutureVenue-Template
Yo-Chi New Venue 01,VIC,2026-12-08,FY 2027,forecast,6849.69,5479.75,8219.63,1.0,25.0,273.99,,,21.3,1.05,53.0,0,,,,FutureVenue-Template
Yo-Chi New Venue 01,VIC,2026-12-09,FY 2027,forecast,6849.69,5479.75,8219.63,1.0,25.0,273.99,,,19.6,4.0,44.6,0,,,,FutureVenue-Template
Yo-Chi New Venue 01,VIC,2026-12-10,FY 2027,forecast,6849.69,5479.75,8219.63,1.0,25.0,273.99,,,19.6,0.48,40.3,0,,,,FutureVenue-Template
Yo-Chi New Venue 01,VIC,2026-12-11,FY 2027,forecast,6849.69,5479.75,8219.63,1.0,25.0,273.99,,,22.8,4.47,50.0,0,,,,FutureVenue-Template
Yo-Chi New Venue 01,VIC,2026-12-12,FY 2027,forecast,6849.69,5479.75,8219.63,1.0,25.0,273.99,,,26.9,3.32,41.8,0,,,,FutureVenue-Template
Yo-Chi New Venue 01,VIC,2026-12-13,FY 2027,forecast,6849.69,5479.75,8219.63,1.0,25.0,273.99,,,26.7,1.32,51.7,0,,,,FutureVenue-Template
Yo-Chi New Venue 01,VIC,2026-12-14,FY 2027,forecast,6849.69,5479.75,8219.63,1.0,25.0,273.99,,,22.7,2.35,50.6,0,,,,FutureVenue-Template
Yo-Chi New Venue 01,VIC,2026-12-15,FY 2027,forecast,6849.69,5479.75,8219.63,1.0,25.0,273.99,,,22.6,0.7,46.1,0,,,,FutureVenue-Template
Yo-Chi New Venue 01,VIC,2026-12-16,FY 2027,forecast,6849.69,5479.75,8219.63,1.0,25.0,273.99,,,24.3,0.27,47.4,0,,,,FutureVenue-Template
Yo-Chi New Venue 01,VIC,2026-12-17,FY 2027,forecast,6849.69,5479.75,8219.63,1.0,25.0,273.99,,,26.0,1.12,45.4,0,,,,FutureVenue-Template
Yo-Chi New Venue 01,VIC,2026-12-18,FY 2027,forecast,6849.69,5479.75,8219.63,1.0,25.0,273.99,,,26.3,0.3,50.2,0,,,,FutureVenue-Template
Yo-Chi New Venue 01,VIC,2026-12-19,FY 2027,forecast,6849.69,5479.75,8219.63,1.0,25.0,273.99,,,24.3,2.57,47.5,0,,,,FutureVenue-Template
Yo-Chi New Venue 01,VIC,2026-12-20,FY 2027,forecast,6849.69,5479.75,8219.63,1.0,25.0,273.99,,,24.9,0.07,47.9,0,,,,FutureVenue-Template
Yo-Chi New Venue 01,VIC,2026-12-21,FY 2027,forecast,6849.69,5479.75,8219.63,1.0,25.0,273.99,,,22.8,4.4,41.9,0,,,,FutureVenue-Template
Yo-Chi New Venue 01,VIC,2026-12-22,FY 2027,forecast,6849.69,5479.75,8219.63,1.0,25.0,273.99,,,21.1,8.45,43.1,0,,,,FutureVenue-Template
Yo-Chi New Venue 01,VIC,2026-12-23,FY 2027,forecast,6849.69,5479.75,8219.63,1.0,25.0,273.99,,,20.3,0.37,42.6,0,,,,FutureVenue-Template
Yo-Chi New Venue 01,VIC,2026-12-24,FY 2027,forecast,6849.69,5479.75,8219.63,1.0,25.0,273.99,,,21.8,0.98,44.3,0,,,,FutureVenue-Template
Yo-Chi New Venue 01,VIC,2026-12-25,FY 2027,forecast,6849.69,5479.75,8219.63,1.0,25.0,273.99,,,23.4,6.45,48.3,0,Christmas Day,,,FutureVenue-Template
Yo-Chi New Venue 01,VIC,2026-12-26,FY 2027,forecast,6849.69,5479.75,8219.63,1.0,25.0,273.99,,,25.2,2.47,46.4,0,Boxing Day,,,FutureVenue-Template
Yo-Chi New Venue 01,VIC,2026-12-27,FY 2027,forecast,6849.69,5479.75,8219.63,1.0,25.0,273.99,,,26.0,1.78,50.2,0,,,,FutureVenue-Template
Yo-Chi New Venue 01,VIC,2026-12-28,FY 2027,forecast,6849.69,5479.75,8219.63,1.0,25.0,273.99,,,23.3,2.95,46.3,0,Boxing Day (observed),,,FutureVenue-Template
Yo-Chi New Venue 01,VIC,2026-12-29,FY 2027,forecast,6849.69,5479.75,8219.63,1.0,25.0,273.99,,,23.8,0.32,41.9,0,,,,FutureVenue-Template
Yo-Chi New Venue 01,VIC,2026-12-30,FY 2027,forecast,6849.69,5479.75,8219.63,1.0,25.0,273.99,,,26.1,0.33,46.6,0,,,,FutureVenue-Template
Yo-Chi New Venue 01,VIC,2026-12-31,FY 2027,forecast,6849.69,5479.75,8219.63,1.0,25.0,273.99,,,24.8,0.22,48.1,0,,,,FutureVenue-Template
Yo-Chi New Venue 01,VIC,2027-01-01,FY 2027,forecast,6849.69,5479.75,8219.63,1.0,25.0,273.99,,,26.7,1.2,46.3,0,New Year's Day,,,FutureVenue-Template
Yo-Chi New Venue 01,VIC,2027-01-02,FY 2027,forecast,6849.69,5479.75,8219.63,1.0,25.0,273.99,,,26.4,2.09,46.3,0,,,,FutureVenue-Template
Yo-Chi New Venue 01,VIC,2027-01-03,FY 2027,forecast,6849.69,5479.75,8219.63,1.0,25.0,273.99,,,26.7,2.79,41.0,0,,,,FutureVenue-Template
Yo-Chi New Venue 01,VIC,2027-01-04,FY 2027,forecast,6849.69,5479.75,8219.63,1.0,25.0,273.99,,,23.5,1.86,52.6,0,,,,FutureVenue-Template
Yo-Chi New Venue 01,VIC,2027-01-05,FY 2027,forecast,6849.69,5479.75,8219.63,1.0,25.0,273.99,,,24.4,4.93,46.3,0,,,,FutureVenue-Template
Yo-Chi New Venue 01,VIC,2027-01-06,FY 2027,forecast,6849.69,5479.75,8219.63,1.0,25.0,273.99,,,25.7,4.97,39.5,0,,,,FutureVenue-Template
Yo-Chi New Venue 01,VIC,2027-01-07,FY 2027,forecast,6849.69,5479.75,8219.63,1.0,25.0,273.99,,,27.2,6.41,47.0,0,,,,FutureVenue-Template
Yo-Chi New Venue 01,VIC,2027-01-08,FY 2027,forecast,6849.69,5479.75,8219.63,1.0,25.0,273.99,,,25.5,4.37,42.9,0,,,,FutureVenue-Template
Yo-Chi New Venue 01,VIC,2027-01-09,FY 2027,forecast,6849.69,5479.75,8219.63,1.0,25.0,273.99,,,29.4,0.0,45.4,0,,,,FutureVenue-Template
Yo-Chi New Venue 01,VIC,2027-01-10,FY 2027,forecast,6849.69,5479.75,8219.63,1.0,25.0,273.99,,,28.5,1.54,45.5,0,,,,FutureVenue-Template
Yo-Chi New Venue 01,VIC,2027-01-11,FY 2027,forecast,6849.69,5479.75,8219.63,1.0,25.0,273.99,,,26.9,0.33,48.4,0,,,,FutureVenue-Template
Yo-Chi New Venue 01,VIC,2027-01-12,FY 2027,forecast,6849.69,5479.75,8219.63,1.0,25.0,273.99,,,25.4,1.53,44.5,0,,,,FutureVenue-Template
Yo-Chi New Venue 01,VIC,2027-01-13,FY 2027,forecast,6849.69,5479.75,8219.63,1.0,25.0,273.99,,,26.8,0.73,42.1,0,,,,FutureVenue-Template
Yo-Chi New Venue 01,VIC,2027-01-14,FY 2027,forecast,6849.69,5479.75,8219.63,1.0,25.0,273.99,,,27.6,1.09,44.5,0,,,,FutureVenue-Template
Yo-Chi New Venue 01,VIC,2027-01-15,FY 2027,forecast,6849.69,5479.75,8219.63,1.0,25.0,273.99,,,25.4,1.91,50.2,0,,,,FutureVenue-Template
Yo-Chi New Venue 01,VIC,2027-01-16,FY 2027,forecast,6849.69,5479.75,8219.63,1.0,25.0,273.99,,,24.3,1.23,47.6,0,,,,FutureVenue-Template
Yo-Chi New Venue 01,VIC,2027-01-17,FY 2027,forecast,6849.69,5479.75,8219.63,1.0,25.0,273.99,,,25.3,5.53,51.4,0,,,,FutureVenue-Template
Yo-Chi New Venue 01,VIC,2027-01-18,FY 2027,forecast,6849.69,5479.75,8219.63,1.0,25.0,273.99,,,24.8,1.31,48.1,0,,,,FutureVenue-Template
Yo-Chi New Venue 01,VIC,2027-01-19,FY 2027,forecast,6849.69,5479.75,8219.63,1.0,25.0,273.99,,,25.1,0.04,47.2,0,,,,FutureVenue-Template
Yo-Chi New Venue 01,VIC,2027-01-20,FY 2027,forecast,6849.69,5479.75,8219.63,1.0,25.0,273.99,,,25.7,2.37,41.7,0,,,,FutureVenue-Template
Yo-Chi New Venue 01,VIC,2027-01-21,FY 2027,forecast,6849.69,5479.75,8219.63,1.0,25.0,273.99,,,25.7,0.39,46.0,0,,,,FutureVenue-Template
Yo-Chi New Venue 01,VIC,2027-01-22,FY 2027,forecast,6849.69,5479.75,8219.63,1.0,25.0,273.99,,,24.7,0.76,54.3,0,,,,FutureVenue-Template
Yo-Chi New Venue 01,VIC,2027-01-23,FY 2027,forecast,6849.69,5479.75,8219.63,1.0,25.0,273.99,,,26.1,4.5,43.3,0,,,,FutureVenue-Template
Yo-Chi New Venue 01,VIC,2027-01-24,FY 2027,forecast,6849.69,5479.75,8219.63,1.0,25.0,273.99,,,29.8,1.56,42.5,0,,,,FutureVenue-Template
Yo-Chi New Venue 01,VIC,2027-01-25,FY 2027,forecast,6849.69,5479.75,8219.63,1.0,25.0,273.99,,,28.8,3.77,45.2,0,,,,FutureVenue-Template
Yo-Chi New Venue 01,VIC,2027-01-26,FY 2027,forecast,6849.69,5479.75,8219.63,1.0,25.0,273.99,,,25.8,2.04,41.6,0,Australia Day,,,FutureVenue-Template
Yo-Chi New Venue 01,VIC,2027-01-27,FY 2027,forecast,6849.69,5479.75,8219.63,1.0,25.0,273.99,,,30.7,0.2,51.3,0,,,,FutureVenue-Template
Yo-Chi New Venue 01,VIC,2027-01-28,FY 2027,forecast,6849.69,5479.75,8219.63,1.0,25.0,273.99,,,26.2,4.23,43.2,0,,,,FutureVenue-Template
Yo-Chi New Venue 01,VIC,2027-01-29,FY 2027,forecast,6849.69,5479.75,8219.63,1.0,25.0,273.99,,,23.9,10.3,41.1,0,,,,FutureVenue-Template
Yo-Chi New Venue 01,VIC,2027-01-30,FY 2027,forecast,6849.69,5479.75,8219.63,1.0,25.0,273.99,,,25.9,1.03,44.2,0,,,,FutureVenue-Template
Yo-Chi New Venue 01,VIC,2027-01-31,FY 2027,forecast,6849.69,5479.75,8219.63,1.0,25.0,273.99,,,27.0,0.34,43.6,0,,,,FutureVenue-Template
Yo-Chi New Venue 01,VIC,2027-02-01,FY 2027,forecast,6849.69,5479.75,8219.63,1.0,25.0,273.99,,,24.3,4.33,51.2,0,,,,FutureVenue-Template
Yo-Chi New Venue 01,VIC,2027-02-02,FY 2027,forecast,6849.69,5479.75,8219.63,1.0,25.0,273.99,,,23.2,4.17,54.1,0,,,,FutureVenue-Template
Yo-Chi New Venue 01,VIC,2027-02-03,FY 2027,forecast,6849.69,5479.75,8219.63,1.0,25.0,273.99,,,25.2,2.6,48.6,0,,,,FutureVenue-Template
Yo-Chi New Venue 01,VIC,2027-02-04,FY 2027,forecast,6849.69,5479.75,8219.63,1.0,25.0,273.99,,,28.6,1.34,49.5,0,,,,FutureVenue-Template
Yo-Chi New Venue 01,VIC,2027-02-05,FY 2027,forecast,6849.69,5479.75,8219.63,1.0,25.0,273.99,,,23.3,1.64,45.0,0,,,,FutureVenue-Template
Yo-Chi New Venue 01,VIC,2027-02-06,FY 2027,forecast,6849.69,5479.75,8219.63,1.0,25.0,273.99,,,24.8,0.37,40.9,0,,,,FutureVenue-Template
Yo-Chi New Venue 01,VIC,2027-02-07,FY 2027,forecast,6849.69,5479.75,8219.63,1.0,25.0,273.99,,,23.2,0.37,45.3,0,,,,FutureVenue-Template
Yo-Chi New Venue 01,VIC,2027-02-08,FY 2027,forecast,6849.69,5479.75,8219.63,1.0,25.0,273.99,,,25.3,0.73,46.5,0,,,,FutureVenue-Template
Yo-Chi New Venue 01,VIC,2027-02-09,FY 2027,forecast,6849.69,5479.75,8219.63,1.0,25.0,273.99,,,25.7,0.89,46.9,0,,,,FutureVenue-Template
Yo-Chi New Venue 01,VIC,2027-02-10,FY 2027,forecast,6849.69,5479.75,8219.63,1.0,25.0,273.99,,,26.1,0.34,38.4,0,,,,FutureVenue-Template
Yo-Chi New Venue 01,VIC,2027-02-11,FY 2027,forecast,6849.69,5479.75,8219.63,1.0,25.0,273.99,,,29.0,1.51,49.1,0,,,,FutureVenue-Template
Yo-Chi New Venue 01,VIC,2027-02-12,FY 2027,forecast,6849.69,5479.75,8219.63,1.0,25.0,273.99,,,26.4,1.67,49.0,0,,,,FutureVenue-Template
Yo-Chi New Venue 01,VIC,2027-02-13,FY 2027,forecast,6849.69,5479.75,8219.63,1.0,25.0,273.99,,,27.6,1.6,54.7,0,,,,FutureVenue-Template
Yo-Chi New Venue 01,VIC,2027-02-14,FY 2027,forecast,6849.69,5479.75,8219.63,1.0,25.0,273.99,,,24.2,3.2,43.2,0,,,,FutureVenue-Template
Yo-Chi New Venue 01,VIC,2027-02-15,FY 2027,forecast,6849.69,5479.75,8219.63,1.0,25.0,273.99,,,23.8,1.49,42.7,0,,,,FutureVenue-Template
Yo-Chi New Venue 01,VIC,2027-02-16,FY 2027,forecast,6849.69,5479.75,8219.63,1.0,25.0,273.99,,,27.1,0.61,43.9,0,,,,FutureVenue-Template
Yo-Chi New Venue 01,VIC,2027-02-17,FY 2027,forecast,6849.69,5479.75,8219.63,1.0,25.0,273.99,,,28.3,1.04,42.1,0,,,,FutureVenue-Template
Yo-Chi New Venue 01,VIC,2027-02-18,FY 2027,forecast,6849.69,5479.75,8219.63,1.0,25.0,273.99,,,23.3,3.31,44.9,0,,,,FutureVenue-Template
Yo-Chi New Venue 01,VIC,2027-02-19,FY 2027,forecast,6849.69,5479.75,8219.63,1.0,25.0,273.99,,,23.6,2.43,46.7,0,,,,FutureVenue-Template
Yo-Chi New Venue 01,VIC,2027-02-20,FY 2027,forecast,6849.69,5479.75,8219.63,1.0,25.0,273.99,,,25.1,0.53,41.1,0,,,,FutureVenue-Template
Yo-Chi New Venue 01,VIC,2027-02-21,FY 2027,forecast,6849.69,5479.75,8219.63,1.0,25.0,273.99,,,24.6,0.6,42.2,0,,,,FutureVenue-Template
Yo-Chi New Venue 01,VIC,2027-02-22,FY 2027,forecast,6849.69,5479.75,8219.63,1.0,25.0,273.99,,,28.2,1.71,50.7,0,,,,FutureVenue-Template
Yo-Chi New Venue 01,VIC,2027-02-23,FY 2027,forecast,6849.69,5479.75,8219.63,1.0,25.0,273.99,,,27.0,1.84,49.5,0,,,,FutureVenue-Template
Yo-Chi New Venue 01,VIC,2027-02-24,FY 2027,forecast,6849.69,5479.75,8219.63,1.0,25.0,273.99,,,23.8,9.6,40.2,0,,,,FutureVenue-Template
Yo-Chi New Venue 01,VIC,2027-02-25,FY 2027,forecast,6849.69,5479.75,8219.63,1.0,25.0,273.99,,,26.0,0.34,49.0,0,,,,FutureVenue-Template
Yo-Chi New Venue 01,VIC,2027-02-26,FY 2027,forecast,6849.69,5479.75,8219.63,1.0,25.0,273.99,,,24.5,0.59,46.0,0,,,,FutureVenue-Template
Yo-Chi New Venue 01,VIC,2027-02-27,FY 2027,forecast,6849.69,5479.75,8219.63,1.0,25.0,273.99,,,24.1,0.87,33.1,0,,,,FutureVenue-Template
Yo-Chi New Venue 01,VIC,2027-02-28,FY 2027,forecast,6849.69,5479.75,8219.63,1.0,25.0,273.99,,,25.8,0.16,37.4,0,,,,FutureVenue-Template
Yo-Chi New Venue 01,VIC,2027-03-01,FY 2027,forecast,6849.69,5479.75,8219.63,1.0,25.0,273.99,,,25.5,2.06,45.0,0,,,,FutureVenue-Template
Yo-Chi New Venue 01,VIC,2027-03-02,FY 2027,forecast,6849.69,5479.75,8219.63,1.0,25.0,273.99,,,21.2,3.74,43.6,0,,,,FutureVenue-Template
Yo-Chi New Venue 01,VIC,2027-03-03,FY 2027,forecast,6849.69,5479.75,8219.63,1.0,25.0,273.99,,,21.1,0.29,43.8,0,,,,FutureVenue-Template
Yo-Chi New Venue 01,VIC,2027-03-04,FY 2027,forecast,6849.69,5479.75,8219.63,1.0,25.0,273.99,,,25.4,1.77,33.6,0,,,,FutureVenue-Template
Yo-Chi New Venue 01,VIC,2027-03-05,FY 2027,forecast,6849.69,5479.75,8219.63,1.0,25.0,273.99,,,25.7,8.46,45.9,0,,,,FutureVenue-Template
Yo-Chi New Venue 01,VIC,2027-03-06,FY 2027,forecast,6849.69,5479.75,8219.63,1.0,25.0,273.99,,,22.2,1.56,43.3,0,,,,FutureVenue-Template
Yo-Chi New Venue 01,VIC,2027-03-07,FY 2027,forecast,6849.69,5479.75,8219.63,1.0,25.0,273.99,,,23.6,0.46,42.5,0,,,,FutureVenue-Template
Yo-Chi New Venue 01,VIC,2027-03-08,FY 2027,forecast,6849.69,5479.75,8219.63,1.0,25.0,273.99,,,23.2,1.04,41.8,0,Labour Day,,,FutureVenue-Template
Yo-Chi New Venue 01,VIC,2027-03-09,FY 2027,forecast,6849.69,5479.75,8219.63,1.0,25.0,273.99,,,26.3,0.33,51.2,0,,,,FutureVenue-Template
Yo-Chi New Venue 01,VIC,2027-03-10,FY 2027,forecast,6849.69,5479.75,8219.63,1.0,25.0,273.99,,,26.2,0.07,37.4,0,,,,FutureVenue-Template
Yo-Chi New Venue 01,VIC,2027-03-11,FY 2027,forecast,6849.69,5479.75,8219.63,1.0,25.0,273.99,,,27.6,0.24,42.8,0,,,,FutureVenue-Template
Yo-Chi New Venue 01,VIC,2027-03-12,FY 2027,forecast,6849.69,5479.75,8219.63,1.0,25.0,273.99,,,25.4,1.83,44.1,0,,,,FutureVenue-Template
Yo-Chi New Venue 01,VIC,2027-03-13,FY 2027,forecast,6849.69,5479.75,8219.63,1.0,25.0,273.99,,,23.9,6.69,43.3,0,,,,FutureVenue-Template
Yo-Chi New Venue 01,VIC,2027-03-14,FY 2027,forecast,6849.69,5479.75,8219.63,1.0,25.0,273.99,,,23.0,0.36,41.9,0,,,,FutureVenue-Template
Yo-Chi New Venue 01,VIC,2027-03-15,FY 2027,forecast,6849.69,5479.75,8219.63,1.0,25.0,273.99,,,26.3,0.47,35.9,0,,,,FutureVenue-Template
Yo-Chi New Venue 01,VIC,2027-03-16,FY 2027,forecast,6849.69,5479.75,8219.63,1.0,25.0,273.99,,,24.6,3.7,42.0,0,,,,FutureVenue-Template
Yo-Chi New Venue 01,VIC,2027-03-17,FY 2027,forecast,6849.69,5479.75,8219.63,1.0,25.0,273.99,,,24.4,0.41,39.2,0,,,,FutureVenue-Template
Yo-Chi New Venue 01,VIC,2027-03-18,FY 2027,forecast,6849.69,5479.75,8219.63,1.0,25.0,273.99,,,26.4,0.23,40.9,0,,,,FutureVenue-Template
Yo-Chi New Venue 01,VIC,2027-03-19,FY 2027,forecast,6849.69,5479.75,8219.63,1.0,25.0,273.99,,,26.5,0.37,42.0,0,,,,FutureVenue-Template
Yo-Chi New Venue 01,VIC,2027-03-20,FY 2027,forecast,6849.69,5479.75,8219.63,1.0,25.0,273.99,,,22.3,2.3,48.7,0,,,,FutureVenue-Template
Yo-Chi New Venue 01,VIC,2027-03-21,FY 2027,forecast,6849.69,5479.75,8219.63,1.0,25.0,273.99,,,21.1,2.61,33.5,0,,,,FutureVenue-Template
Yo-Chi New Venue 01,VIC,2027-03-22,FY 2027,forecast,6849.69,5479.75,8219.63,1.0,25.0,273.99,,,22.5,1.54,42.1,0,,,,FutureVenue-Template
Yo-Chi New Venue 01,VIC,2027-03-23,FY 2027,forecast,6849.69,5479.75,8219.63,1.0,25.0,273.99,,,21.2,1.64,35.7,0,,,,FutureVenue-Template
Yo-Chi New Venue 01,VIC,2027-03-24,FY 2027,forecast,6849.69,5479.75,8219.63,1.0,25.0,273.99,,,21.0,1.3,40.9,0,,,,FutureVenue-Template
Yo-Chi New Venue 01,VIC,2027-03-25,FY 2027,forecast,6849.69,5479.75,8219.63,1.0,25.0,273.99,,,21.1,1.83,40.2,0,,,,FutureVenue-Template
Yo-Chi New Venue 01,VIC,2027-03-26,FY 2027,forecast,6849.69,5479.75,8219.63,1.0,25.0,273.99,,,20.5,1.81,36.9,0,Good Friday,,,FutureVenue-Template
Yo-Chi New Venue 01,VIC,2027-03-27,FY 2027,forecast,6849.69,5479.75,8219.63,1.0,25.0,273.99,,,21.8,3.27,41.1,0,Easter Saturday,,,FutureVenue-Template
Yo-Chi New Venue 01,VIC,2027-03-28,FY 2027,forecast,6849.69,5479.75,8219.63,1.0,25.0,273.99,,,22.9,2.13,41.5,0,Easter Sunday,,,FutureVenue-Template
Yo-Chi New Venue 01,VIC,2027-03-29,FY 2027,forecast,6849.69,5479.75,8219.63,1.0,25.0,273.99,,,21.8,2.91,42.6,0,Easter Monday,,,FutureVenue-Template
Yo-Chi New Venue 01,VIC,2027-03-30,FY 2027,forecast,6849.69,5479.75,8219.63,1.0,25.0,273.99,,,21.1,0.24,39.4,0,,,,FutureVenue-Template
Yo-Chi New Venue 01,VIC,2027-03-31,FY 2027,forecast,6849.69,5479.75,8219.63,1.0,25.0,273.99,,,21.9,0.73,37.2,0,,,,FutureVenue-Template
Yo-Chi New Venue 01,VIC,2027-04-01,FY 2027,forecast,6849.69,5479.75,8219.63,1.0,25.0,273.99,,,23.7,3.16,41.2,0,,,,FutureVenue-Template
Yo-Chi New Venue 01,VIC,2027-04-02,FY 2027,forecast,6849.69,5479.75,8219.63,1.0,25.0,273.99,,,22.2,10.03,38.3,0,,,,FutureVenue-Template
Yo-Chi New Venue 01,VIC,2027-04-03,FY 2027,forecast,6849.69,5479.75,8219.63,1.0,25.0,273.99,,,21.1,1.71,36.9,0,,,,FutureVenue-Template
Yo-Chi New Venue 01,VIC,2027-04-04,FY 2027,forecast,6849.69,5479.75,8219.63,1.0,25.0,273.99,,,19.6,3.13,39.3,0,,,,FutureVenue-Template
Yo-Chi New Venue 01,VIC,2027-04-05,FY 2027,forecast,6849.69,5479.75,8219.63,1.0,25.0,273.99,,,19.7,1.03,39.6,0,,,,FutureVenue-Template
Yo-Chi New Venue 01,VIC,2027-04-06,FY 2027,forecast,6849.69,5479.75,8219.63,1.0,25.0,273.99,,,20.9,2.66,36.8,0,,,,FutureVenue-Template
Yo-Chi New Venue 01,VIC,2027-04-07,FY 2027,forecast,6849.69,5479.75,8219.63,1.0,25.0,273.99,,,19.5,3.01,37.8,0,,,,FutureVenue-Template
Yo-Chi New Venue 01,VIC,2027-04-08,FY 2027,forecast,6849.69,5479.75,8219.63,1.0,25.0,273.99,,,20.8,1.97,37.6,0,,,,FutureVenue-Template
Yo-Chi New Venue 01,VIC,2027-04-09,FY 2027,forecast,6849.69,5479.75,8219.63,1.0,25.0,273.99,,,19.6,2.89,45.5,0,,,,FutureVenue-Template
Yo-Chi New Venue 01,VIC,2027-04-10,FY 2027,forecast,6849.69,5479.75,8219.63,1.0,25.0,273.99,,,20.4,1.91,46.6,0,,,,FutureVenue-Template
Yo-Chi New Venue 01,VIC,2027-04-11,FY 2027,forecast,6849.69,5479.75,8219.63,1.0,25.0,273.99,,,17.8,1.8,51.0,0,,,,FutureVenue-Template
Yo-Chi New Venue 01,VIC,2027-04-12,FY 2027,forecast,6849.69,5479.75,8219.63,1.0,25.0,273.99,,,18.3,2.69,37.9,0,,,,FutureVenue-Template
Yo-Chi New Venue 01,VIC,2027-04-13,FY 2027,forecast,6849.69,5479.75,8219.63,1.0,25.0,273.99,,,20.9,0.24,39.3,0,,,,FutureVenue-Template
Yo-Chi New Venue 01,VIC,2027-04-14,FY 2027,forecast,6849.69,5479.75,8219.63,1.0,25.0,273.99,,,21.7,0.03,34.9,0,,,,FutureVenue-Template
Yo-Chi New Venue 01,VIC,2027-04-15,FY 2027,forecast,6849.69,5479.75,8219.63,1.0,25.0,273.99,,,22.6,2.53,37.9,0,,,,FutureVenue-Template
Yo-Chi New Venue 01,VIC,2027-04-16,FY 2027,forecast,6849.69,5479.75,8219.63,1.0,25.0,273.99,,,21.5,3.5,40.4,0,,,,FutureVenue-Template
Yo-Chi New Venue 01,VIC,2027-04-17,FY 2027,forecast,6849.69,5479.75,8219.63,1.0,25.0,273.99,,,20.6,0.84,38.9,0,,,,FutureVenue-Template
Yo-Chi New Venue 01,VIC,2027-04-18,FY 2027,forecast,6849.69,5479.75,8219.63,1.0,25.0,273.99,,,19.6,5.8,35.6,0,,,,FutureVenue-Template
Yo-Chi New Venue 01,VIC,2027-04-19,FY 2027,forecast,6849.69,5479.75,8219.63,1.0,25.0,273.99,,,19.1,4.37,37.8,0,,,,FutureVenue-Template
Yo-Chi New Venue 01,VIC,2027-04-20,FY 2027,forecast,6849.69,5479.75,8219.63,1.0,25.0,273.99,,,19.2,2.69,44.7,0,,,,FutureVenue-Template
Yo-Chi New Venue 01,VIC,2027-04-21,FY 2027,forecast,6849.69,5479.75,8219.63,1.0,25.0,273.99,,,18.6,0.86,30.8,0,,,,FutureVenue-Template
Yo-Chi New Venue 01,VIC,2027-04-22,FY 2027,forecast,6849.69,5479.75,8219.63,1.0,25.0,273.99,,,19.3,0.26,34.3,0,,,,FutureVenue-Template
Yo-Chi New Venue 01,VIC,2027-04-23,FY 2027,forecast,6849.69,5479.75,8219.63,1.0,25.0,273.99,,,20.2,0.56,33.7,0,,,,FutureVenue-Template
Yo-Chi New Venue 01,VIC,2027-04-24,FY 2027,forecast,6849.69,5479.75,8219.63,1.0,25.0,273.99,,,20.4,0.64,37.9,0,,,,FutureVenue-Template
Yo-Chi New Venue 01,VIC,2027-04-25,FY 2027,forecast,6849.69,5479.75,8219.63,1.0,25.0,273.99,,,21.1,1.94,35.8,0,ANZAC Day,,,FutureVenue-Template
Yo-Chi New Venue 01,VIC,2027-04-26,FY 2027,forecast,6849.69,5479.75,8219.63,1.0,25.0,273.99,,,20.0,3.57,35.5,0,,,,FutureVenue-Template
Yo-Chi New Venue 01,VIC,2027-04-27,FY 2027,forecast,6849.69,5479.75,8219.63,1.0,25.0,273.99,,,18.2,0.66,30.0,0,,,,FutureVenue-Template
Yo-Chi New Venue 01,VIC,2027-04-28,FY 2027,forecast,6849.69,5479.75,8219.63,1.0,25.0,273.99,,,20.1,1.0,37.8,0,,,,FutureVenue-Template
Yo-Chi New Venue 01,VIC,2027-04-29,FY 2027,forecast,6849.69,5479.75,8219.63,1.0,25.0,273.99,,,18.4,6.3,36.4,0,,,,FutureVenue-Template
Yo-Chi New Venue 01,VIC,2027-04-30,FY 2027,forecast,6849.69,5479.75,8219.63,1.0,25.0,273.99,,,18.0,1.7,39.4,0,,,,FutureVenue-Template
Yo-Chi New Venue 01,VIC,2027-05-01,FY 2027,forecast,6849.69,5479.75,8219.63,1.0,25.0,273.99,,,18.9,0.96,37.3,0,,,,FutureVenue-Template
Yo-Chi New Venue 01,VIC,2027-05-02,FY 2027,forecast,6849.69,5479.75,8219.63,1.0,25.0,273.99,,,19.4,1.17,38.3,0,,,,FutureVenue-Template
Yo-Chi New Venue 01,VIC,2027-05-03,FY 2027,forecast,6849.69,5479.75,8219.63,1.0,25.0,273.99,,,17.3,4.86,45.7,0,,,,FutureVenue-Template
Yo-Chi New Venue 01,VIC,2027-05-04,FY 2027,forecast,6849.69,5479.75,8219.63,1.0,25.0,273.99,,,16.4,4.7,36.7,0,,,,FutureVenue-Template
Yo-Chi New Venue 01,VIC,2027-05-05,FY 2027,forecast,6849.69,5479.75,8219.63,1.0,25.0,273.99,,,17.5,0.8,38.7,0,,,,FutureVenue-Template
Yo-Chi New Venue 01,VIC,2027-05-06,FY 2027,forecast,6849.69,5479.75,8219.63,1.0,25.0,273.99,,,18.3,2.2,39.6,0,,,,FutureVenue-Template
Yo-Chi New Venue 01,VIC,2027-05-07,FY 2027,forecast,6849.69,5479.75,8219.63,1.0,25.0,273.99,,,16.5,2.99,44.7,0,,,,FutureVenue-Template
Yo-Chi New Venue 01,VIC,2027-05-08,FY 2027,forecast,6849.69,5479.75,8219.63,1.0,25.0,273.99,,,16.7,0.61,35.5,0,,,,FutureVenue-Template
Yo-Chi New Venue 01,VIC,2027-05-09,FY 2027,forecast,6849.69,5479.75,8219.63,1.0,25.0,273.99,,,16.1,2.19,30.6,0,,,,FutureVenue-Template
Yo-Chi New Venue 01,VIC,2027-05-10,FY 2027,forecast,6849.69,5479.75,8219.63,1.0,25.0,273.99,,,16.2,1.87,28.4,0,,,,FutureVenue-Template
Yo-Chi New Venue 01,VIC,2027-05-11,FY 2027,forecast,6849.69,5479.75,8219.63,1.0,25.0,273.99,,,17.8,0.93,32.5,0,,,,FutureVenue-Template
Yo-Chi New Venue 01,VIC,2027-05-12,FY 2027,forecast,6849.69,5479.75,8219.63,1.0,25.0,273.99,,,17.8,0.17,27.1,0,,,,FutureVenue-Template
Yo-Chi New Venue 01,VIC,2027-05-13,FY 2027,forecast,6849.69,5479.75,8219.63,1.0,25.0,273.99,,,17.2,1.82,25.8,0,,,,FutureVenue-Template
Yo-Chi New Venue 01,VIC,2027-05-14,FY 2027,forecast,6849.69,5479.75,8219.63,1.0,25.0,273.99,,,16.1,0.37,34.2,0,,,,FutureVenue-Template
Yo-Chi New Venue 01,VIC,2027-05-15,FY 2027,forecast,6849.69,5479.75,8219.63,1.0,25.0,273.99,,,16.4,0.67,34.5,0,,,,FutureVenue-Template
Yo-Chi New Venue 01,VIC,2027-05-16,FY 2027,forecast,6849.69,5479.75,8219.63,1.0,25.0,273.99,,,15.8,0.82,33.5,0,,,,FutureVenue-Template
Yo-Chi New Venue 01,VIC,2027-05-17,FY 2027,forecast,6849.69,5479.75,8219.63,1.0,25.0,273.99,,,14.6,1.88,34.9,0,,,,FutureVenue-Template
Yo-Chi New Venue 01,VIC,2027-05-18,FY 2027,forecast,6849.69,5479.75,8219.63,1.0,25.0,273.99,,,14.5,1.23,35.3,0,,,,FutureVenue-Template
Yo-Chi New Venue 01,VIC,2027-05-19,FY 2027,forecast,6849.69,5479.75,8219.63,1.0,25.0,273.99,,,15.2,0.58,36.6,0,,,,FutureVenue-Template
Yo-Chi New Venue 01,VIC,2027-05-20,FY 2027,forecast,6849.69,5479.75,8219.63,1.0,25.0,273.99,,,15.2,4.47,36.4,0,,,,FutureVenue-Template
Yo-Chi New Venue 01,VIC,2027-05-21,FY 2027,forecast,6849.69,5479.75,8219.63,1.0,25.0,273.99,,,14.0,3.72,28.1,0,,,,FutureVenue-Template
Yo-Chi New Venue 01,VIC,2027-05-22,FY 2027,forecast,6849.69,5479.75,8219.63,1.0,25.0,273.99,,,14.8,0.3,25.2,0,,,,FutureVenue-Template
Yo-Chi New Venue 01,VIC,2027-05-23,FY 2027,forecast,6849.69,5479.75,8219.63,1.0,25.0,273.99,,,15.7,1.27,27.6,0,,,,FutureVenue-Template
Yo-Chi New Venue 01,VIC,2027-05-24,FY 2027,forecast,6849.69,5479.75,8219.63,1.0,25.0,273.99,,,16.3,0.33,38.9,0,,,,FutureVenue-Template
Yo-Chi New Venue 01,VIC,2027-05-25,FY 2027,forecast,6849.69,5479.75,8219.63,1.0,25.0,273.99,,,16.6,4.3,43.6,0,,,,FutureVenue-Template
Yo-Chi New Venue 01,VIC,2027-05-26,FY 2027,forecast,6849.69,5479.75,8219.63,1.0,25.0,273.99,,,15.8,2.48,38.2,0,,,,FutureVenue-Template
Yo-Chi New Venue 01,VIC,2027-05-27,FY 2027,forecast,6849.69,5479.75,8219.63,1.0,25.0,273.99,,,15.2,1.18,36.6,0,,,,FutureVenue-Template
Yo-Chi New Venue 01,VIC,2027-05-28,FY 2027,forecast,6849.69,5479.75,8219.63,1.0,25.0,273.99,,,15.0,2.22,36.5,0,,,,FutureVenue-Template
Yo-Chi New Venue 01,VIC,2027-05-29,FY 2027,forecast,6849.69,5479.75,8219.63,1.0,25.0,273.99,,,15.5,0.3,38.0,0,,,,FutureVenue-Template
Yo-Chi New Venue 01,VIC,2027-05-30,FY 2027,forecast,6849.69,5479.75,8219.63,1.0,25.0,273.99,,,15.2,3.78,42.2,0,,,,FutureVenue-Template
Yo-Chi New Venue 01,VIC,2027-05-31,FY 2027,forecast,6849.69,5479.75,8219.63,1.0,25.0,273.99,,,14.9,0.43,44.3,0,,,,FutureVenue-Template
Yo-Chi New Venue 01,VIC,2027-06-01,FY 2027,forecast,6849.69,5479.75,8219.63,1.0,25.0,273.99,,,14.0,4.42,45.6,0,,,,FutureVenue-Template
Yo-Chi New Venue 01,VIC,2027-06-02,FY 2027,forecast,6849.69,5479.75,8219.63,1.0,25.0,273.99,,,14.8,0.47,33.4,0,,,,FutureVenue-Template
Yo-Chi New Venue 01,VIC,2027-06-03,FY 2027,forecast,6849.69,5479.75,8219.63,1.0,25.0,273.99,,,13.5,1.97,38.6,0,,,,FutureVenue-Template
Yo-Chi New Venue 01,VIC,2027-06-04,FY 2027,forecast,6849.69,5479.75,8219.63,1.0,25.0,273.99,,,13.6,0.45,35.6,0,,,,FutureVenue-Template
Yo-Chi New Venue 01,VIC,2027-06-05,FY 2027,forecast,6849.69,5479.75,8219.63,1.0,25.0,273.99,,,14.2,3.5,40.6,0,,,,FutureVenue-Template
Yo-Chi New Venue 01,VIC,2027-06-06,FY 2027,forecast,6849.69,5479.75,8219.63,1.0,25.0,273.99,,,14.0,1.5,43.6,0,,,,FutureVenue-Template
Yo-Chi New Venue 01,VIC,2027-06-07,FY 2027,forecast,6849.69,5479.75,8219.63,1.0,25.0,273.99,,,14.0,3.77,46.8,0,,,,FutureVenue-Template
Yo-Chi New Venue 01,VIC,2027-06-08,FY 2027,forecast,6849.69,5479.75,8219.63,1.0,25.0,273.99,,,12.6,5.92,37.2,0,,,,FutureVenue-Template
Yo-Chi New Venue 01,VIC,2027-06-09,FY 2027,forecast,6849.69,5479.75,8219.63,1.0,25.0,273.99,,,12.5,6.93,47.3,0,,,,FutureVenue-Template
Yo-Chi New Venue 01,VIC,2027-06-10,FY 2027,forecast,6849.69,5479.75,8219.63,1.0,25.0,273.99,,,13.9,2.68,48.2,0,,,,FutureVenue-Template
Yo-Chi New Venue 01,VIC,2027-06-11,FY 2027,forecast,6849.69,5479.75,8219.63,1.0,25.0,273.99,,,14.0,2.42,35.7,0,,,,FutureVenue-Template
Yo-Chi New Venue 01,VIC,2027-06-12,FY 2027,forecast,6849.69,5479.75,8219.63,1.0,25.0,273.99,,,13.3,2.0,38.1,0,,,,FutureVenue-Template
Yo-Chi New Venue 01,VIC,2027-06-13,FY 2027,forecast,6849.69,5479.75,8219.63,1.0,25.0,273.99,,,12.8,1.0,29.3,0,,,,FutureVenue-Template
Yo-Chi New Venue 01,VIC,2027-06-14,FY 2027,forecast,6849.69,5479.75,8219.63,1.0,25.0,273.99,,,13.4,2.47,38.0,0,King's Birthday,,,FutureVenue-Template
Yo-Chi New Venue 01,VIC,2027-06-15,FY 2027,forecast,6849.69,5479.75,8219.63,1.0,25.0,273.99,,,14.0,2.52,45.2,0,,,,FutureVenue-Template
Yo-Chi New Venue 01,VIC,2027-06-16,FY 2027,forecast,6849.69,5479.75,8219.63,1.0,25.0,273.99,,,14.3,1.98,50.2,0,,,,FutureVenue-Template
Yo-Chi New Venue 01,VIC,2027-06-17,FY 2027,forecast,6849.69,5479.75,8219.63,1.0,25.0,273.99,,,13.1,1.17,34.9,0,,,,FutureVenue-Template
Yo-Chi New Venue 01,VIC,2027-06-18,FY 2027,forecast,6849.69,5479.75,8219.63,1.0,25.0,273.99,,,13.2,1.48,30.9,0,,,,FutureVenue-Template
Yo-Chi New Venue 01,VIC,2027-06-19,FY 2027,forecast,6849.69,5479.75,8219.63,1.0,25.0,273.99,,,13.3,1.83,37.3,0,,,,FutureVenue-Template
Yo-Chi New Venue 01,VIC,2027-06-20,FY 2027,forecast,6849.69,5479.75,8219.63,1.0,25.0,273.99,,,13.9,1.72,29.1,0,,,,FutureVenue-Template
Yo-Chi New Venue 01,VIC,2027-06-21,FY 2027,forecast,6849.69,5479.75,8219.63,1.0,25.0,273.99,,,12.7,1.63,29.8,0,,,,FutureVenue-Template
Yo-Chi New Venue 01,VIC,2027-06-22,FY 2027,forecast,6849.69,5479.75,8219.63,1.0,25.0,273.99,,,13.8,2.98,34.5,0,,,,FutureVenue-Template
Yo-Chi New Venue 01,VIC,2027-06-23,FY 2027,forecast,6849.69,5479.75,8219.63,1.0,25.0,273.99,,,14.1,1.48,46.6,0,,,,FutureVenue-Template
Yo-Chi New Venue 01,VIC,2027-06-24,FY 2027,forecast,6849.69,5479.75,8219.63,1.0,25.0,273.99,,,14.2,2.77,52.5,0,,,,FutureVenue-Template
Yo-Chi New Venue 01,VIC,2027-06-25,FY 2027,forecast,6849.69,5479.75,8219.63,1.0,25.0,273.99,,,13.0,3.13,50.8,0,,,,FutureVenue-Template
Yo-Chi New Venue 01,VIC,2027-06-26,FY 2027,forecast,6849.69,5479.75,8219.63,1.0,25.0,273.99,,,12.8,1.42,36.8,0,,,,FutureVenue-Template
Yo-Chi New Venue 01,VIC,2027-06-27,FY 2027,forecast,6849.69,5479.75,8219.63,1.0,25.0,273.99,,,13.3,0.37,26.8,0,,,,FutureVenue-Template
Yo-Chi New Venue 01,VIC,2027-06-28,FY 2027,forecast,6849.69,5479.75,8219.63,1.0,25.0,273.99,,,13.2,0.57,33.1,0,,,,FutureVenue-Template
Yo-Chi New Venue 01,VIC,2027-06-29,FY 2027,forecast,6849.69,5479.75,8219.63,1.0,25.0,273.99,,,13.2,1.95,37.5,0,,,,FutureVenue-Template
Yo-Chi New Venue 01,VIC,2027-06-30,FY 2027,forecast,6849.69,5479.75,8219.63,1.0,25.0,273.99,,,13.1,0.75,39.5,0,,,,FutureVenue-Template
