venue,date,servings_sales,servings_lower_90,servings_upper_90,multiplier,atp_forecast,transactions,retail_sales,pos_discounts,cluster,cluster_type,model
Yo-Chi Albert St,2026-05-02,17657.06,14178.34,21197.68,0.95,13.5972,1298.58,234.21,711.42,BRIS,CORE Cluster,Prophet
Yo-Chi Albert St,2026-05-03,15962.46,12580.43,19514.93,0.95,13.5972,1173.95,225.85,958.16,BRIS,CORE Cluster,Prophet
Yo-Chi Albert St,2026-05-04,12133.17,8873.29,15395.76,0.95,13.5972,892.33,239.4,663.42,BRIS,CORE Cluster,Prophet
Yo-Chi Albert St,2026-05-05,12136.68,8865.82,15572.86,0.95,13.5972,892.59,236.33,754.24,BRIS,CORE Cluster,Prophet
Yo-Chi Albert St,2026-05-06,12774.6,9390.77,16088.43,0.95,13.5972,939.5,237.21,893.89,BRIS,CORE Cluster,Prophet
Yo-Chi Albert St,2026-05-07,12920.81,9526.81,16273.95,0.95,13.5972,950.26,237.66,696.48,BRIS,CORE Cluster,Prophet
Yo-Chi Albert St,2026-05-08,16492.54,13256.22,19722.48,0.95,13.5972,1212.94,269.93,824.79,BRIS,CORE Cluster,Prophet
Yo-Chi Albert St,2026-05-09,17595.97,14343.12,21133.65,0.95,13.5972,1294.09,275.87,776.21,BRIS,CORE Cluster,Prophet
Yo-Chi Albert St,2026-05-10,15958.88,12672.4,19333.91,0.95,13.5972,1173.69,259.29,998.4,BRIS,CORE Cluster,Prophet
Yo-Chi Albert St,2026-05-11,12172.84,8728.21,15526.99,0.95,13.5972,895.25,264.83,674.26,BRIS,CORE Cluster,Prophet
Yo-Chi Albert St,2026-05-12,12209.56,8745.25,15541.87,0.95,13.5972,897.95,253.55,739.15,BRIS,CORE Cluster,Prophet
Yo-Chi Albert St,2026-05-13,12868.54,9481.3,16257.87,0.95,13.5972,946.41,246.53,854.37,BRIS,CORE Cluster,Prophet
Yo-Chi Albert St,2026-05-14,13023.31,9764.69,16344.49,0.95,13.5972,957.79,239.51,631.62,BRIS,CORE Cluster,Prophet
Yo-Chi Albert St,2026-05-15,16594.75,13081.34,19949.03,0.95,13.5972,1220.45,265.42,739.78,BRIS,CORE Cluster,Prophet
Yo-Chi Albert St,2026-05-16,17685.72,14483.68,21074.4,0.95,13.5972,1300.69,265.38,672.79,BRIS,CORE Cluster,Prophet
Yo-Chi Albert St,2026-05-17,16025.02,12620.57,19283.52,0.95,13.5972,1178.55,243.39,882.52,BRIS,CORE Cluster,Prophet
Yo-Chi Albert St,2026-05-18,12206.06,8679.09,15232.77,0.95,13.5972,897.69,244.88,545.71,BRIS,CORE Cluster,Prophet
Yo-Chi Albert St,2026-05-19,12206.43,9016.41,15743.98,0.95,13.5972,897.72,230.4,605.63,BRIS,CORE Cluster,Prophet
Yo-Chi Albert St,2026-05-20,12824.91,9395.16,16266.99,0.95,13.5972,943.2,221.4,721.11,BRIS,CORE Cluster,Prophet
Yo-Chi Albert St,2026-05-21,12935.87,9433.6,16329.26,0.95,13.5972,951.36,213.57,500.82,BRIS,CORE Cluster,Prophet
Yo-Chi Albert St,2026-05-22,16464.75,13111.79,19951.96,0.95,13.5972,1210.89,240.31,619.02,BRIS,CORE Cluster,Prophet
Yo-Chi Albert St,2026-05-23,17511.77,14123.38,20698.55,0.95,13.5972,1287.9,241.79,565.46,BRIS,CORE Cluster,Prophet
Yo-Chi Albert St,2026-05-24,15807.15,12416.92,19028.74,0.95,13.5972,1162.53,221.99,795.34,BRIS,CORE Cluster,Prophet
Yo-Chi Albert St,2026-05-25,11946.23,8521.2,15385.68,0.95,13.5972,878.58,226.89,478.41,BRIS,CORE Cluster,Prophet
Yo-Chi Albert St,2026-05-26,11912.42,8604.44,15406.86,0.95,13.5972,876.09,216.31,565.04,BRIS,CORE Cluster,Prophet
Yo-Chi Albert St,2026-05-27,12503.39,9158.09,16131.83,0.95,13.5972,919.56,211.85,710.7,BRIS,CORE Cluster,Prophet
Yo-Chi Albert St,2026-05-28,12593.82,9338.94,15916.46,0.95,13.5972,926.21,208.93,520.25,BRIS,CORE Cluster,Prophet
Yo-Chi Albert St,2026-05-29,16112.94,12919.42,19456.3,0.95,13.5972,1185.02,241.26,672.61,BRIS,CORE Cluster,Prophet
Yo-Chi Albert St,2026-05-30,17157.4,13774.93,20252.83,0.95,13.5972,1261.83,247.9,652.64,BRIS,CORE Cluster,Prophet
Yo-Chi Albert St,2026-05-31,15457.75,12234.89,18706.51,0.95,13.5972,1136.83,232.67,918.35,BRIS,CORE Cluster,Prophet
Yo-Chi Albert St,2026-06-01,10999.05,7956.51,13992.75,0.9,13.5972,808.92,229.32,598.78,BRIS,CORE Cluster,Prophet
Yo-Chi Albert St,2026-06-02,10991.73,7786.09,14322.54,0.9,13.5972,808.38,222.69,711.33,BRIS,CORE Cluster,Prophet
Yo-Chi Albert St,2026-06-03,11586.15,8424.12,14509.81,0.9,13.5972,852.1,221.16,877.91,BRIS,CORE Cluster,Prophet
Yo-Chi Albert St,2026-06-04,11715.18,8535.04,14826.49,0.9,13.5972,861.59,220.18,720.52,BRIS,CORE Cluster,Prophet
Yo-Chi Albert St,2026-06-05,15103.54,11799.24,18258.87,0.9,13.5972,1110.78,252.05,886.81,BRIS,CORE Cluster,Prophet
Yo-Chi Albert St,2026-06-06,16153.86,12853.39,19414.9,0.9,13.5972,1188.03,258.09,884.35,BRIS,CORE Cluster,Prophet
Yo-Chi Albert St,2026-06-07,14609.95,11379.16,17754.34,0.9,13.5972,1074.48,241.95,1150.03,BRIS,CORE Cluster,Prophet
Yo-Chi Albert St,2026-06-08,11036.05,7974.52,14147.1,0.9,13.5972,811.64,248.28,883.64,BRIS,CORE Cluster,Prophet
Yo-Chi Albert St,2026-06-09,11108.02,7989.35,14292.36,0.9,13.5972,816.94,237.73,998.84,BRIS,CORE Cluster,Prophet
Yo-Chi Albert St,2026-06-10,11786.45,8586.94,15110.12,0.9,13.5972,866.83,231.26,1163.19,BRIS,CORE Cluster,Prophet
Yo-Chi Albert St,2026-06-11,12002.17,8666.96,15052.16,0.9,13.5972,882.69,224.38,995.74,BRIS,CORE Cluster,Prophet
Yo-Chi Albert St,2026-06-12,15481.31,12422.24,18572.51,0.9,13.5972,1138.57,250.0,1149.37,BRIS,CORE Cluster,Prophet
Yo-Chi Albert St,2026-06-13,16621.09,13406.54,19896.92,0.9,13.5972,1222.39,248.77,1128.05,BRIS,CORE Cluster,Prophet
Yo-Chi Albert St,2026-06-14,15163.73,11952.61,18395.7,0.9,13.5972,1115.21,224.58,1372.47,BRIS,CORE Cluster,Prophet
Yo-Chi Albert St,2026-06-15,11672.49,8484.86,14731.32,0.9,13.5972,858.45,222.97,1076.62,BRIS,CORE Cluster,Prophet
Yo-Chi Albert St,2026-06-16,11825.97,8455.16,14942.83,0.9,13.5972,869.74,204.24,1161.9,BRIS,CORE Cluster,Prophet
Yo-Chi Albert St,2026-06-17,12581.19,9368.32,15678.45,0.9,13.5972,925.28,189.94,1293.91,BRIS,CORE Cluster,Prophet
Yo-Chi Albert St,2026-06-18,12866.91,9781.33,16225.78,0.9,13.5972,946.29,175.76,1089.41,BRIS,CORE Cluster,Prophet
Yo-Chi Albert St,2026-06-19,16410.72,13183.48,19698.16,0.9,13.5972,1206.92,195.32,1207.15,BRIS,CORE Cluster,Prophet
Yo-Chi Albert St,2026-06-20,17604.62,14593.03,20888.91,0.9,13.5972,1294.73,188.68,1147.96,BRIS,CORE Cluster,Prophet
Yo-Chi Albert St,2026-06-21,16189.59,12977.1,19271.62,0.9,13.5972,1190.66,160.0,1356.78,BRIS,CORE Cluster,Prophet
Yo-Chi Albert St,2026-06-22,12728.39,9471.75,15970.67,0.9,13.5972,936.1,155.68,1022.06,BRIS,CORE Cluster,Prophet
Yo-Chi Albert St,2026-06-23,12903.0,9677.27,15973.93,0.9,13.5972,948.95,135.63,1073.11,BRIS,CORE Cluster,Prophet
Yo-Chi Albert St,2026-06-24,13667.6,10175.62,16870.8,0.9,13.5972,1005.18,121.83,1173.6,BRIS,CORE Cluster,Prophet
Yo-Chi Albert St,2026-06-25,13949.72,10899.93,17112.52,0.9,13.5972,1025.93,109.99,937.92,BRIS,CORE Cluster,Prophet
Yo-Chi Albert St,2026-06-26,17479.43,14468.94,20516.49,0.9,13.5972,1285.52,134.28,1030.48,BRIS,CORE Cluster,Prophet
Yo-Chi Albert St,2026-06-27,18644.55,15277.42,21743.6,0.9,13.5972,1371.21,133.89,948.68,BRIS,CORE Cluster,Prophet
Yo-Chi Albert St,2026-06-28,17186.03,14171.56,20226.85,0.9,13.5972,1263.94,113.0,1141.24,BRIS,CORE Cluster,Prophet
Yo-Chi Albert St,2026-06-29,13667.36,10558.86,16961.43,0.9,13.5972,1005.16,118.57,790.59,BRIS,CORE Cluster,Prophet
Yo-Chi Albert St,2026-06-30,13775.22,10585.54,17051.24,0.9,13.5972,1013.09,109.8,833.34,BRIS,CORE Cluster,Prophet
Yo-Chi Albert St,2026-07-01,14462.28,11121.17,17713.68,0.9,13.5972,1063.62,108.77,930.57,BRIS,CORE Cluster,Prophet
Yo-Chi Albert St,2026-07-02,14656.26,11446.48,18118.72,0.9,13.5972,1077.89,110.95,693.64,BRIS,CORE Cluster,Prophet
Yo-Chi Albert St,2026-07-03,18091.05,14846.68,21251.35,0.9,13.5972,1330.5,150.67,791.86,BRIS,CORE Cluster,Prophet
Yo-Chi Albert St,2026-07-04,19151.7,15776.1,22506.6,0.9,13.5972,1408.51,166.0,718.49,BRIS,CORE Cluster,Prophet
Yo-Chi Albert St,2026-07-05,17580.41,14366.83,20848.76,0.9,13.5972,1292.94,160.86,925.3,BRIS,CORE Cluster,Prophet
Yo-Chi Albert St,2026-07-06,13942.68,10622.41,17185.84,0.9,13.5972,1025.41,182.53,588.02,BRIS,CORE Cluster,Prophet
Yo-Chi Albert St,2026-07-07,13931.03,11019.55,17227.49,0.9,13.5972,1024.55,189.3,649.93,BRIS,CORE Cluster,Prophet
Yo-Chi Albert St,2026-07-08,14497.72,11247.39,17707.23,0.9,13.5972,1066.23,203.22,768.95,BRIS,CORE Cluster,Prophet
Yo-Chi Albert St,2026-07-09,14571.51,11309.21,17526.02,0.9,13.5972,1071.66,219.34,552.87,BRIS,CORE Cluster,Prophet
Yo-Chi Albert St,2026-07-10,17890.89,14768.92,21122.06,0.9,13.5972,1315.78,272.19,675.52,BRIS,CORE Cluster,Prophet
Yo-Chi Albert St,2026-07-11,18838.68,15844.35,21948.47,0.9,13.5972,1385.48,298.65,625.68,BRIS,CORE Cluster,Prophet
Yo-Chi Albert St,2026-07-12,17158.71,13796.65,20387.89,0.9,13.5972,1261.93,302.47,857.99,BRIS,CORE Cluster,Prophet
Yo-Chi Albert St,2026-07-13,13418.63,10156.39,16578.85,0.9,13.5972,986.87,331.34,541.34,BRIS,CORE Cluster,Prophet
Yo-Chi Albert St,2026-07-14,13316.7,10118.91,16576.83,0.9,13.5972,979.37,342.81,625.66,BRIS,CORE Cluster,Prophet
Yo-Chi Albert St,2026-07-15,13804.45,10536.47,17019.71,0.9,13.5972,1015.24,359.09,765.82,BRIS,CORE Cluster,Prophet
Yo-Chi Albert St,2026-07-16,13811.13,10762.44,17063.86,0.9,13.5972,1015.73,375.11,566.25,BRIS,CORE Cluster,Prophet
Yo-Chi Albert St,2026-07-17,17079.03,14040.64,20457.99,0.9,13.5972,1256.07,425.81,705.55,BRIS,CORE Cluster,Prophet
Yo-Chi Albert St,2026-07-18,17987.71,14763.27,21132.33,0.9,13.5972,1322.9,447.28,668.41,BRIS,CORE Cluster,Prophet
Yo-Chi Albert St,2026-07-19,16281.37,13101.41,19360.38,0.9,13.5972,1197.41,443.4,912.74,BRIS,CORE Cluster,Prophet
Yo-Chi Albert St,2026-07-20,12528.38,9366.84,15613.08,0.9,13.5972,921.4,462.62,601.07,BRIS,CORE Cluster,Prophet
Yo-Chi Albert St,2026-07-21,12431.15,9168.72,15500.64,0.9,13.5972,914.24,462.11,690.53,BRIS,CORE Cluster,Prophet
Yo-Chi Albert St,2026-07-22,12938.68,9645.8,15993.19,0.9,13.5972,951.57,464.63,833.45,BRIS,CORE Cluster,Prophet
Yo-Chi Albert St,2026-07-23,12978.86,9609.41,16261.06,0.9,13.5972,954.53,465.28,631.46,BRIS,CORE Cluster,Prophet
Yo-Chi Albert St,2026-07-24,16295.83,13278.09,19436.0,0.9,13.5972,1198.47,499.79,768.48,BRIS,CORE Cluster,Prophet
Yo-Chi Albert St,2026-07-25,17263.92,14188.92,20404.98,0.9,13.5972,1269.67,503.71,725.61,BRIS,CORE Cluster,Prophet
Yo-Chi Albert St,2026-07-26,15625.74,12372.61,18752.67,0.9,13.5972,1149.19,481.29,964.52,BRIS,CORE Cluster,Prophet
Yo-Chi Albert St,2026-07-27,11948.46,8687.71,15326.54,0.9,13.5972,878.75,482.02,641.83,BRIS,CORE Cluster,Prophet
Yo-Chi Albert St,2026-07-28,11936.81,8914.73,15073.45,0.9,13.5972,877.89,462.82,722.21,BRIS,CORE Cluster,Prophet
Yo-Chi Albert St,2026-07-29,12535.61,9191.59,15787.87,0.9,13.5972,921.93,447.11,855.78,BRIS,CORE Cluster,Prophet
Yo-Chi Albert St,2026-07-30,12669.91,9531.69,15798.24,0.9,13.5972,931.8,430.24,641.59,BRIS,CORE Cluster,Prophet
Yo-Chi Albert St,2026-07-31,16084.41,12958.14,19610.93,0.9,13.5972,1182.92,448.71,769.03,BRIS,CORE Cluster,Prophet
Yo-Chi Albert St,2026-08-01,17147.21,13773.72,20440.81,0.9,13.5972,1261.09,437.5,715.69,BRIS,CORE Cluster,Prophet
Yo-Chi Albert St,2026-08-02,15598.63,12464.27,18714.33,0.9,13.5972,1147.2,401.17,946.97,BRIS,CORE Cluster,Prophet
Yo-Chi Albert St,2026-08-03,12004.22,8816.76,15140.62,0.9,13.5972,882.85,390.04,613.5,BRIS,CORE Cluster,Prophet
Yo-Chi Albert St,2026-08-04,12070.96,8735.94,15444.58,0.9,13.5972,887.75,360.63,687.34,BRIS,CORE Cluster,Prophet
Yo-Chi Albert St,2026-08-05,12739.76,9651.81,15837.58,0.9,13.5972,936.94,336.75,816.18,BRIS,CORE Cluster,Prophet
Yo-Chi Albert St,2026-08-06,12933.4,9699.61,16278.31,0.9,13.5972,951.18,313.79,596.18,BRIS,CORE Cluster,Prophet
Yo-Chi Albert St,2026-08-07,16398.12,13170.19,19465.83,0.9,13.5972,1205.99,328.7,721.93,BRIS,CORE Cluster,Prophet
Yo-Chi Albert St,2026-08-08,17497.0,14206.17,20808.4,0.9,13.5972,1286.81,315.6,667.1,BRIS,CORE Cluster,Prophet
Yo-Chi Albert St,2026-08-09,15969.62,12657.65,18906.24,0.9,13.5972,1174.48,279.01,900.48,BRIS,CORE Cluster,Prophet
Yo-Chi Albert St,2026-08-10,12381.71,9410.28,15546.26,0.9,13.5972,910.61,269.79,566.32,BRIS,CORE Cluster,Prophet
Yo-Chi Albert St,2026-08-11,12444.52,9434.12,15702.07,0.9,13.5972,915.23,243.75,643.68,BRIS,CORE Cluster,Prophet
Yo-Chi Albert St,2026-08-12,13097.22,9895.0,16364.99,0.9,13.5972,963.23,224.81,777.46,BRIS,CORE Cluster,Prophet
Yo-Chi Albert St,2026-08-13,13262.67,9955.78,16281.19,0.9,13.5972,975.4,208.07,560.62,BRIS,CORE Cluster,Prophet
Yo-Chi Albert St,2026-08-14,16690.98,13588.8,19931.12,0.9,13.5972,1227.53,230.75,692.59,BRIS,CORE Cluster,Prophet
Yo-Chi Albert St,2026-08-15,17742.65,14402.62,20949.19,0.9,13.5972,1304.88,225.85,642.93,BRIS,CORE Cluster,Prophet
Yo-Chi Albert St,2026-08-16,16158.81,12934.09,19566.89,0.9,13.5972,1188.39,197.72,883.61,BRIS,CORE Cluster,Prophet
Yo-Chi Albert St,2026-08-17,12507.6,9293.72,15872.56,0.9,13.5972,919.87,197.61,552.35,BRIS,CORE Cluster,Prophet
Yo-Chi Albert St,2026-08-18,12506.6,9432.84,15645.93,0.9,13.5972,919.79,180.53,635.15,BRIS,CORE Cluster,Prophet
Yo-Chi Albert St,2026-08-19,13095.05,9925.08,16165.15,0.9,13.5972,963.07,170.48,774.09,BRIS,CORE Cluster,Prophet
Yo-Chi Albert St,2026-08-20,13197.42,9715.01,16386.71,0.9,13.5972,970.6,162.28,558.99,BRIS,CORE Cluster,Prophet
Yo-Chi Albert St,2026-08-21,16568.93,13689.24,19553.72,0.9,13.5972,1218.56,193.46,694.26,BRIS,CORE Cluster,Prophet
Yo-Chi Albert St,2026-08-22,17568.31,14294.23,20655.43,0.9,13.5972,1292.06,196.0,645.48,BRIS,CORE Cluster,Prophet
Yo-Chi Albert St,2026-08-23,15938.74,12846.63,19104.64,0.9,13.5972,1172.21,174.19,888.02,BRIS,CORE Cluster,Prophet
Yo-Chi Albert St,2026-08-24,12250.81,8934.01,15293.93,0.9,13.5972,900.98,179.84,553.33,BRIS,CORE Cluster,Prophet
Yo-Chi Albert St,2026-08-25,12228.02,9165.15,15488.94,0.9,13.5972,899.31,167.33,634.64,BRIS,CORE Cluster,Prophet
Yo-Chi Albert St,2026-08-26,12808.94,9596.97,15986.71,0.9,13.5972,942.03,160.95,771.52,BRIS,CORE Cluster,Prophet
Yo-Chi Albert St,2026-08-27,12918.41,9793.41,16041.45,0.9,13.5972,950.08,155.47,550.97,BRIS,CORE Cluster,Prophet
Yo-Chi Albert St,2026-08-28,16315.16,13214.26,19456.47,0.9,13.5972,1199.89,188.91,682.66,BRIS,CORE Cluster,Prophet
Yo-Chi Albert St,2026-08-29,17354.26,14067.65,20260.82,0.9,13.5972,1276.31,192.49,628.54,BRIS,CORE Cluster,Prophet
Yo-Chi Albert St,2026-08-30,15778.66,12524.75,19066.86,0.9,13.5972,1160.44,170.65,867.65,BRIS,CORE Cluster,Prophet
Yo-Chi Albert St,2026-08-31,12158.87,8966.41,15338.74,0.9,13.5972,894.22,175.94,525.41,BRIS,CORE Cluster,Prophet
Yo-Chi Albert St,2026-09-01,12221.66,9072.98,15409.69,0.9,13.5972,898.84,162.3,602.49,BRIS,CORE Cluster,Prophet
Yo-Chi Albert St,2026-09-02,12902.03,9622.85,16007.84,0.9,13.5972,948.88,154.48,736.1,BRIS,CORE Cluster,Prophet
Yo-Chi Albert St,2026-09-03,13122.33,9695.25,16494.92,0.9,13.5972,965.08,147.3,510.54,BRIS,CORE Cluster,Prophet
Yo-Chi Albert St,2026-09-04,16641.93,13401.89,19764.05,0.9,13.5972,1223.92,179.4,640.8,BRIS,CORE Cluster,Prophet
Yo-Chi Albert St,2026-09-05,17809.38,14560.85,20964.8,0.9,13.5972,1309.78,181.28,585.17,BRIS,CORE Cluster,Prophet
Yo-Chi Albert St,2026-09-06,16364.77,13299.02,19654.4,0.9,13.5972,1203.54,157.55,826.28,BRIS,CORE Cluster,Prophet
Yo-Chi Albert St,2026-09-07,12876.13,9593.98,15993.46,0.9,13.5972,946.97,161.53,483.42,BRIS,CORE Cluster,Prophet
Yo-Chi Albert St,2026-09-08,13071.35,9993.49,16283.5,0.9,13.5972,961.33,146.68,564.51,BRIS,CORE Cluster,Prophet
Yo-Chi Albert St,2026-09-09,13880.1,10739.9,17230.68,0.9,13.5972,1020.81,138.1,704.18,BRIS,CORE Cluster,Prophet
Yo-Chi Albert St,2026-09-10,14220.87,10977.74,17483.87,0.9,13.5972,1045.87,130.63,483.73,BRIS,CORE Cluster,Prophet
Yo-Chi Albert St,2026-09-11,17852.7,14491.48,21226.58,0.9,13.5972,1312.97,163.37,623.2,BRIS,CORE Cluster,Prophet
Yo-Chi Albert St,2026-09-12,19117.22,15832.81,22368.72,0.9,13.5972,1405.97,165.99,576.86,BRIS,CORE Cluster,Prophet
Yo-Chi Albert St,2026-09-13,17751.68,14491.14,20844.72,0.9,13.5972,1305.54,143.13,830.62,BRIS,CORE Cluster,Prophet
Yo-Chi Albert St,2026-09-14,14322.2,11129.53,17622.24,0.9,13.5972,1053.32,148.7,497.27,BRIS,CORE Cluster,Prophet
Yo-Chi Albert St,2026-09-15,14558.78,11165.82,17905.48,0.9,13.5972,1070.72,135.54,591.63,BRIS,CORE Cluster,Prophet
Yo-Chi Albert St,2026-09-16,15387.34,12097.37,18606.72,0.9,13.5972,1131.66,128.99,745.47,BRIS,CORE Cluster,Prophet
Yo-Chi Albert St,2026-09-17,15724.41,12491.97,19327.36,0.9,13.5972,1156.45,123.71,536.78,BRIS,CORE Cluster,Prophet
Yo-Chi Albert St,2026-09-18,19331.13,15933.7,22487.51,0.9,13.5972,1421.7,159.2,690.38,BRIS,CORE Cluster,Prophet
Yo-Chi Albert St,2026-09-19,20544.88,17119.27,23726.98,0.9,13.5972,1510.97,164.16,656.35,BRIS,CORE Cluster,Prophet
Yo-Chi Albert St,2026-09-20,19103.1,15634.47,22481.16,0.9,13.5972,1404.93,143.19,923.69,BRIS,CORE Cluster,Prophet
Yo-Chi Albert St,2026-09-21,15573.2,12281.48,18670.59,0.9,13.5972,1145.33,150.76,598.61,BRIS,CORE Cluster,Prophet
Yo-Chi Albert St,2026-09-22,15690.71,12628.58,19014.68,0.9,13.5972,1153.97,139.06,702.81,BRIS,CORE Cluster,Prophet
Yo-Chi Albert St,2026-09-23,16381.14,13164.2,19712.56,0.9,13.5972,1204.75,133.64,865.18,BRIS,CORE Cluster,Prophet
Yo-Chi Albert St,2026-09-24,16562.55,13256.17,19761.06,0.9,13.5972,1218.09,129.06,660.53,BRIS,CORE Cluster,Prophet
Yo-Chi Albert St,2026-09-25,20001.43,16622.85,23154.72,0.9,13.5972,1471.0,165.26,818.59,BRIS,CORE Cluster,Prophet
Yo-Chi Albert St,2026-09-26,21034.04,17657.08,24725.6,0.9,13.5972,1546.94,170.05,785.45,BRIS,CORE Cluster,Prophet
Yo-Chi Albert St,2026-09-27,19400.85,16339.44,22745.95,0.9,13.5972,1426.83,148.11,1053.48,BRIS,CORE Cluster,Prophet
Yo-Chi Albert St,2026-09-28,15673.1,12287.21,18818.73,0.9,13.5972,1152.67,154.6,722.59,BRIS,CORE Cluster,Prophet
Yo-Chi Albert St,2026-09-29,15593.95,12339.59,18875.27,0.9,13.5972,1146.85,141.17,821.71,BRIS,CORE Cluster,Prophet
Yo-Chi Albert St,2026-09-30,16090.23,12708.64,19376.5,0.9,13.5972,1183.35,133.78,977.2,BRIS,CORE Cluster,Prophet
Yo-Chi Albert St,2026-10-01,16082.67,12653.35,19478.46,0.9,13.5972,1182.79,127.0,761.06,BRIS,CORE Cluster,Prophet
Yo-Chi Albert St,2026-10-02,19343.81,16167.02,22552.71,0.9,13.5972,1422.63,161.35,908.34,BRIS,CORE Cluster,Prophet
Yo-Chi Albert St,2026-10-03,20208.95,17012.64,23803.75,0.9,13.5972,1486.26,163.94,861.49,BRIS,CORE Cluster,Prophet
Yo-Chi Albert St,2026-10-04,18421.2,15377.85,21483.79,0.9,13.5972,1354.78,139.6,1116.6,BRIS,CORE Cluster,Prophet
Yo-Chi Albert St,2026-10-05,14554.7,11235.12,17498.41,0.9,13.5972,1070.42,144.3,767.65,BRIS,CORE Cluster,Prophet
Yo-Chi Albert St,2026-10-06,14358.84,11049.0,17808.22,0.9,13.5972,1056.02,129.25,851.05,BRIS,CORE Cluster,Prophet
Yo-Chi Albert St,2026-10-07,14759.88,11779.71,18073.6,0.9,13.5972,1085.51,120.84,990.92,BRIS,CORE Cluster,Prophet
Yo-Chi Albert St,2026-10-08,14678.95,11433.02,18172.28,0.9,13.5972,1079.56,113.7,756.63,BRIS,CORE Cluster,Prophet
Yo-Chi Albert St,2026-10-09,17891.99,14801.57,21020.26,0.9,13.5972,1315.86,148.91,888.7,BRIS,CORE Cluster,Prophet
Yo-Chi Albert St,2026-10-10,18730.4,15575.62,22078.22,0.9,13.5972,1377.52,152.8,826.02,BRIS,CORE Cluster,Prophet
Yo-Chi Albert St,2026-10-11,16936.78,13736.33,20350.64,0.9,13.5972,1245.61,130.35,1068.45,BRIS,CORE Cluster,Prophet
Yo-Chi Albert St,2026-10-12,13084.89,9903.09,16406.54,0.9,13.5972,962.32,138.16,703.95,BRIS,CORE Cluster,Prophet
Yo-Chi Albert St,2026-10-13,12927.03,9841.42,16189.69,0.9,13.5972,950.71,126.91,776.35,BRIS,CORE Cluster,Prophet
Yo-Chi Albert St,2026-10-14,13385.58,10147.99,16453.55,0.9,13.5972,984.44,123.23,907.36,BRIS,CORE Cluster,Prophet
Yo-Chi Albert St,2026-10-15,13378.87,10366.47,16552.02,0.9,13.5972,983.94,121.62,663.53,BRIS,CORE Cluster,Prophet
Yo-Chi Albert St,2026-10-16,16683.25,13665.48,19822.36,0.9,13.5972,1226.96,163.55,790.55,BRIS,CORE Cluster,Prophet
Yo-Chi Albert St,2026-10-17,17623.47,14538.97,21008.78,0.9,13.5972,1296.11,174.36,723.51,BRIS,CORE Cluster,Prophet
Yo-Chi Albert St,2026-10-18,15939.24,12621.82,19215.17,0.9,13.5972,1172.25,158.93,965.69,BRIS,CORE Cluster,Prophet
Yo-Chi Albert St,2026-10-19,12201.89,8948.16,15313.46,0.9,13.5972,897.38,174.34,598.71,BRIS,CORE Cluster,Prophet
Yo-Chi Albert St,2026-10-20,12165.02,8917.26,15610.89,0.9,13.5972,894.67,170.48,673.46,BRIS,CORE Cluster,Prophet
Yo-Chi Albert St,2026-10-21,12746.02,9566.57,15987.2,0.9,13.5972,937.4,174.09,808.9,BRIS,CORE Cluster,Prophet
Yo-Chi Albert St,2026-10-22,12859.75,9845.41,15876.23,0.9,13.5972,945.77,179.38,568.41,BRIS,CORE Cluster,Prophet
Yo-Chi Albert St,2026-10-23,16282.8,12961.39,19443.08,0.9,13.5972,1197.51,228.07,702.57,BRIS,CORE Cluster,Prophet
Yo-Chi Albert St,2026-10-24,17333.59,14038.65,20960.4,0.9,13.5972,1274.79,244.43,642.38,BRIS,CORE Cluster,Prophet
Yo-Chi Albert St,2026-10-25,15749.68,12515.86,19072.61,0.9,13.5972,1158.3,233.17,894.26,BRIS,CORE Cluster,Prophet
Yo-Chi Albert St,2026-10-26,12101.2,8809.62,15418.27,0.9,13.5972,889.98,251.85,533.31,BRIS,CORE Cluster,Prophet
Yo-Chi Albert St,2026-10-27,12144.66,8638.26,15419.92,0.9,13.5972,893.17,249.63,617.34,BRIS,CORE Cluster,Prophet
Yo-Chi Albert St,2026-10-28,12794.34,9502.16,16018.08,0.9,13.5972,940.95,253.42,762.44,BRIS,CORE Cluster,Prophet
Yo-Chi Albert St,2026-10-29,12963.86,9770.31,16304.01,0.9,13.5972,953.42,257.26,528.78,BRIS,CORE Cluster,Prophet
Yo-Chi Albert St,2026-10-30,16432.46,13309.29,19787.51,0.9,13.5972,1208.52,303.28,671.85,BRIS,CORE Cluster,Prophet
Yo-Chi Albert St,2026-10-31,17514.74,14253.31,20806.02,0.9,13.5972,1288.12,314.89,618.57,BRIS,CORE Cluster,Prophet
Yo-Chi Albert St,2026-11-01,15948.76,12800.46,19175.03,0.9,13.5972,1172.95,296.91,878.66,BRIS,CORE Cluster,Prophet
Yo-Chi Albert St,2026-11-02,12306.0,9130.28,15569.27,0.9,13.5972,905.04,307.6,520.85,BRIS,CORE Cluster,Prophet
Yo-Chi Albert St,2026-11-03,12348.36,8941.14,15710.47,0.9,13.5972,908.16,295.67,610.03,BRIS,CORE Cluster,Prophet
Yo-Chi Albert St,2026-11-04,12989.37,9782.79,16368.75,0.9,13.5972,955.3,288.52,759.66,BRIS,CORE Cluster,Prophet
Yo-Chi Albert St,2026-11-05,13143.51,9931.17,16482.03,0.9,13.5972,966.64,280.34,526.96,BRIS,CORE Cluster,Prophet
Yo-Chi Albert St,2026-11-06,16594.47,13093.41,20012.04,0.9,13.5972,1220.43,313.96,672.56,BRIS,CORE Cluster,Prophet
Yo-Chi Albert St,2026-11-07,17654.57,14176.91,21145.56,0.9,13.5972,1298.4,312.23,619.6,BRIS,CORE Cluster,Prophet
Yo-Chi Albert St,2026-11-08,16063.44,12752.99,19350.94,0.9,13.5972,1181.38,280.33,881.35,BRIS,CORE Cluster,Prophet
Yo-Chi Albert St,2026-11-09,12394.69,9060.87,15386.9,0.9,13.5972,911.56,277.48,520.41,BRIS,CORE Cluster,Prophet
Yo-Chi Albert St,2026-11-10,12415.92,9234.68,15633.77,0.9,13.5972,913.12,252.17,608.99,BRIS,CORE Cluster,Prophet
Yo-Chi Albert St,2026-11-11,13039.84,9654.01,16308.88,0.9,13.5972,959.01,232.42,758.14,BRIS,CORE Cluster,Prophet
Yo-Chi Albert St,2026-11-12,13181.31,9721.84,16384.64,0.9,13.5972,969.41,212.69,522.26,BRIS,CORE Cluster,Prophet
Yo-Chi Albert St,2026-11-13,16627.63,13462.83,19899.24,0.9,13.5972,1222.87,236.6,667.28,BRIS,CORE Cluster,Prophet
Yo-Chi Albert St,2026-11-14,17687.65,14508.82,20860.39,0.9,13.5972,1300.83,226.42,612.62,BRIS,CORE Cluster,Prophet
Yo-Chi Albert St,2026-11-15,16101.11,12795.53,19295.83,0.9,13.5972,1184.15,187.64,875.16,BRIS,CORE Cluster,Prophet
Yo-Chi Albert St,2026-11-16,12442.02,9094.79,15571.11,0.9,13.5972,915.04,180.37,511.33,BRIS,CORE Cluster,Prophet
Yo-Chi Albert St,2026-11-17,12481.8,9143.76,15940.08,0.9,13.5972,917.97,152.67,600.65,BRIS,CORE Cluster,Prophet
Yo-Chi Albert St,2026-11-18,13130.31,9786.81,16390.28,0.9,13.5972,965.66,132.99,751.6,BRIS,CORE Cluster,Prophet
Yo-Chi Albert St,2026-11-19,13300.74,10170.69,16565.91,0.9,13.5972,978.2,115.79,515.67,BRIS,CORE Cluster,Prophet
Yo-Chi Albert St,2026-11-20,16781.98,13530.8,20071.24,0.9,13.5972,1234.22,145.16,663.89,BRIS,CORE Cluster,Prophet
Yo-Chi Albert St,2026-11-21,17877.46,14744.64,21162.46,0.9,13.5972,1314.79,142.46,611.77,BRIS,CORE Cluster,Prophet
Yo-Chi Albert St,2026-11-22,16325.25,13106.38,19649.38,0.9,13.5972,1200.63,113.13,879.57,BRIS,CORE Cluster,Prophet
Yo-Chi Albert St,2026-11-23,12698.2,9357.95,15881.82,0.9,13.5972,933.88,117.72,517.34,BRIS,CORE Cluster,Prophet
Yo-Chi Albert St,2026-11-24,12770.26,9737.41,16491.99,0.9,13.5972,939.18,103.54,611.61,BRIS,CORE Cluster,Prophet
Yo-Chi Albert St,2026-11-25,13447.47,10309.38,16893.56,0.9,13.5972,988.99,99.04,768.12,BRIS,CORE Cluster,Prophet
Yo-Chi Albert St,2026-11-26,13640.74,10491.36,16980.32,0.9,13.5972,1003.2,98.29,535.2,BRIS,CORE Cluster,Prophet
Yo-Chi Albert St,2026-11-27,17140.29,13712.46,20315.37,0.9,13.5972,1260.58,145.5,688.79,BRIS,CORE Cluster,Prophet
Yo-Chi Albert St,2026-11-28,18244.27,14858.28,21624.36,0.9,13.5972,1341.77,160.81,640.33,BRIS,CORE Cluster,Prophet
Yo-Chi Albert St,2026-11-29,16689.63,13697.42,20112.84,0.9,13.5972,1227.43,149.28,913.3,BRIS,CORE Cluster,Prophet
Yo-Chi Albert St,2026-11-30,13048.95,9677.49,16430.04,0.9,13.5972,959.68,171.74,551.29,BRIS,CORE Cluster,Prophet
Yo-Chi Albert St,2026-12-01,13099.96,9810.37,16394.2,0.9,13.5972,963.43,174.48,647.82,BRIS,CORE Cluster,Prophet
Yo-Chi Albert St,2026-12-02,13746.47,10385.64,17050.45,0.9,13.5972,1010.98,185.88,805.87,BRIS,CORE Cluster,Prophet
Yo-Chi Albert St,2026-12-03,13898.9,10636.5,17149.6,0.9,13.5972,1022.19,199.56,570.66,BRIS,CORE Cluster,Prophet
Yo-Chi Albert St,2026-12-04,17350.87,13703.25,20819.71,0.9,13.5972,1276.06,259.87,723.15,BRIS,CORE Cluster,Prophet
Yo-Chi Albert St,2026-12-05,18397.44,14969.42,21703.77,0.9,13.5972,1353.03,285.77,670.84,BRIS,CORE Cluster,Prophet
Yo-Chi Albert St,2026-12-06,16776.7,13569.79,20248.16,0.9,13.5972,1233.84,282.14,940.64,BRIS,CORE Cluster,Prophet
Yo-Chi Albert St,2026-12-07,13063.24,9702.56,16544.82,0.9,13.5972,960.73,310.24,569.9,BRIS,CORE Cluster,Prophet
Yo-Chi Albert St,2026-12-08,13040.77,9796.78,16222.21,0.9,13.5972,959.08,315.65,659.4,BRIS,CORE Cluster,Prophet
Yo-Chi Albert St,2026-12-09,13612.92,10227.98,16855.45,0.9,13.5972,1001.16,326.98,809.62,BRIS,CORE Cluster,Prophet
Yo-Chi Albert St,2026-12-10,13691.53,10512.36,17004.7,0.9,13.5972,1006.94,337.76,562.97,BRIS,CORE Cluster,Prophet
Yo-Chi Albert St,2026-12-11,17075.18,13746.56,20449.39,0.9,13.5972,1255.79,392.86,705.73,BRIS,CORE Cluster,Prophet
Yo-Chi Albert St,2026-12-12,18057.11,14859.99,21314.15,0.9,13.5972,1328.0,410.51,641.76,BRIS,CORE Cluster,Prophet
Yo-Chi Albert St,2026-12-13,16377.4,13163.1,19894.64,0.9,13.5972,1204.47,395.81,901.68,BRIS,CORE Cluster,Prophet
Yo-Chi Albert St,2026-12-14,12613.15,9382.56,15791.61,0.9,13.5972,927.63,410.89,516.86,BRIS,CORE Cluster,Prophet
Yo-Chi Albert St,2026-12-15,12554.07,9137.95,15919.37,0.9,13.5972,923.28,401.07,595.53,BRIS,CORE Cluster,Prophet
Yo-Chi Albert St,2026-12-16,13103.21,9800.49,16259.25,0.9,13.5972,963.67,395.57,735.89,BRIS,CORE Cluster,Prophet
Yo-Chi Albert St,2026-12-17,13172.92,9769.74,16378.07,0.9,13.5972,968.8,388.23,477.69,BRIS,CORE Cluster,Prophet
Yo-Chi Albert St,2026-12-18,16565.43,13505.45,20037.39,0.9,13.5972,1218.3,424.78,612.58,BRIS,CORE Cluster,Prophet
Yo-Chi Albert St,2026-12-19,17570.45,14148.77,21082.75,0.9,13.5972,1292.21,423.0,540.84,BRIS,CORE Cluster,Prophet
Yo-Chi Albert St,2026-12-20,15927.99,12571.36,19334.89,0.9,13.5972,1171.42,388.46,796.76,BRIS,CORE Cluster,Prophet
Yo-Chi Albert St,2026-12-21,12215.2,8980.74,15637.91,0.9,13.5972,898.36,384.37,405.63,BRIS,CORE Cluster,Prophet
Yo-Chi Albert St,2026-12-22,12225.18,9188.54,15606.22,0.9,13.5972,899.1,355.86,483.02,BRIS,CORE Cluster,Prophet
Yo-Chi Albert St,2026-12-23,12857.5,9513.4,16169.32,0.9,13.5972,945.6,332.83,624.65,BRIS,CORE Cluster,Prophet
Yo-Chi Albert St,2026-12-24,13022.1,9683.32,16254.93,0.9,13.5972,957.71,309.42,367.33,BRIS,CORE Cluster,Prophet
Yo-Chi Albert St,2026-12-25,16521.88,13161.25,19762.41,0.9,13.5972,1215.1,332.11,507.83,BRIS,CORE Cluster,Prophet
Yo-Chi Albert St,2026-12-26,17640.11,14022.46,20964.92,0.9,13.5972,1297.34,318.1,442.52,BRIS,CORE Cluster,Prophet
Yo-Chi Albert St,2026-12-27,16113.91,12776.88,19461.27,0.9,13.5972,1185.09,273.22,709.0,BRIS,CORE Cluster,Prophet
Yo-Chi Albert St,2026-12-28,12518.01,9232.54,15774.49,0.9,13.5972,920.63,261.48,326.15,BRIS,CORE Cluster,Prophet
Yo-Chi Albert St,2026-12-29,12646.58,9481.04,15980.78,0.9,13.5972,930.09,227.53,416.49,BRIS,CORE Cluster,Prophet
Yo-Chi Albert St,2026-12-30,13393.9,10119.84,16740.61,0.9,13.5972,985.05,201.6,572.88,BRIS,CORE Cluster,Prophet
Yo-Chi Albert St,2026-12-31,13666.04,10309.2,17079.96,0.9,13.5972,1005.06,177.75,328.89,BRIS,CORE Cluster,Prophet
Yo-Chi Albert St,2027-01-01,17265.65,13748.28,20769.22,0.9,13.5972,1269.8,202.82,486.06,BRIS,CORE Cluster,Prophet
Yo-Chi Albert St,2027-01-02,18469.09,15092.36,21750.56,0.9,13.5972,1358.3,193.04,436.57,BRIS,CORE Cluster,Prophet
Yo-Chi Albert St,2027-01-03,17010.77,13722.22,20284.15,0.9,13.5972,1251.05,154.1,721.1,BRIS,CORE Cluster,Prophet
Yo-Chi Albert St,2027-01-04,13463.6,10281.76,16790.7,0.9,13.5972,990.18,150.42,351.91,BRIS,CORE Cluster,Prophet
Yo-Chi Albert St,2027-01-05,13624.1,10129.08,16942.59,0.9,13.5972,1001.98,125.81,458.37,BRIS,CORE Cluster,Prophet
Yo-Chi Albert St,2027-01-06,14382.97,11220.96,17721.96,0.9,13.5972,1057.79,110.52,630.38,BRIS,CORE Cluster,Prophet
Yo-Chi Albert St,2027-01-07,14644.66,11342.27,17946.29,0.9,13.5972,1077.04,98.2,398.27,BRIS,CORE Cluster,Prophet
Yo-Chi Albert St,2027-01-08,18214.21,14515.13,21702.38,0.9,13.5972,1339.56,135.87,568.43,BRIS,CORE Cluster,Prophet
Yo-Chi Albert St,2027-01-09,19364.12,15968.4,22754.43,0.9,13.5972,1424.13,138.54,528.93,BRIS,CORE Cluster,Prophet
Yo-Chi Albert St,2027-01-10,17829.44,14392.43,21522.29,0.9,13.5972,1311.26,111.66,823.73,BRIS,CORE Cluster,Prophet
Yo-Chi Albert St,2027-01-11,14184.81,10748.75,17705.78,0.9,13.5972,1043.22,119.98,458.7,BRIS,CORE Cluster,Prophet
Yo-Chi Albert St,2027-01-12,14232.76,10846.82,17473.79,0.9,13.5972,1046.74,106.48,570.32,BRIS,CORE Cluster,Prophet
Yo-Chi Albert St,2027-01-13,14864.12,11466.11,18235.18,0.9,13.5972,1093.18,101.44,745.88,BRIS,CORE Cluster,Prophet
Yo-Chi Albert St,2027-01-14,14985.32,11700.47,18241.72,0.9,13.5972,1102.09,98.24,512.77,BRIS,CORE Cluster,Prophet
Yo-Chi Albert St,2027-01-15,18407.27,14783.68,21968.3,0.9,13.5972,1353.76,144.19,682.6,BRIS,CORE Cluster,Prophet
Yo-Chi Albert St,2027-01-16,19401.82,15933.71,23371.49,0.9,13.5972,1426.9,153.34,639.73,BRIS,CORE Cluster,Prophet
Yo-Chi Albert St,2027-01-17,17707.43,14117.3,21279.37,0.9,13.5972,1302.29,131.1,931.73,BRIS,CORE Cluster,Prophet
Yo-Chi Albert St,2027-01-18,13902.92,10553.93,17351.77,0.9,13.5972,1022.49,142.83,558.43,BRIS,CORE Cluster,Prophet
Yo-Chi Albert St,2027-01-19,13798.71,10193.9,17208.81,0.9,13.5972,1014.82,130.97,663.74,BRIS,CORE Cluster,Prophet
Yo-Chi Albert St,2027-01-20,14287.1,10977.85,17853.48,0.9,13.5972,1050.74,126.15,832.63,BRIS,CORE Cluster,Prophet
Yo-Chi Albert St,2027-01-21,14277.25,11045.79,17524.58,0.9,13.5972,1050.02,121.81,589.81,BRIS,CORE Cluster,Prophet
Yo-Chi Albert St,2027-01-22,17586.01,14050.79,20766.87,0.9,13.5972,1293.36,165.85,752.27,BRIS,CORE Cluster,Prophet
Yo-Chi Albert St,2027-01-23,18484.02,14821.95,21790.08,0.9,13.5972,1359.4,171.64,700.77,BRIS,CORE Cluster,Prophet
Yo-Chi Albert St,2027-01-24,16712.03,13233.06,20174.25,0.9,13.5972,1229.08,144.86,986.61,BRIS,CORE Cluster,Prophet
Yo-Chi Albert St,2027-01-25,12851.2,9592.1,16064.34,0.9,13.5972,945.14,151.73,603.56,BRIS,CORE Cluster,Prophet
Yo-Chi Albert St,2027-01-26,12717.47,9486.93,16165.02,0.9,13.5972,935.3,134.33,702.9,BRIS,CORE Cluster,Prophet
Yo-Chi Albert St,2027-01-27,13201.73,9716.12,16377.27,0.9,13.5972,970.92,123.86,867.17,BRIS,CORE Cluster,Prophet
Yo-Chi Albert St,2027-01-28,13212.5,9955.66,16574.59,0.9,13.5972,971.71,113.9,618.2,BRIS,CORE Cluster,Prophet
Yo-Chi Albert St,2027-01-29,16568.89,13100.3,19943.92,0.9,13.5972,1218.55,153.05,778.16,BRIS,CORE Cluster,Prophet
Yo-Chi Albert St,2027-01-30,17536.35,14060.43,21046.31,0.9,13.5972,1289.7,154.03,723.95,BRIS,CORE Cluster,Prophet
Yo-Chi Albert St,2027-01-31,15853.7,12278.89,19234.76,0.9,13.5972,1165.95,122.75,1010.25,BRIS,CORE Cluster,Prophet
Yo-Chi Albert St,2027-02-01,12100.24,8737.01,15425.94,0.9,13.5972,889.91,126.23,624.49,BRIS,CORE Cluster,Prophet
Yo-Chi Albert St,2027-02-02,12093.25,8867.97,15575.23,0.9,13.5972,889.39,106.12,724.96,BRIS,CORE Cluster,Prophet
Yo-Chi Albert St,2027-02-03,12718.12,9507.85,16101.04,0.9,13.5972,935.35,93.98,891.42,BRIS,CORE Cluster,Prophet
Yo-Chi Albert St,2027-02-04,12878.97,9816.75,16079.17,0.9,13.5972,947.18,83.38,642.51,BRIS,CORE Cluster,Prophet
Yo-Chi Albert St,2027-02-05,16393.71,13032.77,20023.73,0.9,13.5972,1205.67,123.42,805.27,BRIS,CORE Cluster,Prophet
Yo-Chi Albert St,2027-02-06,17519.6,13957.39,21286.82,0.9,13.5972,1288.47,125.91,752.48,BRIS,CORE Cluster,Prophet
Yo-Chi Albert St,2027-02-07,15991.1,12556.8,19377.4,0.9,13.5972,1176.06,96.78,1041.97,BRIS,CORE Cluster,Prophet
Yo-Chi Albert St,2027-02-08,12383.76,9012.3,15679.38,0.9,13.5972,910.76,103.58,654.65,BRIS,CORE Cluster,Prophet
Yo-Chi Albert St,2027-02-09,12514.97,9329.96,15929.22,0.9,13.5972,920.41,87.27,755.72,BRIS,CORE Cluster,Prophet
Yo-Chi Albert St,2027-02-10,13264.12,9971.21,16691.18,0.9,13.5972,975.51,79.58,922.12,BRIS,CORE Cluster,Prophet
Yo-Chi Albert St,2027-02-11,13531.1,10012.96,17078.69,0.9,13.5972,995.14,73.83,669.34,BRIS,CORE Cluster,Prophet
Yo-Chi Albert St,2027-02-12,17133.5,13590.55,20693.96,0.9,13.5972,1260.08,119.41,829.35,BRIS,CORE Cluster,Prophet
Yo-Chi Albert St,2027-02-13,18321.97,14544.33,21855.3,0.9,13.5972,1347.48,127.12,770.97,BRIS,CORE Cluster,Prophet
Yo-Chi Albert St,2027-02-14,16828.84,13022.94,20539.53,0.9,13.5972,1237.67,102.72,1055.45,BRIS,CORE Cluster,Prophet
Yo-Chi Albert St,2027-02-15,13228.75,9867.46,16636.04,0.9,13.5972,972.9,114.27,657.41,BRIS,CORE Cluster,Prophet
Yo-Chi Albert St,2027-02-16,13342.6,9822.29,16980.45,0.9,13.5972,981.28,101.96,749.35,BRIS,CORE Cluster,Prophet
Yo-Chi Albert St,2027-02-17,14047.6,10555.75,17669.66,0.9,13.5972,1033.13,97.69,905.73,BRIS,CORE Cluster,Prophet
Yo-Chi Albert St,2027-02-18,14243.59,10986.3,17746.85,0.9,13.5972,1047.54,94.59,639.27,BRIS,CORE Cluster,Prophet
Yo-Chi Albert St,2027-02-19,17752.32,14091.68,21335.76,0.9,13.5972,1305.59,142.42,787.35,BRIS,CORE Cluster,Prophet
Yo-Chi Albert St,2027-02-20,18822.45,15103.3,22263.69,0.9,13.5972,1384.29,151.07,715.22,BRIS,CORE Cluster,Prophet
Yo-Chi Albert St,2027-02-21,17188.8,13782.77,20731.36,0.9,13.5972,1264.14,126.31,987.94,BRIS,CORE Cluster,Prophet
Yo-Chi Albert St,2027-02-22,13429.67,9957.12,17081.69,0.9,13.5972,987.68,136.84,574.27,BRIS,CORE Cluster,Prophet
Yo-Chi Albert St,2027-02-23,13373.83,9716.97,16757.73,0.9,13.5972,983.57,122.34,654.3,BRIS,CORE Cluster,Prophet
Yo-Chi Albert St,2027-02-24,13900.36,10276.59,17382.07,0.9,13.5972,1022.3,115.06,800.33,BRIS,CORE Cluster,Prophet
Yo-Chi Albert St,2027-02-25,13912.73,10600.93,17259.17,0.9,13.5972,1023.21,108.18,522.55,BRIS,CORE Cluster,Prophet
Yo-Chi Albert St,2027-02-26,17239.98,13662.8,20937.67,0.9,13.5972,1267.91,152.03,663.86,BRIS,CORE Cluster,Prophet
Yo-Chi Albert St,2027-02-27,18131.32,14591.59,21773.17,0.9,13.5972,1333.46,155.8,586.03,BRIS,CORE Cluster,Prophet
Yo-Chi Albert St,2027-02-28,16326.02,13060.41,19888.07,0.9,13.5972,1200.69,125.49,857.91,BRIS,CORE Cluster,Prophet
Yo-Chi Albert St,2027-03-01,12407.24,8944.2,15769.6,0.9,13.5972,912.49,130.62,442.29,BRIS,CORE Cluster,Prophet
Yo-Chi Albert St,2027-03-02,12212.08,8656.91,15671.02,0.9,13.5972,898.13,110.48,526.64,BRIS,CORE Cluster,Prophet
Yo-Chi Albert St,2027-03-03,12621.25,9010.81,15970.37,0.9,13.5972,928.23,97.81,680.81,BRIS,CORE Cluster,Prophet
Yo-Chi Albert St,2027-03-04,12540.83,9292.41,15930.28,0.9,13.5972,922.31,85.9,412.09,BRIS,CORE Cluster,Prophet
Yo-Chi Albert St,2027-03-05,15805.42,12254.05,19392.85,0.9,13.5972,1162.4,125.74,568.43,BRIS,CORE Cluster,Prophet
Yo-Chi Albert St,2027-03-06,16662.38,12922.96,20100.75,0.9,13.5972,1225.43,125.78,507.63,BRIS,CORE Cluster,Prophet
Yo-Chi Albert St,2027-03-07,14852.35,11215.84,18354.3,0.9,13.5972,1092.31,92.24,801.75,BRIS,CORE Cluster,Prophet
Yo-Chi Albert St,2027-03-08,10959.79,7702.44,14350.49,0.9,13.5972,806.03,95.37,406.99,BRIS,CORE Cluster,Prophet
Yo-Chi Albert St,2027-03-09,10826.05,7567.23,14134.46,0.9,13.5972,796.2,73.97,517.57,BRIS,CORE Cluster,Prophet
Yo-Chi Albert St,2027-03-10,11329.04,7931.42,14727.19,0.9,13.5972,833.19,61.12,700.27,BRIS,CORE Cluster,Prophet
Yo-Chi Albert St,2027-03-11,11372.72,8061.22,14771.89,0.9,13.5972,836.4,50.06,458.84,BRIS,CORE Cluster,Prophet
Yo-Chi Albert St,2027-03-12,14792.39,11409.7,18385.47,0.9,13.5972,1087.9,92.22,645.72,BRIS,CORE Cluster,Prophet
Yo-Chi Albert St,2027-03-13,15828.66,12015.29,19408.89,0.9,13.5972,1164.11,95.14,614.17,BRIS,CORE Cluster,Prophet
Yo-Chi Albert St,2027-03-14,14218.72,10848.05,17562.69,0.9,13.5972,1045.71,65.0,939.0,BRIS,CORE Cluster,Prophet
Yo-Chi Albert St,2027-03-15,10543.64,7283.42,14040.79,0.9,13.5972,775.43,72.6,569.42,BRIS,CORE Cluster,Prophet
Yo-Chi Albert St,2027-03-16,10644.73,7237.9,13968.51,0.9,13.5972,782.86,56.02,706.15,BRIS,CORE Cluster,Prophet
Yo-Chi Albert St,2027-03-17,11393.11,8110.96,14794.14,0.9,13.5972,837.9,48.48,912.66,BRIS,CORE Cluster,Prophet
Yo-Chi Albert St,2027-03-18,11687.19,8194.72,15135.41,0.9,13.5972,859.53,42.98,689.12,BRIS,CORE Cluster,Prophet
Yo-Chi Albert St,2027-03-19,15360.06,11992.09,19005.26,0.9,13.5972,1129.65,91.24,892.51,BRIS,CORE Cluster,Prophet
Yo-Chi Albert St,2027-03-20,16643.3,13173.96,20356.87,0.9,13.5972,1224.03,99.78,871.73,BRIS,CORE Cluster,Prophet
Yo-Chi Albert St,2027-03-21,15269.09,11704.33,18644.73,0.9,13.5972,1122.96,74.64,1204.62,BRIS,CORE Cluster,Prophet
Yo-Chi Albert St,2027-03-22,11814.25,8414.07,15132.36,0.9,13.5972,868.87,87.11,833.86,BRIS,CORE Cluster,Prophet
Yo-Chi Albert St,2027-03-23,12119.88,8509.33,15680.66,0.9,13.5972,891.35,74.54,967.15,BRIS,CORE Cluster,Prophet
Yo-Chi Albert St,2027-03-24,13050.93,9582.08,16596.21,0.9,13.5972,959.83,70.34,1165.31,BRIS,CORE Cluster,Prophet
Yo-Chi Albert St,2027-03-25,13501.51,10117.42,16976.1,0.9,13.5972,992.96,67.34,925.63,BRIS,CORE Cluster,Prophet
Yo-Chi Albert St,2027-03-26,17304.5,13622.51,20912.98,0.9,13.5972,1272.65,117.65,1110.41,BRIS,CORE Cluster,Prophet
Yo-Chi Albert St,2027-03-27,18685.06,14829.56,22455.73,0.9,13.5972,1374.19,126.91,1065.02,BRIS,CORE Cluster,Prophet
Yo-Chi Albert St,2027-03-28,17373.45,13563.55,21029.14,0.9,13.5972,1277.72,101.21,1371.2,BRIS,CORE Cluster,Prophet
Yo-Chi Albert St,2027-03-29,13945.91,10439.64,17886.08,0.9,13.5972,1025.65,112.53,965.92,BRIS,CORE Cluster,Prophet
Yo-Chi Albert St,2027-03-30,14247.32,10807.02,17753.32,0.9,13.5972,1047.81,97.72,1064.75,BRIS,CORE Cluster,Prophet
Yo-Chi Albert St,2027-03-31,15140.76,11539.62,18837.55,0.9,13.5972,1113.52,90.6,1226.67,BRIS,CORE Cluster,Prophet
Yo-Chi Albert St,2027-04-01,15520.59,11772.05,19156.59,0.9,13.5972,1141.46,84.06,946.8,BRIS,CORE Cluster,Prophet
Yo-Chi Albert St,2027-04-02,19224.06,15252.65,23256.11,0.9,13.5972,1413.83,130.86,1093.45,BRIS,CORE Cluster,Prophet
Yo-Chi Albert St,2027-04-03,20474.46,16494.65,24324.8,0.9,13.5972,1505.79,135.96,1008.99,BRIS,CORE Cluster,Prophet
Yo-Chi Albert St,2027-04-04,19004.66,14879.19,22773.91,0.9,13.5972,1397.69,105.72,1279.54,BRIS,CORE Cluster,Prophet
Yo-Chi Albert St,2027-04-05,15394.54,11627.37,19145.53,0.9,13.5972,1132.19,112.96,836.66,BRIS,CORE Cluster,Prophet
Yo-Chi Albert St,2027-04-06,15496.73,11995.68,19212.89,0.9,13.5972,1139.7,94.2,903.94,BRIS,CORE Cluster,Prophet
Yo-Chi Albert St,2027-04-07,16176.02,12695.45,19784.23,0.9,13.5972,1189.66,83.76,1038.54,BRIS,CORE Cluster,Prophet
Yo-Chi Albert St,2027-04-08,16330.11,12708.64,20098.91,0.9,13.5972,1200.99,74.67,733.3,BRIS,CORE Cluster,Prophet
Yo-Chi Albert St,2027-04-09,19803.2,15680.58,23827.28,0.9,13.5972,1456.42,120.34,862.22,BRIS,CORE Cluster,Prophet
Yo-Chi Albert St,2027-04-10,20818.79,16895.19,24864.54,0.9,13.5972,1531.11,125.05,764.29,BRIS,CORE Cluster,Prophet
Yo-Chi Albert St,2027-04-11,19113.75,15240.95,22793.93,0.9,13.5972,1405.71,95.32,1029.38,BRIS,CORE Cluster,Prophet
Yo-Chi Albert St,2027-04-12,15272.42,11525.9,18794.03,0.9,13.5972,1123.2,104.74,582.99,BRIS,CORE Cluster,Prophet
Yo-Chi Albert St,2027-04-13,15155.4,11681.67,18837.15,0.9,13.5972,1114.6,89.29,655.91,BRIS,CORE Cluster,Prophet
Yo-Chi Albert St,2027-04-14,15628.76,12119.01,19502.8,0.9,13.5972,1149.41,83.62,802.6,BRIS,CORE Cluster,Prophet
Yo-Chi Albert St,2027-04-15,15592.58,12022.62,19042.64,0.9,13.5972,1146.75,80.66,512.66,BRIS,CORE Cluster,Prophet
Yo-Chi Albert St,2027-04-16,18896.48,15062.1,22774.32,0.9,13.5972,1389.74,134.22,664.78,BRIS,CORE Cluster,Prophet
Yo-Chi Albert St,2027-04-17,19762.12,15719.42,23711.14,0.9,13.5972,1453.4,147.6,593.56,BRIS,CORE Cluster,Prophet
Yo-Chi Albert St,2027-04-18,17927.92,14100.53,21853.5,0.9,13.5972,1318.5,127.24,891.62,BRIS,CORE Cluster,Prophet
Yo-Chi Albert St,2027-04-19,13979.86,10207.49,17390.92,0.9,13.5972,1028.14,147.15,477.43,BRIS,CORE Cluster,Prophet
Yo-Chi Albert St,2027-04-20,13783.39,10218.79,17568.28,0.9,13.5972,1013.69,142.54,588.07,BRIS,CORE Cluster,Prophet
Yo-Chi Albert St,2027-04-21,14202.53,10803.96,17774.03,0.9,13.5972,1044.52,148.11,774.48,BRIS,CORE Cluster,Prophet
Yo-Chi Albert St,2027-04-22,14136.24,10371.77,17917.65,0.9,13.5972,1039.64,156.44,522.31,BRIS,CORE Cluster,Prophet
Yo-Chi Albert St,2027-04-23,17436.06,13725.65,21214.19,0.9,13.5972,1282.33,221.53,714.38,BRIS,CORE Cluster,Prophet
Yo-Chi Albert St,2027-04-24,18318.31,14589.41,22132.21,0.9,13.5972,1347.21,245.54,680.41,BRIS,CORE Cluster,Prophet
Yo-Chi Albert St,2027-04-25,16519.57,12978.55,20528.37,0.9,13.5972,1214.93,234.68,1015.53,BRIS,CORE Cluster,Prophet
Yo-Chi Albert St,2027-04-26,12624.26,9138.79,16153.24,0.9,13.5972,928.45,263.35,631.04,BRIS,CORE Cluster,Prophet
Yo-Chi Albert St,2027-04-27,12499.67,9000.08,16310.9,0.9,13.5972,919.28,265.94,770.4,BRIS,CORE Cluster,Prophet
Yo-Chi Albert St,2027-04-28,13005.12,9268.79,16681.16,0.9,13.5972,956.46,277.22,981.2,BRIS,CORE Cluster,Prophet
Yo-Chi Albert St,2027-04-29,13036.12,9325.63,16566.21,0.9,13.5972,958.74,289.55,745.58,BRIS,CORE Cluster,Prophet
Yo-Chi Albert St,2027-04-30,16444.17,12687.54,20421.48,0.9,13.5972,1209.38,357.23,950.99,BRIS,CORE Cluster,Prophet
Yo-Chi Albert St,2027-05-01,17438.72,13471.39,21231.03,0.9,13.5972,1282.52,381.49,923.01,BRIS,CORE Cluster,Prophet
Yo-Chi Albert St,2027-05-02,15753.44,11859.49,19474.94,0.9,13.5972,1158.58,368.55,1260.06,BRIS,CORE Cluster,Prophet
Yo-Chi Albert St,2027-05-03,11970.46,8703.99,15299.65,0.9,13.5972,880.36,393.46,867.2,BRIS,CORE Cluster,Prophet
Yo-Chi Albert St,2027-05-04,11958.74,8392.91,15545.15,0.9,13.5972,879.5,390.1,995.26,BRIS,CORE Cluster,Prophet
Yo-Chi Albert St,2027-05-05,12573.03,8877.17,16130.26,0.9,13.5972,924.68,393.67,1189.58,BRIS,CORE Cluster,Prophet
Yo-Chi Albert St,2027-05-06,12706.01,9079.36,16636.05,0.9,13.5972,934.46,396.6,929.83,BRIS,CORE Cluster,Prophet
Yo-Chi Albert St,2027-05-07,16210.1,12398.91,19727.16,0.9,13.5972,1192.17,453.9,1109.22,BRIS,CORE Cluster,Prophet
Yo-Chi Albert St,2027-05-08,17289.13,13202.75,21431.01,0.9,13.5972,1271.52,466.19,1050.2,BRIS,CORE Cluster,Prophet
Yo-Chi Albert St,2027-05-09,15675.4,11781.22,19497.8,0.9,13.5972,1152.84,440.02,1355.52,BRIS,CORE Cluster,Prophet
Yo-Chi Albert St,2027-05-10,11950.61,8600.67,15683.43,0.9,13.5972,878.9,451.4,924.91,BRIS,CORE Cluster,Prophet
Yo-Chi Albert St,2027-05-11,11987.31,8590.03,15369.53,0.9,13.5972,881.6,433.97,1017.37,BRIS,CORE Cluster,Prophet
Yo-Chi Albert St,2027-05-12,12637.86,8986.79,16179.07,0.9,13.5972,929.45,423.57,1176.67,BRIS,CORE Cluster,Prophet
Yo-Chi Albert St,2027-05-13,12794.25,8966.66,16523.76,0.9,13.5972,940.95,412.9,880.55,BRIS,CORE Cluster,Prophet
Yo-Chi Albert St,2027-05-14,16312.04,12221.98,20260.33,0.9,13.5972,1199.66,457.77,1028.33,BRIS,CORE Cluster,Prophet
Yo-Chi Albert St,2027-05-15,17391.68,13775.78,21445.37,0.9,13.5972,1279.07,458.24,939.56,BRIS,CORE Cluster,Prophet
Yo-Chi Albert St,2027-05-16,15766.21,12037.55,19525.91,0.9,13.5972,1159.52,421.21,1221.29,BRIS,CORE Cluster,Prophet
Yo-Chi Albert St,2027-05-17,12018.88,8491.97,15709.68,0.9,13.5972,883.92,423.57,767.78,BRIS,CORE Cluster,Prophet
Yo-Chi Albert St,2027-05-18,12027.72,8351.14,15599.55,0.9,13.5972,884.57,398.59,845.84,BRIS,CORE Cluster,Prophet
Yo-Chi Albert St,2027-05-19,12644.33,8853.1,16083.34,0.9,13.5972,929.92,382.55,997.18,BRIS,CORE Cluster,Prophet
Yo-Chi Albert St,2027-05-20,12761.5,8974.49,16089.89,0.9,13.5972,938.54,368.19,696.9,BRIS,CORE Cluster,Prophet
Yo-Chi Albert St,2027-05-21,16239.14,12371.06,20068.14,0.9,13.5972,1194.3,411.81,849.64,BRIS,CORE Cluster,Prophet
Yo-Chi Albert St,2027-05-22,17275.27,13386.23,21142.04,0.9,13.5972,1270.5,412.6,771.11,BRIS,CORE Cluster,Prophet
Yo-Chi Albert St,2027-05-23,15604.39,11690.54,19658.16,0.9,13.5972,1147.62,377.43,1071.65,BRIS,CORE Cluster,Prophet
Yo-Chi Albert St,2027-05-24,11811.77,8132.15,15528.87,0.9,13.5972,868.69,383.7,638.93,BRIS,CORE Cluster,Prophet
Yo-Chi Albert St,2027-05-25,11781.1,8222.8,15485.27,0.9,13.5972,866.44,363.92,746.45,BRIS,CORE Cluster,Prophet
Yo-Chi Albert St,2027-05-26,12363.18,8950.48,15697.93,0.9,13.5972,909.25,354.43,932.69,BRIS,CORE Cluster,Prophet
Yo-Chi Albert St,2027-05-27,12451.3,8598.71,16368.13,0.9,13.5972,915.73,347.62,669.01,BRIS,CORE Cluster,Prophet
Yo-Chi Albert St,2027-05-28,15909.22,11747.1,19927.45,0.9,13.5972,1170.04,399.96,864.27,BRIS,CORE Cluster,Prophet
Yo-Chi Albert St,2027-05-29,16931.84,12928.68,20651.5,0.9,13.5972,1245.25,409.45,829.34,BRIS,CORE Cluster,Prophet
Yo-Chi Albert St,2027-05-30,15254.23,11487.22,19175.59,0.9,13.5972,1121.87,382.65,1176.94,BRIS,CORE Cluster,Prophet
Yo-Chi Albert St,2027-05-31,11462.67,7769.44,15113.88,0.9,13.5972,843.02,397.28,787.36,BRIS,CORE Cluster,Prophet
Yo-Chi Albert St,2027-06-01,11445.36,7893.64,14694.81,0.9,13.5972,841.74,384.92,940.18,BRIS,CORE Cluster,Prophet
Yo-Chi Albert St,2027-06-02,12051.06,8520.2,16009.97,0.9,13.5972,886.29,381.9,1170.16,BRIS,CORE Cluster,Prophet
Yo-Chi Albert St,2027-06-03,12172.27,8588.32,15904.11,0.9,13.5972,895.21,380.26,944.64,BRIS,CORE Cluster,Prophet
Yo-Chi Albert St,2027-06-04,15675.24,11930.58,19605.89,0.9,13.5972,1152.83,436.67,1176.59,BRIS,CORE Cluster,Prophet
Yo-Chi Albert St,2027-06-05,16750.36,12608.44,20889.76,0.9,13.5972,1231.9,448.06,1172.07,BRIS,CORE Cluster,Prophet
Yo-Chi Albert St,2027-06-06,15131.94,11171.52,19121.07,0.9,13.5972,1112.87,420.93,1546.48,BRIS,CORE Cluster,Prophet
Yo-Chi Albert St,2027-06-07,11405.92,7831.85,15222.65,0.9,13.5972,838.84,433.53,1173.15,BRIS,CORE Cluster,Prophet
Yo-Chi Albert St,2027-06-08,11463.74,7843.37,14911.5,0.9,13.5972,843.1,416.85,1338.34,BRIS,CORE Cluster,Prophet
Yo-Chi Albert St,2027-06-09,12150.89,8179.45,15873.73,0.9,13.5972,893.63,407.56,1573.84,BRIS,CORE Cluster,Prophet
Yo-Chi Albert St,2027-06-10,12357.94,8854.69,15951.33,0.9,13.5972,908.86,397.76,1343.82,BRIS,CORE Cluster,Prophet
Yo-Chi Albert St,2027-06-11,15952.59,12299.38,19619.53,0.9,13.5972,1173.23,444.74,1566.36,BRIS,CORE Cluster,Prophet
Yo-Chi Albert St,2027-06-12,17119.83,13025.08,21314.44,0.9,13.5972,1259.07,444.85,1543.83,BRIS,CORE Cluster,Prophet
Yo-Chi Albert St,2027-06-13,15592.38,11734.56,19654.84,0.9,13.5972,1146.74,404.9,1895.37,BRIS,CORE Cluster,Prophet
Yo-Chi Albert St,2027-06-14,11955.15,8375.78,15718.7,0.9,13.5972,879.24,404.16,1488.56,BRIS,CORE Cluster,Prophet
Yo-Chi Albert St,2027-06-15,12102.27,8427.39,15607.15,0.9,13.5972,890.06,373.43,1617.44,BRIS,CORE Cluster,Prophet
Yo-Chi Albert St,2027-06-16,12875.59,9302.9,16553.93,0.9,13.5972,946.93,350.11,1811.98,BRIS,CORE Cluster,Prophet
Yo-Chi Albert St,2027-06-17,13163.45,9558.42,16724.27,0.9,13.5972,968.1,326.66,1534.28,BRIS,CORE Cluster,Prophet
Yo-Chi Albert St,2027-06-18,16834.92,12630.57,20694.51,0.9,13.5972,1238.12,361.29,1708.45,BRIS,CORE Cluster,Prophet
Yo-Chi Albert St,2027-06-19,18069.59,14064.12,22348.26,0.9,13.5972,1328.92,349.94,1634.05,BRIS,CORE Cluster,Prophet
Yo-Chi Albert St,2027-06-20,16598.77,12730.17,20602.21,0.9,13.5972,1220.75,299.92,1934.73,BRIS,CORE Cluster,Prophet
Yo-Chi Albert St,2027-06-21,13006.68,9366.21,16654.79,0.9,13.5972,956.57,291.52,1472.87,BRIS,CORE Cluster,Prophet
Yo-Chi Albert St,2027-06-22,13190.62,9401.8,17130.96,0.9,13.5972,970.1,255.33,1550.77,BRIS,CORE Cluster,Prophet
Yo-Chi Albert St,2027-06-23,13989.36,10252.85,17722.82,0.9,13.5972,1028.84,229.38,1696.8,BRIS,CORE Cluster,Prophet
Yo-Chi Albert St,2027-06-24,14289.8,10072.44,18310.71,0.9,13.5972,1050.94,206.27,1371.07,BRIS,CORE Cluster,Prophet
Yo-Chi Albert St,2027-06-25,17963.21,13876.2,22152.76,0.9,13.5972,1321.1,244.89,1503.7,BRIS,CORE Cluster,Prophet
Yo-Chi Albert St,2027-06-26,19184.77,14832.74,23608.54,0.9,13.5972,1410.94,240.41,1391.12,BRIS,CORE Cluster,Prophet
Yo-Chi Albert St,2027-06-27,17685.51,13340.37,21991.89,0.9,13.5972,1300.67,200.22,1661.08,BRIS,CORE Cluster,Prophet
Yo-Chi Albert St,2027-06-28,14050.12,9914.59,17738.09,0.9,13.5972,1033.31,205.17,1170.22,BRIS,CORE Cluster,Prophet
Yo-Chi Albert St,2027-06-29,14180.34,10176.02,18161.29,0.9,13.5972,1042.89,185.17,1228.36,BRIS,CORE Cluster,Prophet
Yo-Chi Albert St,2027-06-30,14913.25,10954.83,18813.67,0.9,13.5972,1096.79,178.29,1361.51,BRIS,CORE Cluster,Prophet
Yo-Chi Albert St,2027-07-01,14913.25,10954.83,18813.67,0.9,13.5972,1096.79,178.29,1361.51,BRIS,CORE Cluster,Prophet
Yo-Chi Balaclava,2026-05-02,5447.93,1302.87,9465.34,0.95,13.8535,393.25,84.74,680.63,MEL,Non CORE-Cluster,Prophet
Yo-Chi Balaclava,2026-05-03,5837.72,1852.99,10008.06,0.95,13.8535,421.39,87.32,813.19,MEL,Non CORE-Cluster,Prophet
Yo-Chi Balaclava,2026-05-04,4028.76,0.0,8231.13,0.95,13.8535,290.81,90.84,590.44,MEL,Non CORE-Cluster,Prophet
Yo-Chi Balaclava,2026-05-05,4469.48,365.27,8442.31,0.95,13.8535,322.62,83.29,610.61,MEL,Non CORE-Cluster,Prophet
Yo-Chi Balaclava,2026-05-06,4551.37,690.12,8826.29,0.95,13.8535,328.54,103.1,719.01,MEL,Non CORE-Cluster,Prophet
Yo-Chi Balaclava,2026-05-07,4600.16,577.92,8492.54,0.95,13.8535,332.06,97.01,607.94,MEL,Non CORE-Cluster,Prophet
Yo-Chi Balaclava,2026-05-08,5206.93,1065.58,9009.55,0.95,13.8535,375.86,111.81,634.13,MEL,Non CORE-Cluster,Prophet
Yo-Chi Balaclava,2026-05-09,5242.11,1415.37,9358.73,0.95,13.8535,378.4,116.13,684.32,MEL,Non CORE-Cluster,Prophet
Yo-Chi Balaclava,2026-05-10,5623.27,1645.35,9425.19,0.95,13.8535,405.91,116.59,791.06,MEL,Non CORE-Cluster,Prophet
Yo-Chi Balaclava,2026-05-11,3809.14,0.0,7894.73,0.95,13.8535,274.96,117.82,539.69,MEL,Non CORE-Cluster,Prophet
Yo-Chi Balaclava,2026-05-12,4247.63,123.84,8326.4,0.95,13.8535,306.61,107.67,534.75,MEL,Non CORE-Cluster,Prophet
Yo-Chi Balaclava,2026-05-13,4330.59,138.17,8649.93,0.95,13.8535,312.6,125.19,620.67,MEL,Non CORE-Cluster,Prophet
Yo-Chi Balaclava,2026-05-14,4383.6,0.0,8505.07,0.95,13.8535,316.43,116.39,487.4,MEL,Non CORE-Cluster,Prophet
Yo-Chi Balaclava,2026-05-15,4997.54,865.53,9215.84,0.95,13.8535,360.74,128.78,495.56,MEL,Non CORE-Cluster,Prophet
Yo-Chi Balaclava,2026-05-16,5042.78,536.18,9146.99,0.95,13.8535,364.01,130.59,531.27,MEL,Non CORE-Cluster,Prophet
Yo-Chi Balaclava,2026-05-17,5436.49,1517.28,9690.19,0.95,13.8535,392.43,128.59,627.75,MEL,Non CORE-Cluster,Prophet
Yo-Chi Balaclava,2026-05-18,3637.45,0.0,7919.82,0.95,13.8535,262.57,127.47,366.7,MEL,Non CORE-Cluster,Prophet
Yo-Chi Balaclava,2026-05-19,4092.61,0.0,8225.83,0.95,13.8535,295.42,114.96,358.6,MEL,Non CORE-Cluster,Prophet
Yo-Chi Balaclava,2026-05-20,4193.79,157.69,7817.33,0.95,13.8535,302.72,130.67,446.5,MEL,Non CORE-Cluster,Prophet
Yo-Chi Balaclava,2026-05-21,4266.14,199.72,8452.75,0.95,13.8535,307.95,119.86,317.44,MEL,Non CORE-Cluster,Prophet
Yo-Chi Balaclava,2026-05-22,4900.05,697.19,8862.19,0.95,13.8535,353.71,130.71,335.34,MEL,Non CORE-Cluster,Prophet
Yo-Chi Balaclava,2026-05-23,4965.66,988.12,9018.08,0.95,13.8535,358.44,130.97,385.06,MEL,Non CORE-Cluster,Prophet
Yo-Chi Balaclava,2026-05-24,5379.63,1259.72,9378.45,0.95,13.8535,388.32,127.51,499.85,MEL,Non CORE-Cluster,Prophet
Yo-Chi Balaclava,2026-05-25,3600.73,0.0,7476.94,0.95,13.8535,259.92,125.07,257.17,MEL,Non CORE-Cluster,Prophet
Yo-Chi Balaclava,2026-05-26,4074.96,54.75,8142.39,0.95,13.8535,294.15,111.17,272.73,MEL,Non CORE-Cluster,Prophet
Yo-Chi Balaclava,2026-05-27,4194.23,253.74,8397.39,0.95,13.8535,302.76,125.96,387.61,MEL,Non CORE-Cluster,Prophet
Yo-Chi Balaclava,2026-05-28,4283.41,176.12,8530.56,0.95,13.8535,309.19,113.87,285.38,MEL,Non CORE-Cluster,Prophet
Yo-Chi Balaclava,2026-05-29,4932.6,743.69,9355.84,0.95,13.8535,356.05,123.76,332.74,MEL,Non CORE-Cluster,Prophet
Yo-Chi Balaclava,2026-05-30,5011.96,954.26,9033.1,0.95,13.8535,361.78,122.88,412.85,MEL,Non CORE-Cluster,Prophet
Yo-Chi Balaclava,2026-05-31,5437.93,1292.52,9544.35,0.95,13.8535,392.53,118.16,558.62,MEL,Non CORE-Cluster,Prophet
Yo-Chi Balaclava,2026-06-01,3476.46,0.0,7285.72,0.9,13.8535,250.94,108.37,324.88,MEL,Non CORE-Cluster,Prophet
Yo-Chi Balaclava,2026-06-02,3933.82,0.0,7582.16,0.9,13.8535,283.96,93.68,366.23,MEL,Non CORE-Cluster,Prophet
Yo-Chi Balaclava,2026-06-03,4053.36,240.52,7842.74,0.9,13.8535,292.59,106.44,500.75,MEL,Non CORE-Cluster,Prophet
Yo-Chi Balaclava,2026-06-04,4142.89,679.55,7820.42,0.9,13.8535,299.05,93.28,425.35,MEL,Non CORE-Cluster,Prophet
Yo-Chi Balaclava,2026-06-05,4761.51,1280.53,8675.32,0.9,13.8535,343.71,101.1,490.17,MEL,Non CORE-Cluster,Prophet
Yo-Chi Balaclava,2026-06-06,4839.12,971.67,8467.87,0.9,13.8535,349.31,98.49,583.07,MEL,Non CORE-Cluster,Prophet
Yo-Chi Balaclava,2026-06-07,5243.96,1310.08,9281.98,0.9,13.8535,378.53,92.1,735.18,MEL,Non CORE-Cluster,Prophet
Yo-Chi Balaclava,2026-06-08,3569.34,0.0,7285.35,0.9,13.8535,257.65,86.58,537.88,MEL,Non CORE-Cluster,Prophet
Yo-Chi Balaclava,2026-06-09,4026.28,174.55,7769.55,0.9,13.8535,290.63,69.78,584.52,MEL,Non CORE-Cluster,Prophet
Yo-Chi Balaclava,2026-06-10,4144.83,426.0,8249.6,0.9,13.8535,299.19,80.86,721.08,MEL,Non CORE-Cluster,Prophet
Yo-Chi Balaclava,2026-06-11,4232.89,346.74,7999.47,0.9,13.8535,305.55,65.72,641.72,MEL,Non CORE-Cluster,Prophet
Yo-Chi Balaclava,2026-06-12,4849.6,880.63,8759.22,0.9,13.8535,350.06,72.01,699.85,MEL,Non CORE-Cluster,Prophet
Yo-Chi Balaclava,2026-06-13,4925.1,798.4,8771.23,0.9,13.8535,355.51,67.93,782.49,MEL,Non CORE-Cluster,Prophet
Yo-Chi Balaclava,2026-06-14,5327.57,1511.45,9500.53,0.9,13.8535,384.57,60.28,921.31,MEL,Non CORE-Cluster,Prophet
Yo-Chi Balaclava,2026-06-15,3650.67,0.0,7428.43,0.9,13.8535,263.52,53.84,704.31,MEL,Non CORE-Cluster,Prophet
Yo-Chi Balaclava,2026-06-16,4104.86,196.7,7540.48,0.9,13.8535,296.31,36.35,730.63,MEL,Non CORE-Cluster,Prophet
Yo-Chi Balaclava,2026-06-17,4220.46,324.32,7923.73,0.9,13.8535,304.65,47.56,845.32,MEL,Non CORE-Cluster,Prophet
Yo-Chi Balaclava,2026-06-18,4305.29,523.21,8300.11,0.9,13.8535,310.77,32.69,740.23,MEL,Non CORE-Cluster,Prophet
Yo-Chi Balaclava,2026-06-19,4918.31,1208.49,8647.8,0.9,13.8535,355.02,40.07,772.55,MEL,Non CORE-Cluster,Prophet
Yo-Chi Balaclava,2026-06-20,4989.68,1065.82,8812.79,0.9,13.8535,360.17,37.49,828.81,MEL,Non CORE-Cluster,Prophet
Yo-Chi Balaclava,2026-06-21,5387.34,1518.68,9217.66,0.9,13.8535,388.88,31.88,941.53,MEL,Non CORE-Cluster,Prophet
Yo-Chi Balaclava,2026-06-22,3705.15,26.77,7743.85,0.9,13.8535,267.45,28.09,695.55,MEL,Non CORE-Cluster,Prophet
Yo-Chi Balaclava,2026-06-23,4152.84,599.03,7931.43,0.9,13.8535,299.77,13.69,695.97,MEL,Non CORE-Cluster,Prophet
Yo-Chi Balaclava,2026-06-24,4260.97,319.7,8221.11,0.9,13.8535,307.57,28.93,786.93,MEL,Non CORE-Cluster,Prophet
Yo-Chi Balaclava,2026-06-25,4337.16,453.16,7890.78,0.9,13.8535,313.07,18.28,658.0,MEL,Non CORE-Cluster,Prophet
Yo-Chi Balaclava,2026-06-26,4940.23,1044.95,8780.46,0.9,13.8535,356.61,30.65,669.97,MEL,Non CORE-Cluster,Prophet
Yo-Chi Balaclava,2026-06-27,5000.43,1047.69,8854.34,0.9,13.8535,360.95,33.36,708.73,MEL,Non CORE-Cluster,Prophet
Yo-Chi Balaclava,2026-06-28,5385.55,1388.43,9329.23,0.9,13.8535,388.75,33.36,807.37,MEL,Non CORE-Cluster,Prophet
Yo-Chi Balaclava,2026-06-29,3689.81,40.23,7536.02,0.9,13.8535,266.35,35.45,547.25,MEL,Non CORE-Cluster,Prophet
Yo-Chi Balaclava,2026-06-30,4122.43,305.94,7952.52,0.9,13.8535,297.57,26.96,539.0,MEL,Non CORE-Cluster,Prophet
Yo-Chi Balaclava,2026-07-01,4214.43,461.61,7851.25,0.9,13.8535,304.21,48.59,625.42,MEL,Non CORE-Cluster,Prophet
Yo-Chi Balaclava,2026-07-02,4273.59,902.29,8158.54,0.9,13.8535,308.48,43.93,493.32,MEL,Non CORE-Cluster,Prophet
Yo-Chi Balaclava,2026-07-03,4858.85,1019.36,8711.44,0.9,13.8535,350.73,62.47,506.61,MEL,Non CORE-Cluster,Prophet
Yo-Chi Balaclava,2026-07-04,4900.89,1238.29,8863.26,0.9,13.8535,353.77,70.95,549.98,MEL,Non CORE-Cluster,Prophet
Yo-Chi Balaclava,2026-07-05,5267.72,1429.48,9334.65,0.9,13.8535,380.24,76.32,656.58,MEL,Non CORE-Cluster,Prophet
Yo-Chi Balaclava,2026-07-06,3554.21,0.0,7365.66,0.9,13.8535,256.56,83.35,403.79,MEL,Non CORE-Cluster,Prophet
Yo-Chi Balaclava,2026-07-07,3969.44,171.3,8057.33,0.9,13.8535,286.53,79.09,407.3,MEL,Non CORE-Cluster,Prophet
Yo-Chi Balaclava,2026-07-08,4045.16,103.73,7845.34,0.9,13.8535,292.0,104.69,508.13,MEL,Non CORE-Cluster,Prophet
Yo-Chi Balaclava,2026-07-09,4089.51,597.98,7799.58,0.9,13.8535,295.2,102.95,389.9,MEL,Non CORE-Cluster,Prophet
Yo-Chi Balaclava,2026-07-10,4661.78,571.42,8325.39,0.9,13.8535,336.51,123.92,419.31,MEL,Non CORE-Cluster,Prophet
Yo-Chi Balaclava,2026-07-11,4693.21,763.39,8759.74,0.9,13.8535,338.78,133.88,479.58,MEL,Non CORE-Cluster,Prophet
Yo-Chi Balaclava,2026-07-12,5052.07,1411.11,8978.63,0.9,13.8535,364.68,139.83,603.73,MEL,Non CORE-Cluster,Prophet
Yo-Chi Balaclava,2026-07-13,3333.89,0.0,7021.88,0.9,13.8535,240.65,146.6,364.97,MEL,Non CORE-Cluster,Prophet
Yo-Chi Balaclava,2026-07-14,3747.46,23.66,7557.14,0.9,13.8535,270.51,141.08,384.02,MEL,Non CORE-Cluster,Prophet
Yo-Chi Balaclava,2026-07-15,3825.08,0.0,7645.16,0.9,13.8535,276.11,164.97,500.12,MEL,Non CORE-Cluster,Prophet
Yo-Chi Balaclava,2026-07-16,3875.03,0.0,7817.37,0.9,13.8535,279.72,160.38,393.81,MEL,Non CORE-Cluster,Prophet
Yo-Chi Balaclava,2026-07-17,4456.59,753.79,8182.85,0.9,13.8535,321.69,178.07,434.71,MEL,Non CORE-Cluster,Prophet
Yo-Chi Balaclava,2026-07-18,4501.13,711.07,8144.76,0.9,13.8535,324.91,183.95,504.82,MEL,Non CORE-Cluster,Prophet
Yo-Chi Balaclava,2026-07-19,4876.7,1205.64,8642.82,0.9,13.8535,352.02,185.2,637.27,MEL,Non CORE-Cluster,Prophet
Yo-Chi Balaclava,2026-07-20,3178.96,0.0,6745.96,0.9,13.8535,229.47,186.81,401.48,MEL,Non CORE-Cluster,Prophet
Yo-Chi Balaclava,2026-07-21,3615.86,0.0,7326.34,0.9,13.8535,261.01,175.62,423.53,MEL,Non CORE-Cluster,Prophet
Yo-Chi Balaclava,2026-07-22,3719.66,0.0,7751.13,0.9,13.8535,268.5,193.97,541.32,MEL,Non CORE-Cluster,Prophet
Yo-Chi Balaclava,2026-07-23,3798.16,0.0,7458.97,0.9,13.8535,274.17,183.34,432.71,MEL,Non CORE-Cluster,Prophet
Yo-Chi Balaclava,2026-07-24,4410.02,697.33,8354.68,0.9,13.8535,318.33,195.25,470.69,MEL,Non CORE-Cluster,Prophet
Yo-Chi Balaclava,2026-07-25,4486.19,657.45,8359.9,0.9,13.8535,323.83,195.31,536.45,MEL,Non CORE-Cluster,Prophet
Yo-Chi Balaclava,2026-07-26,4893.97,930.73,8694.15,0.9,13.8535,353.27,190.9,663.66,MEL,Non CORE-Cluster,Prophet
Yo-Chi Balaclava,2026-07-27,3228.69,0.0,7113.94,0.9,13.8535,233.06,187.16,418.36,MEL,Non CORE-Cluster,Prophet
Yo-Chi Balaclava,2026-07-28,3697.03,0.0,7706.78,0.9,13.8535,266.87,170.86,432.33,MEL,Non CORE-Cluster,Prophet
Yo-Chi Balaclava,2026-07-29,3830.93,137.86,7522.58,0.9,13.8535,276.53,184.97,542.45,MEL,Non CORE-Cluster,Prophet
Yo-Chi Balaclava,2026-07-30,3937.46,197.17,7563.31,0.9,13.8535,284.22,170.27,424.17,MEL,Non CORE-Cluster,Prophet
Yo-Chi Balaclava,2026-07-31,4574.6,572.91,8537.89,0.9,13.8535,330.21,179.01,454.05,MEL,Non CORE-Cluster,Prophet
Yo-Chi Balaclava,2026-08-01,4672.86,872.77,8621.25,0.9,13.8535,337.31,176.38,512.61,MEL,Non CORE-Cluster,Prophet
Yo-Chi Balaclava,2026-08-02,5098.91,1136.29,8988.34,0.9,13.8535,368.06,169.86,634.18,MEL,Non CORE-Cluster,Prophet
Yo-Chi Balaclava,2026-08-03,3448.0,0.0,7348.69,0.9,13.8535,248.89,164.68,381.38,MEL,Non CORE-Cluster,Prophet
Yo-Chi Balaclava,2026-08-04,3925.91,182.92,7955.87,0.9,13.8535,283.39,147.41,391.68,MEL,Non CORE-Cluster,Prophet
Yo-Chi Balaclava,2026-08-05,4064.69,77.74,7674.51,0.9,13.8535,293.41,161.52,500.79,MEL,Non CORE-Cluster,Prophet
Yo-Chi Balaclava,2026-08-06,4171.28,172.75,7969.0,0.9,13.8535,301.1,147.02,381.58,MEL,Non CORE-Cluster,Prophet
Yo-Chi Balaclava,2026-08-07,4803.62,767.74,8633.38,0.9,13.8535,346.74,156.74,413.95,MEL,Non CORE-Cluster,Prophet
Yo-Chi Balaclava,2026-08-08,4892.48,1062.81,8679.28,0.9,13.8535,353.16,155.37,477.47,MEL,Non CORE-Cluster,Prophet
Yo-Chi Balaclava,2026-08-09,5304.69,1241.34,8937.52,0.9,13.8535,382.91,150.4,606.77,MEL,Non CORE-Cluster,Prophet
Yo-Chi Balaclava,2026-08-10,3636.22,0.0,7432.6,0.9,13.8535,262.48,147.04,360.69,MEL,Non CORE-Cluster,Prophet
Yo-Chi Balaclava,2026-08-11,4092.78,390.5,7924.58,0.9,13.8535,295.43,131.6,382.02,MEL,Non CORE-Cluster,Prophet
Yo-Chi Balaclava,2026-08-12,4207.33,559.99,8123.69,0.9,13.8535,303.7,148.01,504.87,MEL,Non CORE-Cluster,Prophet
Yo-Chi Balaclava,2026-08-13,4287.45,498.43,8161.44,0.9,13.8535,309.49,135.44,399.15,MEL,Non CORE-Cluster,Prophet
Yo-Chi Balaclava,2026-08-14,4891.75,1031.85,8850.64,0.9,13.8535,353.11,147.28,447.65,MEL,Non CORE-Cluster,Prophet
Yo-Chi Balaclava,2026-08-15,4951.96,1356.48,8751.1,0.9,13.8535,357.45,147.71,528.64,MEL,Non CORE-Cluster,Prophet
Yo-Chi Balaclava,2026-08-16,5335.61,1490.3,9252.39,0.9,13.8535,385.15,144.26,676.66,MEL,Non CORE-Cluster,Prophet
Yo-Chi Balaclava,2026-08-17,3639.83,0.0,7483.78,0.9,13.8535,262.74,142.13,446.46,MEL,Non CORE-Cluster,Prophet
Yo-Chi Balaclava,2026-08-18,4070.57,133.09,7806.18,0.9,13.8535,293.83,127.42,485.84,MEL,Non CORE-Cluster,Prophet
Yo-Chi Balaclava,2026-08-19,4161.93,317.32,7976.01,0.9,13.8535,300.43,144.56,627.11,MEL,Non CORE-Cluster,Prophet
Yo-Chi Balaclava,2026-08-20,4222.18,533.0,8229.0,0.9,13.8535,304.77,131.97,536.97,MEL,Non CORE-Cluster,Prophet
Yo-Chi Balaclava,2026-08-21,4810.49,919.24,8554.2,0.9,13.8535,347.24,143.69,601.06,MEL,Non CORE-Cluster,Prophet
Yo-Chi Balaclava,2026-08-22,4859.29,1068.94,8996.0,0.9,13.8535,350.76,143.45,696.22,MEL,Non CORE-Cluster,Prophet
Yo-Chi Balaclava,2026-08-23,5236.45,1696.56,8961.41,0.9,13.8535,377.99,138.92,856.94,MEL,Non CORE-Cluster,Prophet
Yo-Chi Balaclava,2026-08-24,3539.72,0.0,7239.45,0.9,13.8535,255.51,135.39,633.96,MEL,Non CORE-Cluster,Prophet
Yo-Chi Balaclava,2026-08-25,3974.68,217.98,7954.26,0.9,13.8535,286.91,118.85,680.19,MEL,Non CORE-Cluster,Prophet
Yo-Chi Balaclava,2026-08-26,4075.79,302.63,7719.98,0.9,13.8535,294.21,134.32,826.33,MEL,Non CORE-Cluster,Prophet
Yo-Chi Balaclava,2026-08-27,4151.16,410.89,8022.53,0.9,13.8535,299.65,119.54,736.17,MEL,Non CORE-Cluster,Prophet
Yo-Chi Balaclava,2026-08-28,4759.62,815.98,8241.97,0.9,13.8535,343.57,129.26,798.45,MEL,Non CORE-Cluster,Prophet
Yo-Chi Balaclava,2026-08-29,4833.37,799.98,8734.83,0.9,13.8535,348.89,126.88,888.94,MEL,Non CORE-Cluster,Prophet
Yo-Chi Balaclava,2026-08-30,5239.61,1380.06,9121.38,0.9,13.8535,378.22,120.22,1042.44,MEL,Non CORE-Cluster,Prophet
Yo-Chi Balaclava,2026-08-31,3575.78,0.0,7697.75,0.9,13.8535,258.11,114.7,806.08,MEL,Non CORE-Cluster,Prophet
Yo-Chi Balaclava,2026-09-01,4046.11,145.57,7883.13,0.9,13.8535,292.06,96.23,838.33,MEL,Non CORE-Cluster,Prophet
Yo-Chi Balaclava,2026-09-02,4184.55,346.13,8069.52,0.9,13.8535,302.06,110.41,968.68,MEL,Non CORE-Cluster,Prophet
Yo-Chi Balaclava,2026-09-03,4298.27,487.39,8083.51,0.9,13.8535,310.27,94.31,858.43,MEL,Non CORE-Cluster,Prophet
Yo-Chi Balaclava,2026-09-04,4945.08,1142.99,8677.47,0.9,13.8535,356.96,103.37,899.83,MEL,Non CORE-Cluster,Prophet
Yo-Chi Balaclava,2026-09-05,5056.32,879.99,8816.9,0.9,13.8535,364.99,100.58,967.99,MEL,Non CORE-Cluster,Prophet
Yo-Chi Balaclava,2026-09-06,5498.14,1941.92,9397.5,0.9,13.8535,396.88,93.88,1098.39,MEL,Non CORE-Cluster,Prophet
Yo-Chi Balaclava,2026-09-07,3867.37,90.86,7436.53,0.9,13.8535,279.16,88.76,834.85,MEL,Non CORE-Cluster,Prophet
Yo-Chi Balaclava,2026-09-08,4366.79,441.45,8139.0,0.9,13.8535,315.21,70.95,841.69,MEL,Non CORE-Cluster,Prophet
Yo-Chi Balaclava,2026-09-09,4529.92,922.98,8188.21,0.9,13.8535,326.99,86.58,947.44,MEL,Non CORE-Cluster,Prophet
Yo-Chi Balaclava,2026-09-10,4663.18,988.75,8488.21,0.9,13.8535,336.61,71.93,811.06,MEL,Non CORE-Cluster,Prophet
Yo-Chi Balaclava,2026-09-11,5323.76,1636.17,9136.11,0.9,13.8535,384.29,83.06,828.46,MEL,Non CORE-Cluster,Prophet
Yo-Chi Balaclava,2026-09-12,5442.73,1437.62,8997.32,0.9,13.8535,392.88,82.47,874.12,MEL,Non CORE-Cluster,Prophet
Yo-Chi Balaclava,2026-09-13,5885.84,1935.8,9602.31,0.9,13.8535,424.86,78.12,984.22,MEL,Non CORE-Cluster,Prophet
Yo-Chi Balaclava,2026-09-14,4250.15,506.9,7854.9,0.9,13.8535,306.79,75.49,699.21,MEL,Non CORE-Cluster,Prophet
Yo-Chi Balaclava,2026-09-15,4737.94,942.75,8441.79,0.9,13.8535,342.0,60.09,689.11,MEL,Non CORE-Cluster,Prophet
Yo-Chi Balaclava,2026-09-16,4883.27,1262.87,8727.99,0.9,13.8535,352.49,78.48,781.33,MEL,Non CORE-Cluster,Prophet
Yo-Chi Balaclava,2026-09-17,4992.92,1031.51,8404.69,0.9,13.8535,360.41,66.14,632.29,MEL,Non CORE-Cluster,Prophet
Yo-Chi Balaclava,2026-09-18,5624.55,1650.86,9123.57,0.9,13.8535,406.0,79.71,641.22,MEL,Non CORE-Cluster,Prophet
Yo-Chi Balaclava,2026-09-19,5710.04,2082.77,9779.71,0.9,13.8535,412.17,81.18,681.73,MEL,Non CORE-Cluster,Prophet
Yo-Chi Balaclava,2026-09-20,6115.84,2492.16,10229.41,0.9,13.8535,441.47,78.54,790.27,MEL,Non CORE-Cluster,Prophet
Yo-Chi Balaclava,2026-09-21,4440.25,524.77,8386.59,0.9,13.8535,320.51,77.3,503.61,MEL,Non CORE-Cluster,Prophet
Yo-Chi Balaclava,2026-09-22,4885.94,1286.09,8670.9,0.9,13.8535,352.69,62.74,497.06,MEL,Non CORE-Cluster,Prophet
Yo-Chi Balaclava,2026-09-23,4988.38,1477.12,8939.21,0.9,13.8535,360.08,81.95,596.52,MEL,Non CORE-Cluster,Prophet
Yo-Chi Balaclava,2026-09-24,5055.36,1105.26,8729.81,0.9,13.8535,364.92,69.65,455.42,MEL,Non CORE-Cluster,Prophet
Yo-Chi Balaclava,2026-09-25,5645.53,1759.77,9405.51,0.9,13.8535,407.52,83.12,476.01,MEL,Non CORE-Cluster,Prophet
Yo-Chi Balaclava,2026-09-26,5691.98,2124.39,9485.8,0.9,13.8535,410.87,83.94,530.56,MEL,Non CORE-Cluster,Prophet
Yo-Chi Balaclava,2026-09-27,6062.02,2060.31,9935.78,0.9,13.8535,437.58,80.23,655.52,MEL,Non CORE-Cluster,Prophet
Yo-Chi Balaclava,2026-09-28,4355.16,192.4,8310.94,0.9,13.8535,314.37,77.6,383.6,MEL,Non CORE-Cluster,Prophet
Yo-Chi Balaclava,2026-09-29,4774.32,1056.21,9004.55,0.9,13.8535,344.63,61.22,395.15,MEL,Non CORE-Cluster,Prophet
Yo-Chi Balaclava,2026-09-30,4855.96,956.48,8604.42,0.9,13.8535,350.52,78.78,514.29,MEL,Non CORE-Cluster,Prophet
Yo-Chi Balaclava,2026-10-01,4908.36,1095.23,8581.09,0.9,13.8535,354.31,64.35,391.32,MEL,Non CORE-Cluster,Prophet
Yo-Chi Balaclava,2026-10-02,5490.45,1818.69,9234.24,0.9,13.8535,396.32,75.92,431.28,MEL,Non CORE-Cluster,Prophet
Yo-Chi Balaclava,2026-10-03,5535.64,2013.81,9427.55,0.9,13.8535,399.58,74.74,505.08,MEL,Non CORE-Cluster,Prophet
Yo-Chi Balaclava,2026-10-04,5911.14,2296.35,9557.51,0.9,13.8535,426.69,69.09,649.1,MEL,Non CORE-Cluster,Prophet
Yo-Chi Balaclava,2026-10-05,4216.62,284.36,7912.94,0.9,13.8535,304.37,64.75,392.0,MEL,Non CORE-Cluster,Prophet
Yo-Chi Balaclava,2026-10-06,4654.08,402.34,8512.32,0.9,13.8535,335.95,46.8,419.24,MEL,Non CORE-Cluster,Prophet
Yo-Chi Balaclava,2026-10-07,4759.8,855.61,8687.88,0.9,13.8535,343.58,63.53,553.27,MEL,Non CORE-Cluster,Prophet
Yo-Chi Balaclava,2026-10-08,4841.35,808.95,8668.8,0.9,13.8535,349.47,48.34,441.41,MEL,Non CORE-Cluster,Prophet
Yo-Chi Balaclava,2026-10-09,5456.77,1780.94,9303.1,0.9,13.8535,393.89,59.93,491.73,MEL,Non CORE-Cluster,Prophet
Yo-Chi Balaclava,2026-10-10,5538.73,1894.81,9513.69,0.9,13.8535,399.81,59.15,573.97,MEL,Non CORE-Cluster,Prophet
Yo-Chi Balaclava,2026-10-11,5953.27,2434.03,9647.07,0.9,13.8535,429.73,54.41,724.73,MEL,Non CORE-Cluster,Prophet
Yo-Chi Balaclava,2026-10-12,4299.32,508.09,7941.44,0.9,13.8535,310.34,51.55,468.91,MEL,Non CORE-Cluster,Prophet
Yo-Chi Balaclava,2026-10-13,4777.2,1159.96,8701.51,0.9,13.8535,344.84,35.48,497.41,MEL,Non CORE-Cluster,Prophet
Yo-Chi Balaclava,2026-10-14,4922.41,1177.11,8876.92,0.9,13.8535,355.32,55.01,631.32,MEL,Non CORE-Cluster,Prophet
Yo-Chi Balaclava,2026-10-15,5041.36,1065.62,8915.64,0.9,13.8535,363.91,42.74,515.31,MEL,Non CORE-Cluster,Prophet
Yo-Chi Balaclava,2026-10-16,5690.99,1882.75,9598.64,0.9,13.8535,410.8,57.98,560.8,MEL,Non CORE-Cluster,Prophet
Yo-Chi Balaclava,2026-10-17,5803.13,2009.58,9587.04,0.9,13.8535,418.89,61.07,636.71,MEL,Non CORE-Cluster,Prophet
Yo-Chi Balaclava,2026-10-18,6242.86,2391.22,10026.85,0.9,13.8535,450.63,60.41,780.12,MEL,Non CORE-Cluster,Prophet
Yo-Chi Balaclava,2026-10-19,4608.71,1055.84,8147.09,0.9,13.8535,332.68,61.83,512.48,MEL,Non CORE-Cluster,Prophet
Yo-Chi Balaclava,2026-10-20,5099.86,1407.19,9289.43,0.9,13.8535,368.13,49.96,530.37,MEL,Non CORE-Cluster,Prophet
Yo-Chi Balaclava,2026-10-21,5251.72,1254.08,9082.03,0.9,13.8535,379.09,74.03,653.76,MEL,Non CORE-Cluster,Prophet
Yo-Chi Balaclava,2026-10-22,5370.46,1302.16,9290.22,0.9,13.8535,387.66,65.79,524.83,MEL,Non CORE-Cluster,Prophet
Yo-Chi Balaclava,2026-10-23,6012.89,2221.63,9918.22,0.9,13.8535,434.03,85.1,558.53,MEL,Non CORE-Cluster,Prophet
Yo-Chi Balaclava,2026-10-24,6111.14,2285.55,9800.73,0.9,13.8535,441.13,91.74,623.02,MEL,Non CORE-Cluster,Prophet
Yo-Chi Balaclava,2026-10-25,6530.5,2730.29,10511.58,0.9,13.8535,471.4,94.11,755.97,MEL,Non CORE-Cluster,Prophet
Yo-Chi Balaclava,2026-10-26,4870.36,1075.18,8636.2,0.9,13.8535,351.56,98.01,475.38,MEL,Non CORE-Cluster,Prophet
Yo-Chi Balaclava,2026-10-27,5329.99,1859.8,9205.79,0.9,13.8535,384.74,87.81,483.47,MEL,Non CORE-Cluster,Prophet
Yo-Chi Balaclava,2026-10-28,5445.97,1560.53,9449.7,0.9,13.8535,393.11,113.23,599.04,MEL,Non CORE-Cluster,Prophet
Yo-Chi Balaclava,2026-10-29,5525.37,1596.37,9310.08,0.9,13.8535,398.84,105.23,461.69,MEL,Non CORE-Cluster,Prophet
Yo-Chi Balaclava,2026-10-30,6125.99,2446.14,9910.02,0.9,13.8535,442.2,124.28,489.71,MEL,Non CORE-Cluster,Prophet
Yo-Chi Balaclava,2026-10-31,6181.22,2133.44,9856.7,0.9,13.8535,446.19,129.73,550.38,MEL,Non CORE-Cluster,Prophet
Yo-Chi Balaclava,2026-11-01,6557.42,2729.05,10298.31,0.9,13.8535,473.34,130.07,681.72,MEL,Non CORE-Cluster,Prophet
Yo-Chi Balaclava,2026-11-02,4855.46,1207.16,8908.48,0.9,13.8535,350.49,131.2,398.07,MEL,Non CORE-Cluster,Prophet
Yo-Chi Balaclava,2026-11-03,5275.21,1457.25,9155.14,0.9,13.8535,380.79,117.38,407.04,MEL,Non CORE-Cluster,Prophet
Yo-Chi Balaclava,2026-11-04,5354.69,1549.44,9109.29,0.9,13.8535,386.52,138.93,525.99,MEL,Non CORE-Cluster,Prophet
Yo-Chi Balaclava,2026-11-05,5401.97,1574.67,9196.69,0.9,13.8535,389.94,126.17,391.67,MEL,Non CORE-Cluster,Prophet
Yo-Chi Balaclava,2026-11-06,5975.66,2223.67,9820.56,0.9,13.8535,431.35,140.3,425.47,MEL,Non CORE-Cluster,Prophet
Yo-Chi Balaclava,2026-11-07,6010.09,2377.12,9874.07,0.9,13.8535,433.83,140.35,493.5,MEL,Non CORE-Cluster,Prophet
Yo-Chi Balaclava,2026-11-08,6372.11,2725.05,10493.82,0.9,13.8535,459.96,135.06,633.89,MEL,Non CORE-Cluster,Prophet
Yo-Chi Balaclava,2026-11-09,4663.35,988.09,8386.21,0.9,13.8535,336.62,130.49,357.06,MEL,Non CORE-Cluster,Prophet
Yo-Chi Balaclava,2026-11-10,5083.37,1126.08,9157.33,0.9,13.8535,366.94,110.89,375.82,MEL,Non CORE-Cluster,Prophet
Yo-Chi Balaclava,2026-11-11,5170.56,1450.01,9042.85,0.9,13.8535,373.23,127.23,505.87,MEL,Non CORE-Cluster,Prophet
Yo-Chi Balaclava,2026-11-12,5232.8,1341.32,9019.26,0.9,13.8535,377.72,109.24,380.98,MEL,Non CORE-Cluster,Prophet
Yo-Chi Balaclava,2026-11-13,5828.26,2144.39,9638.96,0.9,13.8535,420.71,118.88,425.48,MEL,Non CORE-Cluster,Prophet
Yo-Chi Balaclava,2026-11-14,5890.86,1995.25,9641.04,0.9,13.8535,425.23,114.87,504.22,MEL,Non CORE-Cluster,Prophet
Yo-Chi Balaclava,2026-11-15,6286.6,2429.26,10135.56,0.9,13.8535,453.79,106.13,655.37,MEL,Non CORE-Cluster,Prophet
Yo-Chi Balaclava,2026-11-16,4616.55,523.98,8637.26,0.9,13.8535,333.24,98.88,385.44,MEL,Non CORE-Cluster,Prophet
Yo-Chi Balaclava,2026-11-17,5078.63,1133.63,8817.01,0.9,13.8535,366.6,77.25,412.41,MEL,Non CORE-Cluster,Prophet
Yo-Chi Balaclava,2026-11-18,5210.43,1198.22,8809.45,0.9,13.8535,376.11,92.81,550.42,MEL,Non CORE-Cluster,Prophet
Yo-Chi Balaclava,2026-11-19,5318.51,1417.03,9136.96,0.9,13.8535,383.91,74.54,430.29,MEL,Non CORE-Cluster,Prophet
Yo-Chi Balaclava,2026-11-20,5959.69,2197.14,9779.1,0.9,13.8535,430.19,85.09,479.45,MEL,Non CORE-Cluster,Prophet
Yo-Chi Balaclava,2026-11-21,6066.67,2409.99,9868.32,0.9,13.8535,437.92,82.7,561.62,MEL,Non CORE-Cluster,Prophet
Yo-Chi Balaclava,2026-11-22,6504.04,2845.24,10363.84,0.9,13.8535,469.49,76.35,715.21,MEL,Non CORE-Cluster,Prophet
Yo-Chi Balaclava,2026-11-23,4871.9,1155.96,8730.84,0.9,13.8535,351.67,72.24,442.99,MEL,Non CORE-Cluster,Prophet
Yo-Chi Balaclava,2026-11-24,5366.41,1333.83,9462.58,0.9,13.8535,387.37,54.29,468.34,MEL,Non CORE-Cluster,Prophet
Yo-Chi Balaclava,2026-11-25,5524.4,1647.48,9387.0,0.9,13.8535,398.77,74.47,604.06,MEL,Non CORE-Cluster,Prophet
Yo-Chi Balaclava,2026-11-26,5651.44,1927.52,9498.4,0.9,13.8535,407.94,60.93,478.28,MEL,Non CORE-Cluster,Prophet
Yo-Chi Balaclava,2026-11-27,6303.47,2548.57,10039.81,0.9,13.8535,455.01,76.83,521.74,MEL,Non CORE-Cluster,Prophet
Yo-Chi Balaclava,2026-11-28,6412.76,2325.45,10101.06,0.9,13.8535,462.9,79.85,597.28,MEL,Non CORE-Cluster,Prophet
Yo-Chi Balaclava,2026-11-29,6843.35,2936.2,10392.17,0.9,13.8535,493.98,78.92,743.77,MEL,Non CORE-Cluster,Prophet
Yo-Chi Balaclava,2026-11-30,5195.52,1323.25,9262.78,0.9,13.8535,375.03,80.19,460.44,MEL,Non CORE-Cluster,Prophet
Yo-Chi Balaclava,2026-12-01,5664.87,1856.87,9533.75,0.9,13.8535,408.91,67.25,476.31,MEL,Non CORE-Cluster,Prophet
Yo-Chi Balaclava,2026-12-02,5788.84,2135.96,9758.58,0.9,13.8535,417.86,92.49,602.97,MEL,Non CORE-Cluster,Prophet
Yo-Chi Balaclava,2026-12-03,5873.46,2064.22,9811.95,0.9,13.8535,423.97,83.21,466.01,MEL,Non CORE-Cluster,Prophet
Yo-Chi Balaclava,2026-12-04,6475.27,2576.83,10118.69,0.9,13.8535,467.41,103.1,499.61,MEL,Non CORE-Cluster,Prophet
Yo-Chi Balaclava,2026-12-05,6527.6,2793.27,10228.8,0.9,13.8535,471.19,109.32,565.81,MEL,Non CORE-Cluster,Prophet
Yo-Chi Balaclava,2026-12-06,6895.45,2924.9,10659.48,0.9,13.8535,497.74,110.82,703.99,MEL,Non CORE-Cluster,Prophet
Yo-Chi Balaclava,2026-12-07,5180.65,1219.3,9048.44,0.9,13.8535,373.96,113.75,409.87,MEL,Non CORE-Cluster,Prophet
Yo-Chi Balaclava,2026-12-08,5579.6,1733.28,9389.97,0.9,13.8535,402.76,101.52,418.03,MEL,Non CORE-Cluster,Prophet
Yo-Chi Balaclava,2026-12-09,5631.53,1870.39,9406.74,0.9,13.8535,406.51,127.03,538.85,MEL,Non CORE-Cluster,Prophet
Yo-Chi Balaclava,2026-12-10,5643.94,1583.23,9529.4,0.9,13.8535,407.4,116.84,395.3,MEL,Non CORE-Cluster,Prophet
Yo-Chi Balaclava,2026-12-11,6174.86,2353.95,10121.58,0.9,13.8535,445.73,135.34,424.85,MEL,Non CORE-Cluster,Prophet
Yo-Chi Balaclava,2026-12-12,6159.32,2599.19,9896.38,0.9,13.8535,444.6,139.3,488.61,MEL,Non CORE-Cluster,Prophet
Yo-Chi Balaclava,2026-12-13,6463.7,2602.22,10392.21,0.9,13.8535,466.58,137.83,626.28,MEL,Non CORE-Cluster,Prophet
Yo-Chi Balaclava,2026-12-14,4691.58,919.12,8506.02,0.9,13.8535,338.66,137.22,329.9,MEL,Non CORE-Cluster,Prophet
Yo-Chi Balaclava,2026-12-15,5040.13,1026.66,9067.57,0.9,13.8535,363.82,120.81,339.43,MEL,Non CORE-Cluster,Prophet
Yo-Chi Balaclava,2026-12-16,5050.09,1368.8,9145.83,0.9,13.8535,364.54,142.16,463.8,MEL,Non CORE-Cluster,Prophet
Yo-Chi Balaclava,2026-12-17,5029.96,1090.96,8792.59,0.9,13.8535,363.08,127.2,323.12,MEL,Non CORE-Cluster,Prophet
Yo-Chi Balaclava,2026-12-18,5538.53,1088.65,9148.67,0.9,13.8535,399.79,141.08,357.98,MEL,Non CORE-Cluster,Prophet
Yo-Chi Balaclava,2026-12-19,5511.59,1685.42,9301.8,0.9,13.8535,397.85,140.26,428.32,MEL,Non CORE-Cluster,Prophet
Yo-Chi Balaclava,2026-12-20,5815.82,1886.69,9673.14,0.9,13.8535,419.81,134.07,573.98,MEL,Non CORE-Cluster,Prophet
Yo-Chi Balaclava,2026-12-21,4055.33,226.56,7867.1,0.9,13.8535,292.73,128.99,283.13,MEL,Non CORE-Cluster,Prophet
Yo-Chi Balaclava,2026-12-22,4426.67,886.39,8201.21,0.9,13.8535,319.53,108.27,300.94,MEL,Non CORE-Cluster,Prophet
Yo-Chi Balaclava,2026-12-23,4470.62,753.93,8189.21,0.9,13.8535,322.71,126.12,434.75,MEL,Non CORE-Cluster,Prophet
Yo-Chi Balaclava,2026-12-24,4495.15,570.69,8289.1,0.9,13.8535,324.48,107.8,301.73,MEL,Non CORE-Cluster,Prophet
Yo-Chi Balaclava,2026-12-25,5058.27,1297.0,8910.19,0.9,13.8535,365.13,119.19,345.49,MEL,Non CORE-Cluster,Prophet
Yo-Chi Balaclava,2026-12-26,5094.99,1280.11,8941.99,0.9,13.8535,367.78,116.36,424.76,MEL,Non CORE-Cluster,Prophet
Yo-Chi Balaclava,2026-12-27,5470.83,2002.63,9658.15,0.9,13.8535,394.91,108.75,579.52,MEL,Non CORE-Cluster,Prophet
Yo-Chi Balaclava,2026-12-28,3788.96,0.0,7757.18,0.9,13.8535,273.5,102.92,294.07,MEL,Non CORE-Cluster,Prophet
Yo-Chi Balaclava,2026-12-29,4244.01,155.62,7872.01,0.9,13.8535,306.35,81.95,318.88,MEL,Non CORE-Cluster,Prophet
Yo-Chi Balaclava,2026-12-30,4375.67,636.77,8271.3,0.9,13.8535,315.85,100.56,459.78,MEL,Non CORE-Cluster,Prophet
Yo-Chi Balaclava,2026-12-31,4490.34,835.33,8315.43,0.9,13.8535,324.13,83.22,331.09,MEL,Non CORE-Cluster,Prophet
Yo-Chi Balaclava,2027-01-01,5144.42,1263.29,9173.55,0.9,13.8535,371.34,96.41,379.59,MEL,Non CORE-Cluster,Prophet
Yo-Chi Balaclava,2027-01-02,5271.52,1583.9,9300.72,0.9,13.8535,380.52,95.69,462.99,MEL,Non CORE-Cluster,Prophet
Yo-Chi Balaclava,2027-01-03,5735.53,1951.12,9641.19,0.9,13.8535,414.01,90.5,621.56,MEL,Non CORE-Cluster,Prophet
Yo-Chi Balaclava,2027-01-04,4138.51,270.77,7941.63,0.9,13.8535,298.73,87.39,335.94,MEL,Non CORE-Cluster,Prophet
Yo-Chi Balaclava,2027-01-05,4673.16,1026.84,8478.3,0.9,13.8535,337.33,69.17,362.06,MEL,Non CORE-Cluster,Prophet
Yo-Chi Balaclava,2027-01-06,4878.27,1210.24,8585.4,0.9,13.8535,352.13,90.99,504.47,MEL,Non CORE-Cluster,Prophet
Yo-Chi Balaclava,2027-01-07,5059.07,1229.76,9127.59,0.9,13.8535,365.18,76.5,374.84,MEL,Non CORE-Cluster,Prophet
Yo-Chi Balaclava,2027-01-08,5770.96,2059.46,9575.08,0.9,13.8535,416.57,92.71,423.27,MEL,Non CORE-Cluster,Prophet
Yo-Chi Balaclava,2027-01-09,5946.93,2033.08,9636.05,0.9,13.8535,429.27,94.66,506.62,MEL,Non CORE-Cluster,Prophet
Yo-Chi Balaclava,2027-01-10,6450.13,2974.78,10331.57,0.9,13.8535,465.6,91.82,665.59,MEL,Non CORE-Cluster,Prophet
Yo-Chi Balaclava,2027-01-11,4882.56,751.88,8715.78,0.9,13.8535,352.44,90.72,377.26,MEL,Non CORE-Cluster,Prophet
Yo-Chi Balaclava,2027-01-12,5436.13,1629.75,9332.04,0.9,13.8535,392.4,73.94,403.15,MEL,Non CORE-Cluster,Prophet
Yo-Chi Balaclava,2027-01-13,5649.94,1846.67,9622.6,0.9,13.8535,407.84,97.14,546.53,MEL,Non CORE-Cluster,Prophet
Yo-Chi Balaclava,2027-01-14,5829.36,2105.36,9453.28,0.9,13.8535,420.79,83.18,416.44,MEL,Non CORE-Cluster,Prophet
Yo-Chi Balaclava,2027-01-15,6530.02,2769.12,10393.55,0.9,13.8535,471.36,99.73,466.31,MEL,Non CORE-Cluster,Prophet
Yo-Chi Balaclava,2027-01-16,6685.55,2926.22,10472.74,0.9,13.8535,482.59,101.39,552.05,MEL,Non CORE-Cluster,Prophet
Yo-Chi Balaclava,2027-01-17,7159.65,3234.3,10804.94,0.9,13.8535,516.81,97.74,714.72,MEL,Non CORE-Cluster,Prophet
Yo-Chi Balaclava,2027-01-18,5555.39,1756.05,9298.18,0.9,13.8535,401.01,95.41,427.73,MEL,Non CORE-Cluster,Prophet
Yo-Chi Balaclava,2027-01-19,6064.98,2169.05,9660.52,0.9,13.8535,437.79,76.87,457.98,MEL,Non CORE-Cluster,Prophet
Yo-Chi Balaclava,2027-01-20,6228.82,2359.19,10109.18,0.9,13.8535,449.62,98.37,607.3,MEL,Non CORE-Cluster,Prophet
Yo-Chi Balaclava,2027-01-21,6353.25,2183.73,10170.52,0.9,13.8535,458.6,82.1,481.89,MEL,Non CORE-Cluster,Prophet
Yo-Chi Balaclava,2027-01-22,6994.9,2909.88,10931.77,0.9,13.8535,504.92,96.46,538.28,MEL,Non CORE-Cluster,Prophet
Yo-Chi Balaclava,2027-01-23,7088.6,3578.12,11006.78,0.9,13.8535,511.68,95.69,631.22,MEL,Non CORE-Cluster,Prophet
Yo-Chi Balaclava,2027-01-24,7499.01,3870.53,11282.62,0.9,13.8535,541.31,89.56,801.88,MEL,Non CORE-Cluster,Prophet
Yo-Chi Balaclava,2027-01-25,5830.56,1801.07,9475.02,0.9,13.8535,420.87,84.83,519.75,MEL,Non CORE-Cluster,Prophet
Yo-Chi Balaclava,2027-01-26,6275.91,2450.51,10403.72,0.9,13.8535,453.02,63.91,556.9,MEL,Non CORE-Cluster,Prophet
Yo-Chi Balaclava,2027-01-27,6376.71,2723.06,9988.61,0.9,13.8535,460.3,83.62,713.55,MEL,Non CORE-Cluster,Prophet
Yo-Chi Balaclava,2027-01-28,6440.13,2697.65,10082.33,0.9,13.8535,464.87,65.52,592.86,MEL,Non CORE-Cluster,Prophet
Yo-Chi Balaclava,2027-01-29,7023.48,2966.23,10790.8,0.9,13.8535,506.98,78.68,654.33,MEL,Non CORE-Cluster,Prophet
Yo-Chi Balaclava,2027-01-30,7062.43,3138.72,11103.55,0.9,13.8535,509.79,76.98,751.41,MEL,Non CORE-Cluster,Prophet
Yo-Chi Balaclava,2027-01-31,7422.06,3680.59,11356.04,0.9,13.8535,535.75,70.29,925.34,MEL,Non CORE-Cluster,Prophet
Yo-Chi Balaclava,2027-02-01,5707.63,2023.5,9525.18,0.9,13.8535,412.0,65.47,641.68,MEL,Non CORE-Cluster,Prophet
Yo-Chi Balaclava,2027-02-02,6111.53,2084.29,9668.1,0.9,13.8535,441.15,44.74,677.72,MEL,Non CORE-Cluster,Prophet
Yo-Chi Balaclava,2027-02-03,6176.01,2039.95,9983.4,0.9,13.8535,445.81,65.48,832.09,MEL,Non CORE-Cluster,Prophet
Yo-Chi Balaclava,2027-02-04,6208.32,2405.22,10185.61,0.9,13.8535,448.14,48.46,705.09,MEL,Non CORE-Cluster,Prophet
Yo-Chi Balaclava,2027-02-05,6765.73,2761.15,10422.31,0.9,13.8535,488.38,63.36,759.34,MEL,Non CORE-Cluster,Prophet
Yo-Chi Balaclava,2027-02-06,6784.0,2723.17,10670.23,0.9,13.8535,489.7,63.59,847.26,MEL,Non CORE-Cluster,Prophet
Yo-Chi Balaclava,2027-02-07,7127.95,3468.32,10920.7,0.9,13.8535,514.52,59.05,1010.39,MEL,Non CORE-Cluster,Prophet
Yo-Chi Balaclava,2027-02-08,5402.92,1646.66,9091.11,0.9,13.8535,390.0,56.57,710.68,MEL,Non CORE-Cluster,Prophet
Yo-Chi Balaclava,2027-02-09,5800.48,2011.24,9519.42,0.9,13.8535,418.7,38.16,730.95,MEL,Non CORE-Cluster,Prophet
Yo-Chi Balaclava,2027-02-10,5862.85,2153.44,9490.19,0.9,13.8535,423.2,61.64,868.65,MEL,Non CORE-Cluster,Prophet
Yo-Chi Balaclava,2027-02-11,5896.87,2193.05,9585.59,0.9,13.8535,425.66,46.96,721.55,MEL,Non CORE-Cluster,Prophet
Yo-Chi Balaclava,2027-02-12,6459.33,2824.53,10397.87,0.9,13.8535,466.26,64.38,755.78,MEL,Non CORE-Cluster,Prophet
Yo-Chi Balaclava,2027-02-13,6485.69,2851.42,10214.17,0.9,13.8535,468.16,66.79,823.09,MEL,Non CORE-Cluster,Prophet
Yo-Chi Balaclava,2027-02-14,6840.21,2915.05,10670.93,0.9,13.8535,493.75,64.11,965.7,MEL,Non CORE-Cluster,Prophet
Yo-Chi Balaclava,2027-02-15,5128.12,1440.33,8948.38,0.9,13.8535,370.17,63.21,642.26,MEL,Non CORE-Cluster,Prophet
Yo-Chi Balaclava,2027-02-16,5539.99,1674.05,9175.69,0.9,13.8535,399.9,45.85,641.44,MEL,Non CORE-Cluster,Prophet
Yo-Chi Balaclava,2027-02-17,5617.94,1770.45,9417.02,0.9,13.8535,405.53,70.36,759.74,MEL,Non CORE-Cluster,Prophet
Yo-Chi Balaclava,2027-02-18,5668.38,1739.11,9398.62,0.9,13.8535,409.17,55.92,592.61,MEL,Non CORE-Cluster,Prophet
Yo-Chi Balaclava,2027-02-19,6247.64,2335.2,10058.39,0.9,13.8535,450.98,73.44,609.84,MEL,Non CORE-Cluster,Prophet
Yo-Chi Balaclava,2027-02-20,6290.97,2517.16,10039.29,0.9,13.8535,454.11,75.38,662.59,MEL,Non CORE-Cluster,Prophet
Yo-Chi Balaclava,2027-02-21,6662.2,2642.83,10382.23,0.9,13.8535,480.9,71.77,793.76,MEL,Non CORE-Cluster,Prophet
Yo-Chi Balaclava,2027-02-22,4966.6,1288.64,8987.59,0.9,13.8535,358.51,69.57,458.64,MEL,Non CORE-Cluster,Prophet
Yo-Chi Balaclava,2027-02-23,5393.9,1378.56,9127.46,0.9,13.8535,389.35,50.42,451.61,MEL,Non CORE-Cluster,Prophet
Yo-Chi Balaclava,2027-02-24,5486.34,1757.14,9175.53,0.9,13.8535,396.03,73.24,568.01,MEL,Non CORE-Cluster,Prophet
Yo-Chi Balaclava,2027-02-25,5550.09,1714.74,9416.4,0.9,13.8535,400.63,56.54,400.71,MEL,Non CORE-Cluster,Prophet
Yo-Chi Balaclava,2027-02-26,6141.22,2496.35,9926.03,0.9,13.8535,443.3,71.96,422.81,MEL,Non CORE-Cluster,Prophet
Yo-Chi Balaclava,2027-02-27,6195.01,2675.6,10080.37,0.9,13.8535,447.18,71.58,484.46,MEL,Non CORE-Cluster,Prophet
Yo-Chi Balaclava,2027-02-28,6575.04,2918.45,10530.71,0.9,13.8535,474.61,65.62,628.79,MEL,Non CORE-Cluster,Prophet
Yo-Chi Balaclava,2027-03-01,4886.83,961.98,8601.23,0.9,13.8535,352.75,61.17,307.23,MEL,Non CORE-Cluster,Prophet
Yo-Chi Balaclava,2027-03-02,5319.45,1495.53,9124.64,0.9,13.8535,383.98,39.79,319.35,MEL,Non CORE-Cluster,Prophet
Yo-Chi Balaclava,2027-03-03,5415.46,1420.1,9377.81,0.9,13.8535,390.91,61.01,458.78,MEL,Non CORE-Cluster,Prophet
Yo-Chi Balaclava,2027-03-04,5480.91,1470.4,9651.19,0.9,13.8535,395.63,42.66,315.24,MEL,Non CORE-Cluster,Prophet
Yo-Chi Balaclava,2027-03-05,6071.83,2101.21,10051.42,0.9,13.8535,438.29,57.08,364.57,MEL,Non CORE-Cluster,Prophet
Yo-Chi Balaclava,2027-03-06,6123.64,2049.47,10085.93,0.9,13.8535,442.03,55.96,455.4,MEL,Non CORE-Cluster,Prophet
Yo-Chi Balaclava,2027-03-07,6499.83,2577.9,10199.7,0.9,13.8535,469.18,49.65,630.58,MEL,Non CORE-Cluster,Prophet
Yo-Chi Balaclava,2027-03-08,4806.28,1159.58,8785.53,0.9,13.8535,346.94,45.32,337.24,MEL,Non CORE-Cluster,Prophet
Yo-Chi Balaclava,2027-03-09,5231.58,1490.05,8979.71,0.9,13.8535,377.64,24.37,379.71,MEL,Non CORE-Cluster,Prophet
Yo-Chi Balaclava,2027-03-10,5318.69,1387.98,9085.73,0.9,13.8535,383.92,46.83,549.59,MEL,Non CORE-Cluster,Prophet
Yo-Chi Balaclava,2027-03-11,5373.75,1501.42,9226.41,0.9,13.8535,387.9,29.78,433.19,MEL,Non CORE-Cluster,Prophet
Yo-Chi Balaclava,2027-03-12,5952.83,1961.82,9820.11,0.9,13.8535,429.7,46.17,508.95,MEL,Non CORE-Cluster,Prophet
Yo-Chi Balaclava,2027-03-13,5991.65,2190.75,9632.53,0.9,13.8535,432.5,47.2,623.88,MEL,Non CORE-Cluster,Prophet
Yo-Chi Balaclava,2027-03-14,6353.77,2444.93,10377.91,0.9,13.8535,458.64,43.25,820.58,MEL,Non CORE-Cluster,Prophet
Yo-Chi Balaclava,2027-03-15,4645.6,1013.74,8373.42,0.9,13.8535,335.34,41.47,541.99,MEL,Non CORE-Cluster,Prophet
Yo-Chi Balaclava,2027-03-16,5055.36,1207.17,8932.11,0.9,13.8535,364.92,23.02,597.41,MEL,Non CORE-Cluster,Prophet
Yo-Chi Balaclava,2027-03-17,5126.59,1362.77,8691.71,0.9,13.8535,370.06,48.39,776.74,MEL,Non CORE-Cluster,Prophet
Yo-Chi Balaclava,2027-03-18,5165.67,1408.52,9025.98,0.9,13.8535,372.88,33.83,663.26,MEL,Non CORE-Cluster,Prophet
Yo-Chi Balaclava,2027-03-19,5728.85,1816.18,9619.13,0.9,13.8535,413.53,52.84,738.48,MEL,Non CORE-Cluster,Prophet
Yo-Chi Balaclava,2027-03-20,5752.28,1908.74,9519.25,0.9,13.8535,415.22,56.13,848.37,MEL,Non CORE-Cluster,Prophet
Yo-Chi Balaclava,2027-03-21,6099.72,1868.62,9926.12,0.9,13.8535,440.3,54.08,1035.87,MEL,Non CORE-Cluster,Prophet
Yo-Chi Balaclava,2027-03-22,4378.18,656.38,8157.9,0.9,13.8535,316.03,53.84,740.38,MEL,Non CORE-Cluster,Prophet
Yo-Chi Balaclava,2027-03-23,4775.62,1151.31,8636.18,0.9,13.8535,344.72,36.36,776.91,MEL,Non CORE-Cluster,Prophet
Yo-Chi Balaclava,2027-03-24,4836.21,1006.97,8544.37,0.9,13.8535,349.1,62.6,934.31,MEL,Non CORE-Cluster,Prophet
Yo-Chi Balaclava,2027-03-25,4866.54,987.99,8694.22,0.9,13.8535,351.29,48.07,793.59,MEL,Non CORE-Cluster,Prophet
Yo-Chi Balaclava,2027-03-26,5423.04,1409.94,8996.81,0.9,13.8535,391.46,66.88,840.0,MEL,Non CORE-Cluster,Prophet
Yo-Chi Balaclava,2027-03-27,5442.24,1618.6,9023.43,0.9,13.8535,392.84,69.33,919.12,MEL,Non CORE-Cluster,Prophet
Yo-Chi Balaclava,2027-03-28,5787.95,2179.94,9528.93,0.9,13.8535,417.8,65.9,1074.87,MEL,Non CORE-Cluster,Prophet
Yo-Chi Balaclava,2027-03-29,4067.67,207.01,7828.22,0.9,13.8535,293.62,63.85,743.66,MEL,Non CORE-Cluster,Prophet
Yo-Chi Balaclava,2027-03-30,4468.88,648.32,8239.76,0.9,13.8535,322.58,44.0,746.64,MEL,Non CORE-Cluster,Prophet
Yo-Chi Balaclava,2027-03-31,4536.13,578.76,8250.69,0.9,13.8535,327.44,67.93,872.04,MEL,Non CORE-Cluster,Prophet
Yo-Chi Balaclava,2027-04-01,4575.97,522.52,8215.55,0.9,13.8535,330.31,50.46,698.85,MEL,Non CORE-Cluster,Prophet
Yo-Chi Balaclava,2027-04-02,5144.7,1162.64,9143.91,0.9,13.8535,371.37,66.48,716.25,MEL,Non CORE-Cluster,Prophet
Yo-Chi Balaclava,2027-04-03,5178.87,1436.66,8894.92,0.9,13.8535,373.83,65.9,769.49,MEL,Non CORE-Cluster,Prophet
Yo-Chi Balaclava,2027-04-04,5541.99,1774.45,9328.61,0.9,13.8535,400.04,59.42,903.38,MEL,Non CORE-Cluster,Prophet
Yo-Chi Balaclava,2027-04-05,3841.67,0.0,7790.48,0.9,13.8535,277.31,54.47,551.2,MEL,Non CORE-Cluster,Prophet
Yo-Chi Balaclava,2027-04-06,4264.52,578.37,8042.59,0.9,13.8535,307.83,31.8,539.96,MEL,Non CORE-Cluster,Prophet
Yo-Chi Balaclava,2027-04-07,4355.1,628.05,8282.66,0.9,13.8535,314.37,53.61,656.84,MEL,Non CORE-Cluster,Prophet
Yo-Chi Balaclava,2027-04-08,4419.54,584.73,8262.66,0.9,13.8535,319.02,34.09,478.31,MEL,Non CORE-Cluster,Prophet
Yo-Chi Balaclava,2027-04-09,5013.64,958.35,8867.09,0.9,13.8535,361.91,48.84,496.92,MEL,Non CORE-Cluster,Prophet
Yo-Chi Balaclava,2027-04-10,5073.68,1382.97,8976.71,0.9,13.8535,366.24,47.43,556.88,MEL,Non CORE-Cluster,Prophet
Yo-Chi Balaclava,2027-04-11,5462.57,1585.56,8992.65,0.9,13.8535,394.31,40.69,703.21,MEL,Non CORE-Cluster,Prophet
Yo-Chi Balaclava,2027-04-12,3787.79,0.0,7644.77,0.9,13.8535,273.42,36.16,365.24,MEL,Non CORE-Cluster,Prophet
Yo-Chi Balaclava,2027-04-13,4234.91,371.08,7974.44,0.9,13.8535,305.69,14.44,375.04,MEL,Non CORE-Cluster,Prophet
Yo-Chi Balaclava,2027-04-14,4348.38,596.85,8271.06,0.9,13.8535,313.88,38.3,517.92,MEL,Non CORE-Cluster,Prophet
Yo-Chi Balaclava,2027-04-15,4433.85,631.32,8091.14,0.9,13.8535,320.05,21.15,367.06,MEL,Non CORE-Cluster,Prophet
Yo-Chi Balaclava,2027-04-16,5046.65,1182.63,8833.44,0.9,13.8535,364.29,39.21,417.55,MEL,Non CORE-Cluster,Prophet
Yo-Chi Balaclava,2027-04-17,5122.85,1353.18,8889.3,0.9,13.8535,369.79,41.57,511.87,MEL,Non CORE-Cluster,Prophet
Yo-Chi Balaclava,2027-04-18,5524.95,1718.51,9592.23,0.9,13.8535,398.81,39.11,694.56,MEL,Non CORE-Cluster,Prophet
Yo-Chi Balaclava,2027-04-19,3860.49,191.22,7309.72,0.9,13.8535,278.67,39.33,390.42,MEL,Non CORE-Cluster,Prophet
Yo-Chi Balaclava,2027-04-20,4314.32,320.7,8314.36,0.9,13.8535,311.43,22.59,436.08,MEL,Non CORE-Cluster,Prophet
Yo-Chi Balaclava,2027-04-21,4431.1,718.88,8369.24,0.9,13.8535,319.85,52.07,614.64,MEL,Non CORE-Cluster,Prophet
Yo-Chi Balaclava,2027-04-22,4516.4,709.87,8422.7,0.9,13.8535,326.01,40.35,495.68,MEL,Non CORE-Cluster,Prophet
Yo-Chi Balaclava,2027-04-23,5125.54,1136.23,8952.26,0.9,13.8535,369.98,64.19,576.72,MEL,Non CORE-Cluster,Prophet
Yo-Chi Balaclava,2027-04-24,5194.82,1503.45,9043.86,0.9,13.8535,374.98,72.12,698.49,MEL,Non CORE-Cluster,Prophet
Yo-Chi Balaclava,2027-04-25,5586.83,1677.78,9090.59,0.9,13.8535,403.28,75.0,905.18,MEL,Non CORE-Cluster,Prophet
Yo-Chi Balaclava,2027-04-26,3909.69,284.95,7363.62,0.9,13.8535,282.22,80.29,617.3,MEL,Non CORE-Cluster,Prophet
Yo-Chi Balaclava,2027-04-27,4347.98,134.64,7944.11,0.9,13.8535,313.85,68.08,676.45,MEL,Non CORE-Cluster,Prophet
Yo-Chi Balaclava,2027-04-28,4447.08,649.23,8306.82,0.9,13.8535,321.01,101.98,863.97,MEL,Non CORE-Cluster,Prophet
Yo-Chi Balaclava,2027-04-29,4512.96,787.14,8300.39,0.9,13.8535,325.76,93.77,746.46,MEL,Non CORE-Cluster,Prophet
Yo-Chi Balaclava,2027-04-30,5101.28,1087.97,9166.6,0.9,13.8535,368.23,120.77,824.55,MEL,Non CORE-Cluster,Prophet
Yo-Chi Balaclava,2027-05-01,5148.99,1216.22,9198.4,0.9,13.8535,371.67,131.05,938.0,MEL,Non CORE-Cluster,Prophet
Yo-Chi Balaclava,2027-05-02,5519.04,1791.41,9449.51,0.9,13.8535,398.39,135.5,1131.45,MEL,Non CORE-Cluster,Prophet
Yo-Chi Balaclava,2027-05-03,3820.4,0.0,7504.58,0.9,13.8535,275.77,141.65,822.01,MEL,Non CORE-Cluster,Prophet
Yo-Chi Balaclava,2027-05-04,4237.55,215.04,7897.19,0.9,13.8535,305.88,129.39,857.11,MEL,Non CORE-Cluster,Prophet
Yo-Chi Balaclava,2027-05-05,4316.67,272.99,8102.37,0.9,13.8535,311.59,162.92,1017.23,MEL,Non CORE-Cluster,Prophet
Yo-Chi Balaclava,2027-05-06,4364.13,520.95,8152.51,0.9,13.8535,315.02,153.29,866.82,MEL,Non CORE-Cluster,Prophet
Yo-Chi Balaclava,2027-05-07,4935.9,1146.99,8807.89,0.9,13.8535,356.29,178.52,910.47,MEL,Non CORE-Cluster,Prophet
Yo-Chi Balaclava,2027-05-08,4969.43,1086.08,8665.0,0.9,13.8535,358.71,186.31,987.7,MEL,Non CORE-Cluster,Prophet
Yo-Chi Balaclava,2027-05-09,5327.85,1377.68,9338.75,0.9,13.8535,384.59,187.71,1144.29,MEL,Non CORE-Cluster,Prophet
Yo-Chi Balaclava,2027-05-10,3620.64,0.0,7676.95,0.9,13.8535,261.35,190.38,794.53,MEL,Non CORE-Cluster,Prophet
Yo-Chi Balaclava,2027-05-11,4031.89,214.2,7826.7,0.9,13.8535,291.04,174.15,792.12,MEL,Non CORE-Cluster,Prophet
Yo-Chi Balaclava,2027-05-12,4108.2,192.5,7829.65,0.9,13.8535,296.55,203.84,917.03,MEL,Non CORE-Cluster,Prophet
Yo-Chi Balaclava,2027-05-13,4155.9,114.48,7980.93,0.9,13.8535,299.99,189.83,731.81,MEL,Non CORE-Cluster,Prophet
Yo-Chi Balaclava,2027-05-14,4730.84,1188.93,8399.88,0.9,13.8535,341.49,210.9,745.05,MEL,Non CORE-Cluster,Prophet
Yo-Chi Balaclava,2027-05-15,4770.49,939.16,8554.93,0.9,13.8535,344.35,214.37,795.99,MEL,Non CORE-Cluster,Prophet
Yo-Chi Balaclava,2027-05-16,5137.68,1219.32,8890.88,0.9,13.8535,370.86,211.48,931.34,MEL,Non CORE-Cluster,Prophet
Yo-Chi Balaclava,2027-05-17,3441.99,0.0,7092.52,0.9,13.8535,248.46,210.01,562.23,MEL,Non CORE-Cluster,Prophet
Yo-Chi Balaclava,2027-05-18,3866.65,0.0,7546.9,0.9,13.8535,279.11,189.69,548.2,MEL,Non CORE-Cluster,Prophet
Yo-Chi Balaclava,2027-05-19,3958.27,5.55,8078.42,0.9,13.8535,285.72,215.88,668.13,MEL,Non CORE-Cluster,Prophet
Yo-Chi Balaclava,2027-05-20,4022.8,174.03,7958.07,0.9,13.8535,290.38,198.29,481.99,MEL,Non CORE-Cluster,Prophet
Yo-Chi Balaclava,2027-05-21,4615.64,657.25,8358.46,0.9,13.8535,333.18,216.34,501.61,MEL,Non CORE-Cluster,Prophet
Yo-Chi Balaclava,2027-05-22,4674.02,923.35,8263.06,0.9,13.8535,337.39,216.93,565.12,MEL,Non CORE-Cluster,Prophet
Yo-Chi Balaclava,2027-05-23,5060.28,1176.49,8701.52,0.9,13.8535,365.27,211.38,719.28,MEL,Non CORE-Cluster,Prophet
Yo-Chi Balaclava,2027-05-24,3383.98,0.0,7186.12,0.9,13.8535,244.27,207.5,371.16,MEL,Non CORE-Cluster,Prophet
Yo-Chi Balaclava,2027-05-25,3827.42,0.0,7738.4,0.9,13.8535,276.28,184.82,385.22,MEL,Non CORE-Cluster,Prophet
Yo-Chi Balaclava,2027-05-26,3937.24,121.52,7756.19,0.9,13.8535,284.21,209.22,538.34,MEL,Non CORE-Cluster,Prophet
Yo-Chi Balaclava,2027-05-27,4019.05,38.1,7714.02,0.9,13.8535,290.11,189.59,387.04,MEL,Non CORE-Cluster,Prophet
Yo-Chi Balaclava,2027-05-28,4627.96,1194.9,8606.23,0.9,13.8535,334.06,205.96,445.59,MEL,Non CORE-Cluster,Prophet
Yo-Chi Balaclava,2027-05-29,4701.15,963.61,8463.09,0.9,13.8535,339.35,204.74,550.25,MEL,Non CORE-Cluster,Prophet
Yo-Chi Balaclava,2027-05-30,5100.69,1390.79,8695.78,0.9,13.8535,368.19,197.29,747.21,MEL,Non CORE-Cluster,Prophet
Yo-Chi Balaclava,2027-05-31,3436.36,0.0,6991.89,0.9,13.8535,248.05,191.45,438.91,MEL,Non CORE-Cluster,Prophet
Yo-Chi Balaclava,2027-06-01,3889.86,3.5,7838.39,0.9,13.8535,280.79,166.52,494.32,MEL,Non CORE-Cluster,Prophet
Yo-Chi Balaclava,2027-06-02,4008.16,468.46,7887.2,0.9,13.8535,289.32,188.88,688.02,MEL,Non CORE-Cluster,Prophet
Yo-Chi Balaclava,2027-06-03,4096.86,350.67,7767.26,0.9,13.8535,295.73,166.68,572.91,MEL,Non CORE-Cluster,Prophet
Yo-Chi Balaclava,2027-06-04,4711.08,1069.2,8886.83,0.9,13.8535,340.06,180.58,665.67,MEL,Non CORE-Cluster,Prophet
Yo-Chi Balaclava,2027-06-05,4788.24,1110.8,8450.83,0.9,13.8535,345.63,176.55,800.83,MEL,Non CORE-Cluster,Prophet
Yo-Chi Balaclava,2027-06-06,5190.44,1123.51,9033.88,0.9,13.8535,374.67,166.07,1024.22,MEL,Non CORE-Cluster,Prophet
Yo-Chi Balaclava,2027-06-07,3527.93,0.0,7437.58,0.9,13.8535,254.66,157.06,734.05,MEL,Non CORE-Cluster,Prophet
Yo-Chi Balaclava,2027-06-08,3981.99,0.0,7864.28,0.9,13.8535,287.44,128.73,804.26,MEL,Non CORE-Cluster,Prophet
Yo-Chi Balaclava,2027-06-09,4100.1,533.69,8118.7,0.9,13.8535,295.96,148.04,1007.77,MEL,Non CORE-Cluster,Prophet
Yo-Chi Balaclava,2027-06-10,4187.96,570.0,8076.93,0.9,13.8535,302.3,122.47,894.54,MEL,Non CORE-Cluster,Prophet
Yo-Chi Balaclava,2027-06-11,4800.75,982.88,8728.27,0.9,13.8535,346.54,133.42,984.42,MEL,Non CORE-Cluster,Prophet
Yo-Chi Balaclava,2027-06-12,4876.18,1288.62,8795.53,0.9,13.8535,351.98,126.53,1111.03,MEL,Non CORE-Cluster,Prophet
Yo-Chi Balaclava,2027-06-13,5276.29,1452.72,9133.6,0.9,13.8535,380.86,113.45,1320.71,MEL,Non CORE-Cluster,Prophet
Yo-Chi Balaclava,2027-06-14,3611.76,0.0,7201.02,0.9,13.8535,260.71,102.29,1008.32,MEL,Non CORE-Cluster,Prophet
Yo-Chi Balaclava,2027-06-15,4063.33,234.34,7927.64,0.9,13.8535,293.31,72.19,1053.68,MEL,Non CORE-Cluster,Prophet
Yo-Chi Balaclava,2027-06-16,4178.79,400.16,7975.24,0.9,13.8535,301.64,90.74,1228.85,MEL,Non CORE-Cluster,Prophet
Yo-Chi Balaclava,2027-06-17,4263.79,590.75,8157.53,0.9,13.8535,307.78,64.79,1081.69,MEL,Non CORE-Cluster,Prophet
Yo-Chi Balaclava,2027-06-18,4873.38,979.78,8692.0,0.9,13.8535,351.78,76.46,1135.97,MEL,Non CORE-Cluster,Prophet
Yo-Chi Balaclava,2027-06-19,4945.32,1155.65,8694.45,0.9,13.8535,356.97,71.03,1225.06,MEL,Non CORE-Cluster,Prophet
Yo-Chi Balaclava,2027-06-20,5341.43,1532.95,8863.99,0.9,13.8535,385.57,60.32,1396.41,MEL,Non CORE-Cluster,Prophet
Yo-Chi Balaclava,2027-06-21,3672.58,0.0,7476.51,0.9,13.8535,265.1,52.51,1041.98,MEL,Non CORE-Cluster,Prophet
Yo-Chi Balaclava,2027-06-22,4118.81,336.04,8032.71,0.9,13.8535,297.31,26.6,1047.81,MEL,Non CORE-Cluster,Prophet
Yo-Chi Balaclava,2027-06-23,4228.1,356.71,8005.9,0.9,13.8535,305.2,50.72,1185.37,MEL,Non CORE-Cluster,Prophet
Yo-Chi Balaclava,2027-06-24,4305.95,348.81,8562.66,0.9,13.8535,310.82,30.94,1000.5,MEL,Non CORE-Cluster,Prophet
Yo-Chi Balaclava,2027-06-25,4907.2,895.91,8764.5,0.9,13.8535,354.22,49.99,1020.89,MEL,Non CORE-Cluster,Prophet
Yo-Chi Balaclava,2027-06-26,4969.64,1252.25,8767.22,0.9,13.8535,358.73,52.63,1079.5,MEL,Non CORE-Cluster,Prophet
Yo-Chi Balaclava,2027-06-27,5354.94,1384.22,9364.72,0.9,13.8535,386.54,50.67,1224.62,MEL,Non CORE-Cluster,Prophet
Yo-Chi Balaclava,2027-06-28,3674.25,0.0,7547.46,0.9,13.8535,265.22,52.25,844.95,MEL,Non CORE-Cluster,Prophet
Yo-Chi Balaclava,2027-06-29,4107.05,288.43,8212.16,0.9,13.8535,296.46,36.05,832.27,MEL,Non CORE-Cluster,Prophet
Yo-Chi Balaclava,2027-06-30,4201.72,374.56,8190.65,0.9,13.8535,303.3,70.6,956.88,MEL,Non CORE-Cluster,Prophet
Yo-Chi Balaclava,2027-07-01,4201.72,374.56,8190.65,0.9,13.8535,303.3,70.6,956.88,MEL,Non CORE-Cluster,Prophet
Yo-Chi Barangaroo,2026-05-02,20185.13,15181.25,24841.9,0.95,14.4438,1397.5,177.97,1196.18,SYD 1,CORE Cluster,Prophet
Yo-Chi Barangaroo,2026-05-03,17464.51,12198.25,22526.98,0.95,14.4438,1209.14,197.78,1770.61,SYD 1,CORE Cluster,Prophet
Yo-Chi Barangaroo,2026-05-04,9034.66,4264.28,14263.53,0.95,14.4438,625.51,197.46,923.48,SYD 1,CORE Cluster,Prophet
Yo-Chi Barangaroo,2026-05-05,9942.15,5144.95,14760.59,0.95,14.4438,688.33,213.85,1095.6,SYD 1,CORE Cluster,Prophet
Yo-Chi Barangaroo,2026-05-06,9327.14,4502.24,14213.57,0.95,14.4438,645.76,225.37,1421.17,SYD 1,CORE Cluster,Prophet
Yo-Chi Barangaroo,2026-05-07,9442.94,4727.18,15033.84,0.95,14.4438,653.77,220.08,1124.94,SYD 1,CORE Cluster,Prophet
Yo-Chi Barangaroo,2026-05-08,13610.39,8835.29,18605.03,0.95,14.4438,942.3,235.29,1147.4,SYD 1,CORE Cluster,Prophet
Yo-Chi Barangaroo,2026-05-09,17275.95,12257.34,22312.88,0.95,14.4438,1196.08,224.73,1193.19,SYD 1,CORE Cluster,Prophet
Yo-Chi Barangaroo,2026-05-10,14786.0,9865.93,19498.68,0.95,14.4438,1023.69,239.72,1716.37,SYD 1,CORE Cluster,Prophet
Yo-Chi Barangaroo,2026-05-11,6633.72,1649.54,11568.73,0.95,14.4438,459.28,234.3,804.36,SYD 1,CORE Cluster,Prophet
Yo-Chi Barangaroo,2026-05-12,7836.65,2745.4,12950.97,0.95,14.4438,542.56,246.0,928.17,SYD 1,CORE Cluster,Prophet
Yo-Chi Barangaroo,2026-05-13,7547.81,2622.69,12438.76,0.95,14.4438,522.56,253.01,1213.61,SYD 1,CORE Cluster,Prophet
Yo-Chi Barangaroo,2026-05-14,8011.26,3075.64,12821.24,0.95,14.4438,554.65,243.28,877.97,SYD 1,CORE Cluster,Prophet
Yo-Chi Barangaroo,2026-05-15,12536.38,7413.19,17503.13,0.95,14.4438,867.94,254.78,873.95,SYD 1,CORE Cluster,Prophet
Yo-Chi Barangaroo,2026-05-16,16570.79,11996.43,21226.69,0.95,14.4438,1147.26,240.58,903.88,SYD 1,CORE Cluster,Prophet
Yo-Chi Barangaroo,2026-05-17,14463.56,9980.13,19593.66,0.95,14.4438,1001.37,252.83,1427.82,SYD 1,CORE Cluster,Prophet
Yo-Chi Barangaroo,2026-05-18,6700.42,1921.11,12069.1,0.95,14.4438,463.9,244.9,511.73,SYD 1,CORE Cluster,Prophet
Yo-Chi Barangaroo,2026-05-19,8267.52,3175.98,13387.81,0.95,14.4438,572.39,254.87,655.2,SYD 1,CORE Cluster,Prophet
Yo-Chi Barangaroo,2026-05-20,8329.21,3856.46,13380.06,0.95,14.4438,576.66,260.58,973.83,SYD 1,CORE Cluster,Prophet
Yo-Chi Barangaroo,2026-05-21,9119.67,4362.12,13905.01,0.95,14.4438,631.39,249.79,675.52,SYD 1,CORE Cluster,Prophet
Yo-Chi Barangaroo,2026-05-22,13936.99,8847.8,18457.77,0.95,14.4438,964.91,260.96,723.08,SYD 1,CORE Cluster,Prophet
Yo-Chi Barangaroo,2026-05-23,18230.98,13411.48,23117.62,0.95,14.4438,1262.2,246.38,814.33,SYD 1,CORE Cluster,Prophet
Yo-Chi Barangaroo,2026-05-24,16355.4,11155.24,21191.48,0.95,14.4438,1132.35,258.94,1413.22,SYD 1,CORE Cluster,Prophet
Yo-Chi Barangaroo,2026-05-25,8791.25,4024.47,13793.01,0.95,14.4438,608.65,251.16,562.13,SYD 1,CORE Cluster,Prophet
Yo-Chi Barangaroo,2026-05-26,10496.84,5789.22,15476.62,0.95,14.4438,726.74,261.64,787.25,SYD 1,CORE Cluster,Prophet
Yo-Chi Barangaroo,2026-05-27,10652.17,5886.27,15737.01,0.95,14.4438,737.49,267.76,1192.16,SYD 1,CORE Cluster,Prophet
Yo-Chi Barangaroo,2026-05-28,11486.42,6558.27,16401.05,0.95,14.4438,795.25,256.99,973.73,SYD 1,CORE Cluster,Prophet
Yo-Chi Barangaroo,2026-05-29,16291.92,11673.31,21109.6,0.95,14.4438,1127.95,268.29,1103.57,SYD 1,CORE Cluster,Prophet
Yo-Chi Barangaroo,2026-05-30,20526.62,15347.94,25721.47,0.95,14.4438,1421.14,253.12,1273.96,SYD 1,CORE Cluster,Prophet
Yo-Chi Barangaroo,2026-05-31,18555.22,13631.34,23657.01,0.95,14.4438,1284.65,265.09,1952.01,SYD 1,CORE Cluster,Prophet
Yo-Chi Barangaroo,2026-06-01,10288.88,5589.33,14919.45,0.9,14.4438,712.34,242.48,1095.3,SYD 1,CORE Cluster,Prophet
Yo-Chi Barangaroo,2026-06-02,11727.95,6846.48,16474.19,0.9,14.4438,811.97,250.88,1363.45,SYD 1,CORE Cluster,Prophet
Yo-Chi Barangaroo,2026-06-03,11666.29,7221.59,16754.82,0.9,14.4438,807.7,254.58,1793.45,SYD 1,CORE Cluster,Prophet
Yo-Chi Barangaroo,2026-06-04,12217.03,7219.32,17013.31,0.9,14.4438,845.83,241.5,1614.69,SYD 1,CORE Cluster,Prophet
Yo-Chi Barangaroo,2026-06-05,16499.47,11640.54,21333.46,0.9,14.4438,1142.32,249.13,1756.96,SYD 1,CORE Cluster,Prophet
Yo-Chi Barangaroo,2026-06-06,20223.62,15764.89,25117.89,0.9,14.4438,1400.16,230.83,1924.81,SYD 1,CORE Cluster,Prophet
Yo-Chi Barangaroo,2026-06-07,18065.86,13503.55,22688.31,0.9,14.4438,1250.77,238.19,2565.35,SYD 1,CORE Cluster,Prophet
Yo-Chi Barangaroo,2026-06-08,10489.33,5359.12,15523.52,0.9,14.4438,726.22,224.9,1780.43,SYD 1,CORE Cluster,Prophet
Yo-Chi Barangaroo,2026-06-09,11628.2,6752.57,16194.2,0.9,14.4438,805.07,228.66,2015.68,SYD 1,CORE Cluster,Prophet
Yo-Chi Barangaroo,2026-06-10,11276.46,6430.31,15891.52,0.9,14.4438,780.71,227.5,2401.9,SYD 1,CORE Cluster,Prophet
Yo-Chi Barangaroo,2026-06-11,11550.19,7143.0,16084.12,0.9,14.4438,799.67,209.27,2160.91,SYD 1,CORE Cluster,Prophet
Yo-Chi Barangaroo,2026-06-12,15569.66,10847.82,20386.64,0.9,14.4438,1077.95,212.16,2234.02,SYD 1,CORE Cluster,Prophet
Yo-Chi Barangaroo,2026-06-13,19057.67,14534.45,24044.54,0.9,14.4438,1319.44,188.98,2324.01,SYD 1,CORE Cluster,Prophet
Yo-Chi Barangaroo,2026-06-14,16704.58,11692.76,21081.74,0.9,14.4438,1156.52,192.21,2884.57,SYD 1,CORE Cluster,Prophet
Yo-Chi Barangaroo,2026-06-15,8977.18,4050.66,13757.73,0.9,14.4438,621.53,175.01,1998.6,SYD 1,CORE Cluster,Prophet
Yo-Chi Barangaroo,2026-06-16,9989.88,5190.28,14798.98,0.9,14.4438,691.64,175.77,2140.59,SYD 1,CORE Cluster,Prophet
Yo-Chi Barangaroo,2026-06-17,9556.36,4907.92,14124.15,0.9,14.4438,661.62,172.3,2433.86,SYD 1,CORE Cluster,Prophet
Yo-Chi Barangaroo,2026-06-18,9791.02,5050.37,14339.37,0.9,14.4438,677.87,152.41,2093.81,SYD 1,CORE Cluster,Prophet
Yo-Chi Barangaroo,2026-06-19,13809.8,8903.3,18526.9,0.9,14.4438,956.11,154.91,2074.11,SYD 1,CORE Cluster,Prophet
Yo-Chi Barangaroo,2026-06-20,17342.42,13061.18,21816.45,0.9,14.4438,1200.68,132.02,2076.27,SYD 1,CORE Cluster,Prophet
Yo-Chi Barangaroo,2026-06-21,15086.84,10327.83,19785.16,0.9,14.4438,1044.52,137.02,2560.77,SYD 1,CORE Cluster,Prophet
Yo-Chi Barangaroo,2026-06-22,7506.89,2714.96,11995.55,0.9,14.4438,519.73,122.4,1591.32,SYD 1,CORE Cluster,Prophet
Yo-Chi Barangaroo,2026-06-23,8690.39,3893.02,13192.03,0.9,14.4438,601.67,127.11,1670.75,SYD 1,CORE Cluster,Prophet
Yo-Chi Barangaroo,2026-06-24,8463.85,3707.84,13122.31,0.9,14.4438,585.99,128.6,1914.03,SYD 1,CORE Cluster,Prophet
Yo-Chi Barangaroo,2026-06-25,8933.28,4278.51,13637.01,0.9,14.4438,618.49,114.44,1528.98,SYD 1,CORE Cluster,Prophet
Yo-Chi Barangaroo,2026-06-26,13203.85,8474.53,18046.46,0.9,14.4438,914.16,123.93,1480.19,SYD 1,CORE Cluster,Prophet
Yo-Chi Barangaroo,2026-06-27,17006.18,12276.22,21957.33,0.9,14.4438,1177.41,108.44,1466.21,SYD 1,CORE Cluster,Prophet
Yo-Chi Barangaroo,2026-06-28,15040.38,10201.96,19769.74,0.9,14.4438,1041.31,121.91,1952.45,SYD 1,CORE Cluster,Prophet
Yo-Chi Barangaroo,2026-06-29,7762.58,3124.23,12711.03,0.9,14.4438,537.43,115.98,981.42,SYD 1,CORE Cluster,Prophet
Yo-Chi Barangaroo,2026-06-30,9230.04,4836.46,14069.72,0.9,14.4438,639.03,129.97,1082.22,SYD 1,CORE Cluster,Prophet
Yo-Chi Barangaroo,2026-07-01,9279.07,4766.37,13957.09,0.9,14.4438,642.43,140.83,1359.35,SYD 1,CORE Cluster,Prophet
Yo-Chi Barangaroo,2026-07-02,10005.26,5596.12,14993.9,0.9,14.4438,692.7,135.74,1010.97,SYD 1,CORE Cluster,Prophet
Yo-Chi Barangaroo,2026-07-03,14501.96,9534.42,19162.12,0.9,14.4438,1004.03,154.35,1010.58,SYD 1,CORE Cluster,Prophet
Yo-Chi Barangaroo,2026-07-04,18500.77,13514.49,23363.7,0.9,14.4438,1280.88,147.17,1051.91,SYD 1,CORE Cluster,Prophet
Yo-Chi Barangaroo,2026-07-05,16705.13,11941.72,21864.59,0.9,14.4438,1156.56,168.68,1603.61,SYD 1,CORE Cluster,Prophet
Yo-Chi Barangaroo,2026-07-06,9565.66,5155.59,13980.14,0.9,14.4438,662.27,169.66,685.57,SYD 1,CORE Cluster,Prophet
Yo-Chi Barangaroo,2026-07-07,11112.36,6313.32,15840.52,0.9,14.4438,769.35,189.83,851.96,SYD 1,CORE Cluster,Prophet
Yo-Chi Barangaroo,2026-07-08,11195.59,6443.0,16173.94,0.9,14.4438,775.12,205.65,1195.91,SYD 1,CORE Cluster,Prophet
Yo-Chi Barangaroo,2026-07-09,11905.6,7497.41,16635.77,0.9,14.4438,824.27,204.03,905.34,SYD 1,CORE Cluster,Prophet
Yo-Chi Barangaroo,2026-07-10,16329.89,11389.59,21173.22,0.9,14.4438,1130.58,225.06,962.41,SYD 1,CORE Cluster,Prophet
Yo-Chi Barangaroo,2026-07-11,20207.58,15375.92,24917.05,0.9,14.4438,1399.05,218.5,1056.13,SYD 1,CORE Cluster,Prophet
Yo-Chi Barangaroo,2026-07-12,18252.5,13446.63,23184.6,0.9,14.4438,1263.69,239.58,1658.77,SYD 1,CORE Cluster,Prophet
Yo-Chi Barangaroo,2026-07-13,10917.22,6242.75,15643.59,0.9,14.4438,755.84,238.4,768.32,SYD 1,CORE Cluster,Prophet
Yo-Chi Barangaroo,2026-07-14,12212.08,7628.63,17163.76,0.9,14.4438,845.49,255.25,965.01,SYD 1,CORE Cluster,Prophet
Yo-Chi Barangaroo,2026-07-15,12009.1,7016.4,16802.23,0.9,14.4438,831.44,266.37,1331.86,SYD 1,CORE Cluster,Prophet
Yo-Chi Barangaroo,2026-07-16,12400.7,7710.77,16808.53,0.9,14.4438,858.55,258.57,1048.01,SYD 1,CORE Cluster,Prophet
Yo-Chi Barangaroo,2026-07-17,16475.63,11590.39,21503.94,0.9,14.4438,1140.67,272.65,1105.96,SYD 1,CORE Cluster,Prophet
Yo-Chi Barangaroo,2026-07-18,19987.19,14961.77,25001.16,0.9,14.4438,1383.79,257.84,1191.72,SYD 1,CORE Cluster,Prophet
Yo-Chi Barangaroo,2026-07-19,17665.56,12941.68,22517.92,0.9,14.4438,1223.06,270.3,1783.06,SYD 1,CORE Cluster,Prophet
Yo-Chi Barangaroo,2026-07-20,9970.42,5473.95,14514.55,0.9,14.4438,690.29,259.65,857.92,SYD 1,CORE Cluster,Prophet
Yo-Chi Barangaroo,2026-07-21,10896.7,6125.86,15769.73,0.9,14.4438,754.42,266.96,1024.43,SYD 1,CORE Cluster,Prophet
Yo-Chi Barangaroo,2026-07-22,10341.3,5551.28,15182.21,0.9,14.4438,715.97,268.35,1357.27,SYD 1,CORE Cluster,Prophet
Yo-Chi Barangaroo,2026-07-23,10400.85,6001.56,15029.7,0.9,14.4438,720.09,250.68,1028.43,SYD 1,CORE Cluster,Prophet
Yo-Chi Barangaroo,2026-07-24,14166.27,9452.68,18850.02,0.9,14.4438,980.79,255.53,1042.16,SYD 1,CORE Cluster,Prophet
Yo-Chi Barangaroo,2026-07-25,17404.72,12364.46,22123.64,0.9,14.4438,1205.0,231.63,1082.78,SYD 1,CORE Cluster,Prophet
Yo-Chi Barangaroo,2026-07-26,14861.22,10029.15,19840.74,0.9,14.4438,1028.9,236.11,1634.5,SYD 1,CORE Cluster,Prophet
Yo-Chi Barangaroo,2026-07-27,6999.85,2154.51,11617.67,0.9,14.4438,484.63,218.09,655.96,SYD 1,CORE Cluster,Prophet
Yo-Chi Barangaroo,2026-07-28,7796.28,3004.23,12763.97,0.9,14.4438,539.77,219.33,783.62,SYD 1,CORE Cluster,Prophet
Yo-Chi Barangaroo,2026-07-29,7167.39,2431.61,12096.6,0.9,14.4438,496.23,215.76,1083.96,SYD 1,CORE Cluster,Prophet
Yo-Chi Barangaroo,2026-07-30,7208.2,2761.34,11834.45,0.9,14.4438,499.05,194.15,721.65,SYD 1,CORE Cluster,Prophet
Yo-Chi Barangaroo,2026-07-31,11005.14,6462.64,15707.76,0.9,14.4438,761.93,196.68,712.25,SYD 1,CORE Cluster,Prophet
Yo-Chi Barangaroo,2026-08-01,14331.9,9327.67,18865.32,0.9,14.4438,992.25,171.45,737.63,SYD 1,CORE Cluster,Prophet
Yo-Chi Barangaroo,2026-08-02,11940.55,7009.61,16902.72,0.9,14.4438,826.69,176.31,1287.52,SYD 1,CORE Cluster,Prophet
Yo-Chi Barangaroo,2026-08-03,4291.4,0.0,8906.22,0.9,14.4438,297.11,159.67,300.02,SYD 1,CORE Cluster,Prophet
Yo-Chi Barangaroo,2026-08-04,5332.62,840.73,10208.99,0.9,14.4438,369.2,163.76,438.56,SYD 1,CORE Cluster,Prophet
Yo-Chi Barangaroo,2026-08-05,4992.86,269.6,9537.37,0.9,14.4438,345.68,164.09,759.87,SYD 1,CORE Cluster,Prophet
Yo-Chi Barangaroo,2026-08-06,5357.58,820.85,10159.18,0.9,14.4438,370.93,147.12,419.71,SYD 1,CORE Cluster,Prophet
Yo-Chi Barangaroo,2026-08-07,9501.23,4806.08,14023.35,0.9,14.4438,657.81,155.42,443.28,SYD 1,CORE Cluster,Prophet
Yo-Chi Barangaroo,2026-08-08,13197.16,8196.99,17883.23,0.9,14.4438,913.69,136.23,508.33,SYD 1,CORE Cluster,Prophet
Yo-Chi Barangaroo,2026-08-09,11198.36,6493.03,15772.14,0.9,14.4438,775.31,147.98,1108.47,SYD 1,CORE Cluster,Prophet
Yo-Chi Barangaroo,2026-08-10,3956.27,0.0,8453.64,0.9,14.4438,273.91,138.2,159.76,SYD 1,CORE Cluster,Prophet
Yo-Chi Barangaroo,2026-08-11,5387.43,731.36,10045.7,0.9,14.4438,372.99,149.46,351.2,SYD 1,CORE Cluster,Prophet
Yo-Chi Barangaroo,2026-08-12,5429.31,480.22,10213.35,0.9,14.4438,375.89,156.76,728.58,SYD 1,CORE Cluster,Prophet
Yo-Chi Barangaroo,2026-08-13,6156.15,1691.6,11025.05,0.9,14.4438,426.21,146.18,437.73,SYD 1,CORE Cluster,Prophet
Yo-Chi Barangaroo,2026-08-14,10629.94,5710.44,15206.17,0.9,14.4438,735.95,160.69,512.75,SYD 1,CORE Cluster,Prophet
Yo-Chi Barangaroo,2026-08-15,14624.55,9524.54,19242.24,0.9,14.4438,1012.52,146.67,626.76,SYD 1,CORE Cluster,Prophet
Yo-Chi Barangaroo,2026-08-16,12896.04,8270.64,17924.35,0.9,14.4438,892.84,163.16,1277.02,SYD 1,CORE Cluster,Prophet
Yo-Chi Barangaroo,2026-08-17,5890.29,1201.47,10712.29,0.9,14.4438,407.81,156.91,357.6,SYD 1,CORE Cluster,Prophet
Yo-Chi Barangaroo,2026-08-18,7496.67,2708.83,12404.59,0.9,14.4438,519.02,170.96,583.39,SYD 1,CORE Cluster,Prophet
Yo-Chi Barangaroo,2026-08-19,7667.03,3070.6,12422.16,0.9,14.4438,530.82,179.93,989.82,SYD 1,CORE Cluster,Prophet
Yo-Chi Barangaroo,2026-08-20,8470.72,3953.08,13658.05,0.9,14.4438,586.46,169.7,713.6,SYD 1,CORE Cluster,Prophet
Yo-Chi Barangaroo,2026-08-21,12964.46,8062.59,18051.49,0.9,14.4438,897.58,183.81,798.78,SYD 1,CORE Cluster,Prophet
Yo-Chi Barangaroo,2026-08-22,16930.34,12073.53,21981.83,0.9,14.4438,1172.15,167.98,915.06,SYD 1,CORE Cluster,Prophet
Yo-Chi Barangaroo,2026-08-23,15135.56,9900.62,19590.27,0.9,14.4438,1047.89,182.09,1564.74,SYD 1,CORE Cluster,Prophet
Yo-Chi Barangaroo,2026-08-24,8028.69,3178.3,12801.56,0.9,14.4438,555.86,172.29,621.37,SYD 1,CORE Cluster,Prophet
Yo-Chi Barangaroo,2026-08-25,9480.23,4794.48,14122.11,0.9,14.4438,656.35,182.31,827.27,SYD 1,CORE Cluster,Prophet
Yo-Chi Barangaroo,2026-08-26,9464.34,4743.97,14331.2,0.9,14.4438,655.25,186.57,1209.06,SYD 1,CORE Cluster,Prophet
Yo-Chi Barangaroo,2026-08-27,10053.12,5182.38,14931.25,0.9,14.4438,696.02,170.95,895.9,SYD 1,CORE Cluster,Prophet
Yo-Chi Barangaroo,2026-08-28,14304.97,9199.26,19241.33,0.9,14.4438,990.39,179.68,943.21,SYD 1,CORE Cluster,Prophet
Yo-Chi Barangaroo,2026-08-29,18016.36,12459.95,22868.87,0.9,14.4438,1247.34,157.99,1018.66,SYD 1,CORE Cluster,Prophet
Yo-Chi Barangaroo,2026-08-30,15970.87,11035.26,20677.79,0.9,14.4438,1105.73,166.68,1630.76,SYD 1,CORE Cluster,Prophet
Yo-Chi Barangaroo,2026-08-31,8623.94,3680.49,13313.93,0.9,14.4438,597.07,151.39,633.57,SYD 1,CORE Cluster,Prophet
Yo-Chi Barangaroo,2026-09-01,9830.13,4997.32,14467.99,0.9,14.4438,680.58,156.55,797.62,SYD 1,CORE Cluster,Prophet
Yo-Chi Barangaroo,2026-09-02,9587.69,4511.92,14036.22,0.9,14.4438,663.79,156.41,1141.31,SYD 1,CORE Cluster,Prophet
Yo-Chi Barangaroo,2026-09-03,9971.86,5019.41,14519.78,0.9,14.4438,690.39,136.79,786.56,SYD 1,CORE Cluster,Prophet
Yo-Chi Barangaroo,2026-09-04,14041.81,8877.46,19304.59,0.9,14.4438,972.17,142.58,800.21,SYD 1,CORE Cluster,Prophet
Yo-Chi Barangaroo,2026-09-05,17606.27,12644.26,22501.79,0.9,14.4438,1218.95,118.41,847.69,SYD 1,CORE Cluster,Prophet
Yo-Chi Barangaroo,2026-09-06,15461.77,10582.26,20391.85,0.9,14.4438,1070.48,125.87,1443.3,SYD 1,CORE Cluster,Prophet
Yo-Chi Barangaroo,2026-09-07,8066.06,2973.27,12814.19,0.9,14.4438,558.45,109.96,420.89,SYD 1,CORE Cluster,Prophet
Yo-Chi Barangaroo,2026-09-08,9252.18,4550.28,13760.71,0.9,14.4438,640.57,115.66,578.35,SYD 1,CORE Cluster,Prophet
Yo-Chi Barangaroo,2026-09-09,9035.98,4284.77,13670.36,0.9,14.4438,625.6,116.84,924.74,SYD 1,CORE Cluster,Prophet
Yo-Chi Barangaroo,2026-09-10,9488.63,4809.84,14453.95,0.9,14.4438,656.94,99.1,573.49,SYD 1,CORE Cluster,Prophet
Yo-Chi Barangaroo,2026-09-11,13662.38,8767.69,18808.18,0.9,14.4438,945.9,107.8,601.54,SYD 1,CORE Cluster,Prophet
Yo-Chi Barangaroo,2026-09-12,17370.03,11881.94,22489.76,0.9,14.4438,1202.6,86.76,670.65,SYD 1,CORE Cluster,Prophet
Yo-Chi Barangaroo,2026-09-13,15412.89,10369.81,20540.71,0.9,14.4438,1067.1,98.22,1299.42,SYD 1,CORE Cluster,Prophet
Yo-Chi Barangaroo,2026-09-14,8242.85,3310.09,13096.38,0.9,14.4438,570.69,86.35,300.05,SYD 1,CORE Cluster,Prophet
Yo-Chi Barangaroo,2026-09-15,9663.54,4847.81,14644.12,0.9,14.4438,669.05,96.54,496.36,SYD 1,CORE Cluster,Prophet
Yo-Chi Barangaroo,2026-09-16,9701.02,4487.18,14573.82,0.9,14.4438,671.64,102.19,886.79,SYD 1,CORE Cluster,Prophet
Yo-Chi Barangaroo,2026-09-17,10415.7,5688.85,14902.38,0.9,14.4438,721.12,88.56,575.07,SYD 1,CORE Cluster,Prophet
Yo-Chi Barangaroo,2026-09-18,14847.0,9848.13,19756.73,0.9,14.4438,1027.92,101.41,647.22,SYD 1,CORE Cluster,Prophet
Yo-Chi Barangaroo,2026-09-19,18807.04,13631.06,24572.33,0.9,14.4438,1302.09,83.75,760.48,SYD 1,CORE Cluster,Prophet
Yo-Chi Barangaroo,2026-09-20,17098.13,12019.35,22597.75,0.9,14.4438,1183.77,98.47,1437.13,SYD 1,CORE Cluster,Prophet
Yo-Chi Barangaroo,2026-09-21,10163.84,5344.91,14951.91,0.9,14.4438,703.68,88.94,467.34,SYD 1,CORE Cluster,Prophet
Yo-Chi Barangaroo,2026-09-22,11777.26,6741.86,16574.94,0.9,14.4438,815.39,101.01,700.69,SYD 1,CORE Cluster,Prophet
Yo-Chi Barangaroo,2026-09-23,11974.85,7103.23,16766.52,0.9,14.4438,829.07,107.73,1125.07,SYD 1,CORE Cluster,Prophet
Yo-Chi Barangaroo,2026-09-24,12807.77,7918.45,17644.84,0.9,14.4438,886.73,94.14,834.84,SYD 1,CORE Cluster,Prophet
Yo-Chi Barangaroo,2026-09-25,17305.51,12283.34,22325.87,0.9,14.4438,1198.13,106.57,925.66,SYD 1,CORE Cluster,Prophet
Yo-Chi Barangaroo,2026-09-26,21283.54,15591.17,26906.6,0.9,14.4438,1473.54,87.37,1050.99,SYD 1,CORE Cluster,Prophet
Yo-Chi Barangaroo,2026-09-27,19550.5,13950.02,24814.24,0.9,14.4438,1353.56,100.22,1737.73,SYD 1,CORE Cluster,Prophet
Yo-Chi Barangaroo,2026-09-28,12547.89,7433.56,18108.41,0.9,14.4438,868.74,87.93,755.1,SYD 1,CORE Cluster,Prophet
Yo-Chi Barangaroo,2026-09-29,14025.42,9061.68,19298.46,0.9,14.4438,971.04,97.01,979.69,SYD 1,CORE Cluster,Prophet
Yo-Chi Barangaroo,2026-09-30,14037.79,8524.03,19226.85,0.9,14.4438,971.89,100.28,1390.13,SYD 1,CORE Cluster,Prophet
Yo-Chi Barangaroo,2026-10-01,14635.29,9235.49,19838.63,0.9,14.4438,1013.26,82.8,1072.78,SYD 1,CORE Cluster,Prophet
Yo-Chi Barangaroo,2026-10-02,18846.07,13493.73,23901.94,0.9,14.4438,1304.79,91.58,1134.26,SYD 1,CORE Cluster,Prophet
Yo-Chi Barangaroo,2026-10-03,22497.74,16504.23,28202.31,0.9,14.4438,1557.61,68.46,1225.62,SYD 1,CORE Cluster,Prophet
Yo-Chi Barangaroo,2026-10-04,20413.76,14674.15,25641.8,0.9,14.4438,1413.33,78.05,1879.65,SYD 1,CORE Cluster,Prophet
Yo-Chi Barangaroo,2026-10-05,13041.83,7988.64,18452.46,0.9,14.4438,902.94,62.65,845.78,SYD 1,CORE Cluster,Prophet
Yo-Chi Barangaroo,2026-10-06,14115.89,8833.06,19077.97,0.9,14.4438,977.3,69.47,1028.6,SYD 1,CORE Cluster,Prophet
Yo-Chi Barangaroo,2026-10-07,13715.75,8676.99,18743.21,0.9,14.4438,949.6,71.18,1398.38,SYD 1,CORE Cluster,Prophet
Yo-Chi Barangaroo,2026-10-08,13896.77,8549.16,18963.58,0.9,14.4438,962.13,52.75,1034.14,SYD 1,CORE Cluster,Prophet
Yo-Chi Barangaroo,2026-10-09,17690.62,11967.43,23131.96,0.9,14.4438,1224.79,61.88,1053.94,SYD 1,CORE Cluster,Prophet
Yo-Chi Barangaroo,2026-10-10,20940.63,15020.39,26855.04,0.9,14.4438,1449.8,39.77,1106.67,SYD 1,CORE Cluster,Prophet
Yo-Chi Barangaroo,2026-10-11,18487.42,12883.25,23827.0,0.9,14.4438,1279.96,51.87,1731.03,SYD 1,CORE Cluster,Prophet
Yo-Chi Barangaroo,2026-10-12,10785.79,5575.88,15925.86,0.9,14.4438,746.74,39.78,656.5,SYD 1,CORE Cluster,Prophet
Yo-Chi Barangaroo,2026-10-13,11553.46,6296.06,16571.17,0.9,14.4438,799.89,51.27,815.28,SYD 1,CORE Cluster,Prophet
Yo-Chi Barangaroo,2026-10-14,10893.47,5956.12,15977.78,0.9,14.4438,754.2,58.61,1168.66,SYD 1,CORE Cluster,Prophet
Yo-Chi Barangaroo,2026-10-15,10863.0,5814.36,15840.15,0.9,14.4438,752.09,46.53,787.57,SYD 1,CORE Cluster,Prophet
Yo-Chi Barangaroo,2026-10-16,14492.75,9498.72,19725.34,0.9,14.4438,1003.39,63.14,800.59,SYD 1,CORE Cluster,Prophet
Yo-Chi Barangaroo,2026-10-17,17636.07,12068.65,23026.65,0.9,14.4438,1221.02,48.83,853.4,SYD 1,CORE Cluster,Prophet
Yo-Chi Barangaroo,2026-10-18,15144.04,9551.65,20131.7,0.9,14.4438,1048.48,69.62,1489.49,SYD 1,CORE Cluster,Prophet
Yo-Chi Barangaroo,2026-10-19,7470.99,2599.02,12805.9,0.9,14.4438,517.25,66.24,417.16,SYD 1,CORE Cluster,Prophet
Yo-Chi Barangaroo,2026-10-20,8310.12,3166.23,13022.41,0.9,14.4438,575.34,86.79,595.05,SYD 1,CORE Cluster,Prophet
Yo-Chi Barangaroo,2026-10-21,7779.01,2772.88,12808.17,0.9,14.4438,538.57,103.02,974.23,SYD 1,CORE Cluster,Prophet
Yo-Chi Barangaroo,2026-10-22,7927.63,2751.55,12619.51,0.9,14.4438,548.86,99.23,616.41,SYD 1,CORE Cluster,Prophet
Yo-Chi Barangaroo,2026-10-23,11776.66,6391.78,16976.1,0.9,14.4438,815.35,123.88,659.62,SYD 1,CORE Cluster,Prophet
Yo-Chi Barangaroo,2026-10-24,15180.66,9506.61,20747.19,0.9,14.4438,1051.02,116.45,745.35,SYD 1,CORE Cluster,Prophet
Yo-Chi Barangaroo,2026-10-25,12992.7,7587.55,18407.49,0.9,14.4438,899.54,143.51,1421.05,SYD 1,CORE Cluster,Prophet
Yo-Chi Barangaroo,2026-10-26,5658.8,824.17,10530.36,0.9,14.4438,391.78,144.93,373.21,SYD 1,CORE Cluster,Prophet
Yo-Chi Barangaroo,2026-10-27,6840.65,2181.12,11829.55,0.9,14.4438,473.61,169.22,586.35,SYD 1,CORE Cluster,Prophet
Yo-Chi Barangaroo,2026-10-28,6664.29,1669.91,11707.41,0.9,14.4438,461.4,187.66,1001.11,SYD 1,CORE Cluster,Prophet
Yo-Chi Barangaroo,2026-10-29,7167.62,2471.16,11753.34,0.9,14.4438,496.24,184.29,669.78,SYD 1,CORE Cluster,Prophet
Yo-Chi Barangaroo,2026-10-30,11357.64,6147.7,16804.32,0.9,14.4438,786.33,208.07,739.95,SYD 1,CORE Cluster,Prophet
Yo-Chi Barangaroo,2026-10-31,15087.8,9290.05,20105.65,0.9,14.4438,1044.59,197.78,849.2,SYD 1,CORE Cluster,Prophet
Yo-Chi Barangaroo,2026-11-01,13212.26,8079.43,18516.41,0.9,14.4438,914.74,220.77,1549.38,SYD 1,CORE Cluster,Prophet
Yo-Chi Barangaroo,2026-11-02,6169.25,1178.07,11019.81,0.9,14.4438,427.12,216.32,505.75,SYD 1,CORE Cluster,Prophet
Yo-Chi Barangaroo,2026-11-03,7590.88,2646.35,12333.02,0.9,14.4438,525.55,233.57,729.48,SYD 1,CORE Cluster,Prophet
Yo-Chi Barangaroo,2026-11-04,7614.92,2626.43,12367.95,0.9,14.4438,527.21,243.65,1151.56,SYD 1,CORE Cluster,Prophet
Yo-Chi Barangaroo,2026-11-05,8271.75,3166.83,13250.05,0.9,14.4438,572.69,230.61,815.87,SYD 1,CORE Cluster,Prophet
Yo-Chi Barangaroo,2026-11-06,12560.4,7455.86,17722.92,0.9,14.4438,869.61,244.15,880.51,SYD 1,CORE Cluster,Prophet
Yo-Chi Barangaroo,2026-11-07,16339.94,10331.87,22188.67,0.9,14.4438,1131.28,222.63,980.15,SYD 1,CORE Cluster,Prophet
Yo-Chi Barangaroo,2026-11-08,14473.19,8642.78,19601.19,0.9,14.4438,1002.04,234.42,1672.06,SYD 1,CORE Cluster,Prophet
Yo-Chi Barangaroo,2026-11-09,7398.81,2320.61,12118.91,0.9,14.4438,512.25,218.38,601.23,SYD 1,CORE Cluster,Prophet
Yo-Chi Barangaroo,2026-11-10,8727.97,3708.5,13572.54,0.9,14.4438,604.27,224.49,806.39,SYD 1,CORE Cluster,Prophet
Yo-Chi Barangaroo,2026-11-11,8619.1,3448.17,13852.63,0.9,14.4438,596.73,223.83,1209.69,SYD 1,CORE Cluster,Prophet
Yo-Chi Barangaroo,2026-11-12,9103.93,3763.14,13884.03,0.9,14.4438,630.3,200.55,847.29,SYD 1,CORE Cluster,Prophet
Yo-Chi Barangaroo,2026-11-13,13182.24,7290.34,18578.83,0.9,14.4438,912.66,205.19,888.34,SYD 1,CORE Cluster,Prophet
Yo-Chi Barangaroo,2026-11-14,16726.93,10946.21,22655.72,0.9,14.4438,1158.07,175.62,965.06,SYD 1,CORE Cluster,Prophet
Yo-Chi Barangaroo,2026-11-15,14617.12,9026.46,20234.95,0.9,14.4438,1012.0,181.2,1640.35,SYD 1,CORE Cluster,Prophet
Yo-Chi Barangaroo,2026-11-16,7298.65,1694.46,12385.31,0.9,14.4438,505.31,160.29,539.05,SYD 1,CORE Cluster,Prophet
Yo-Chi Barangaroo,2026-11-17,8367.58,3221.43,13631.21,0.9,14.4438,579.32,163.56,727.35,SYD 1,CORE Cluster,Prophet
Yo-Chi Barangaroo,2026-11-18,8007.59,2961.06,13191.9,0.9,14.4438,554.4,161.86,1118.37,SYD 1,CORE Cluster,Prophet
Yo-Chi Barangaroo,2026-11-19,8255.19,3076.55,13433.52,0.9,14.4438,571.54,139.22,740.15,SYD 1,CORE Cluster,Prophet
Yo-Chi Barangaroo,2026-11-20,12112.92,6479.42,17305.52,0.9,14.4438,838.63,146.73,772.43,SYD 1,CORE Cluster,Prophet
Yo-Chi Barangaroo,2026-11-21,15468.18,9338.38,21437.52,0.9,14.4438,1070.92,121.55,844.33,SYD 1,CORE Cluster,Prophet
Yo-Chi Barangaroo,2026-11-22,13215.64,7487.51,18690.25,0.9,14.4438,914.97,133.7,1523.73,SYD 1,CORE Cluster,Prophet
Yo-Chi Barangaroo,2026-11-23,5806.2,1016.54,10489.21,0.9,14.4438,401.99,120.73,414.5,SYD 1,CORE Cluster,Prophet
Yo-Chi Barangaroo,2026-11-24,6817.3,1716.35,11864.64,0.9,14.4438,471.99,133.69,609.55,SYD 1,CORE Cluster,Prophet
Yo-Chi Barangaroo,2026-11-25,6453.21,1471.59,11256.61,0.9,14.4438,446.78,142.9,1012.12,SYD 1,CORE Cluster,Prophet
Yo-Chi Barangaroo,2026-11-26,6749.33,1646.36,11715.26,0.9,14.4438,467.28,131.96,641.36,SYD 1,CORE Cluster,Prophet
Yo-Chi Barangaroo,2026-11-27,10704.15,4955.78,16277.91,0.9,14.4438,741.09,152.26,686.84,SYD 1,CORE Cluster,Prophet
Yo-Chi Barangaroo,2026-11-28,14211.94,8544.41,19762.94,0.9,14.4438,983.95,139.98,773.88,SYD 1,CORE Cluster,Prophet
Yo-Chi Barangaroo,2026-11-29,12174.61,6396.2,18160.08,0.9,14.4438,842.9,165.59,1474.73,SYD 1,CORE Cluster,Prophet
Yo-Chi Barangaroo,2026-11-30,5039.43,581.03,9785.3,0.9,14.4438,348.9,165.66,371.84,SYD 1,CORE Cluster,Prophet
Yo-Chi Barangaroo,2026-12-01,6356.33,1233.91,11160.54,0.9,14.4438,440.07,191.48,584.42,SYD 1,CORE Cluster,Prophet
Yo-Chi Barangaroo,2026-12-02,6341.2,1646.09,11329.81,0.9,14.4438,439.03,212.76,1005.6,SYD 1,CORE Cluster,Prophet
Yo-Chi Barangaroo,2026-12-03,7019.69,1943.43,11687.41,0.9,14.4438,486.0,212.64,645.52,SYD 1,CORE Cluster,Prophet
Yo-Chi Barangaroo,2026-12-04,11377.93,5705.89,16799.72,0.9,14.4438,787.74,242.81,703.6,SYD 1,CORE Cluster,Prophet
Yo-Chi Barangaroo,2026-12-05,15309.44,8368.45,21452.84,0.9,14.4438,1059.93,238.52,801.54,SYD 1,CORE Cluster,Prophet
Yo-Chi Barangaroo,2026-12-06,13716.52,7795.54,19583.09,0.9,14.4438,949.65,270.82,1516.22,SYD 1,CORE Cluster,Prophet
Yo-Chi Barangaroo,2026-12-07,7036.96,2264.26,11788.45,0.9,14.4438,487.2,275.44,409.08,SYD 1,CORE Cluster,Prophet
Yo-Chi Barangaroo,2026-12-08,8788.38,3823.32,13717.19,0.9,14.4438,608.45,304.11,626.11,SYD 1,CORE Cluster,Prophet
Yo-Chi Barangaroo,2026-12-09,9194.79,3934.27,14378.76,0.9,14.4438,636.59,326.16,1050.91,SYD 1,CORE Cluster,Prophet
Yo-Chi Barangaroo,2026-12-10,10269.79,4665.45,15290.13,0.9,14.4438,711.02,324.52,685.25,SYD 1,CORE Cluster,Prophet
Yo-Chi Barangaroo,2026-12-11,14986.29,8872.56,21529.57,0.9,14.4438,1037.56,351.45,739.05,SYD 1,CORE Cluster,Prophet
Yo-Chi Barangaroo,2026-12-12,19237.45,11743.5,26424.67,0.9,14.4438,1331.89,341.6,831.08,SYD 1,CORE Cluster,Prophet
Yo-Chi Barangaroo,2026-12-13,17927.81,10586.2,24592.82,0.9,14.4438,1241.21,366.9,1543.51,SYD 1,CORE Cluster,Prophet
Yo-Chi Barangaroo,2026-12-14,11488.72,5891.72,17239.21,0.9,14.4438,795.41,362.52,417.38,SYD 1,CORE Cluster,Prophet
Yo-Chi Barangaroo,2026-12-15,13409.8,7560.0,19371.01,0.9,14.4438,928.41,380.96,626.05,SYD 1,CORE Cluster,Prophet
Yo-Chi Barangaroo,2026-12-16,13928.57,7577.38,20078.57,0.9,14.4438,964.33,391.42,1044.08,SYD 1,CORE Cluster,Prophet
Yo-Chi Barangaroo,2026-12-17,15052.96,8660.66,21643.7,0.9,14.4438,1042.18,376.91,665.24,SYD 1,CORE Cluster,Prophet
Yo-Chi Barangaroo,2026-12-18,19749.81,12299.78,26601.05,0.9,14.4438,1367.36,390.51,710.26,SYD 1,CORE Cluster,Prophet
Yo-Chi Barangaroo,2026-12-19,23919.78,15988.76,32502.08,0.9,14.4438,1656.06,366.45,795.13,SYD 1,CORE Cluster,Prophet
Yo-Chi Barangaroo,2026-12-20,22477.88,14341.31,30260.68,0.9,14.4438,1556.23,377.68,1507.37,SYD 1,CORE Cluster,Prophet
Yo-Chi Barangaroo,2026-12-21,15857.56,8789.31,22828.38,0.9,14.4438,1097.88,359.01,367.55,SYD 1,CORE Cluster,Prophet
Yo-Chi Barangaroo,2026-12-22,17529.04,10271.65,24254.71,0.9,14.4438,1213.6,363.72,576.18,SYD 1,CORE Cluster,Prophet
Yo-Chi Barangaroo,2026-12-23,17751.78,10667.33,24683.15,0.9,14.4438,1229.03,360.97,998.48,SYD 1,CORE Cluster,Prophet
Yo-Chi Barangaroo,2026-12-24,18536.15,11373.74,25570.63,0.9,14.4438,1283.33,333.82,619.8,SYD 1,CORE Cluster,Prophet
Yo-Chi Barangaroo,2026-12-25,22850.52,14425.01,31073.68,0.9,14.4438,1582.03,336.11,671.2,SYD 1,CORE Cluster,Prophet
Yo-Chi Barangaroo,2026-12-26,26609.95,16852.78,36498.53,0.9,14.4438,1842.31,301.57,765.3,SYD 1,CORE Cluster,Prophet
Yo-Chi Barangaroo,2026-12-27,24746.0,16019.93,33346.65,0.9,14.4438,1713.26,304.06,1494.39,SYD 1,CORE Cluster,Prophet
Yo-Chi Barangaroo,2026-12-28,17699.35,9919.52,24891.75,0.9,14.4438,1225.4,277.82,357.89,SYD 1,CORE Cluster,Prophet
Yo-Chi Barangaroo,2026-12-29,18924.86,11287.58,26269.17,0.9,14.4438,1310.24,276.77,582.86,SYD 1,CORE Cluster,Prophet
Yo-Chi Barangaroo,2026-12-30,18706.85,11348.54,25969.4,0.9,14.4438,1295.15,269.77,1024.53,SYD 1,CORE Cluster,Prophet
Yo-Chi Barangaroo,2026-12-31,19059.86,11789.18,26750.36,0.9,14.4438,1319.59,239.72,659.29,SYD 1,CORE Cluster,Prophet
Yo-Chi Barangaroo,2027-01-01,22954.31,14181.64,31242.17,0.9,14.4438,1589.22,240.97,728.01,SYD 1,CORE Cluster,Prophet
Yo-Chi Barangaroo,2027-01-02,26319.0,17229.41,36266.27,0.9,14.4438,1822.17,206.51,839.52,SYD 1,CORE Cluster,Prophet
Yo-Chi Barangaroo,2027-01-03,24100.22,15225.92,33296.32,0.9,14.4438,1668.55,210.86,1590.55,SYD 1,CORE Cluster,Prophet
Yo-Chi Barangaroo,2027-01-04,16742.97,9649.65,23804.28,0.9,14.4438,1159.18,187.44,459.18,SYD 1,CORE Cluster,Prophet
Yo-Chi Barangaroo,2027-01-05,17682.83,10554.45,25109.39,0.9,14.4438,1224.25,190.59,698.93,SYD 1,CORE Cluster,Prophet
Yo-Chi Barangaroo,2027-01-06,17224.2,9645.51,24453.25,0.9,14.4438,1192.5,188.69,1155.1,SYD 1,CORE Cluster,Prophet
Yo-Chi Barangaroo,2027-01-07,17380.23,10136.06,24726.59,0.9,14.4438,1203.3,164.26,795.27,SYD 1,CORE Cluster,Prophet
Yo-Chi Barangaroo,2027-01-08,21117.25,12563.67,29240.52,0.9,14.4438,1462.03,172.05,870.4,SYD 1,CORE Cluster,Prophet
Yo-Chi Barangaroo,2027-01-09,24371.19,15718.25,34241.33,0.9,14.4438,1687.31,144.16,985.97,SYD 1,CORE Cluster,Prophet
Yo-Chi Barangaroo,2027-01-10,22096.16,13571.86,30374.25,0.9,14.4438,1529.8,155.69,1743.61,SYD 1,CORE Cluster,Prophet
Yo-Chi Barangaroo,2027-01-11,14734.49,7765.24,21150.84,0.9,14.4438,1020.13,139.19,600.68,SYD 1,CORE Cluster,Prophet
Yo-Chi Barangaroo,2027-01-12,15695.54,8766.98,22580.95,0.9,14.4438,1086.66,149.41,837.79,SYD 1,CORE Cluster,Prophet
Yo-Chi Barangaroo,2027-01-13,15297.04,7966.84,22318.82,0.9,14.4438,1059.07,154.22,1290.97,SYD 1,CORE Cluster,Prophet
Yo-Chi Barangaroo,2027-01-14,15544.38,8667.76,22800.29,0.9,14.4438,1076.2,135.88,919.71,SYD 1,CORE Cluster,Prophet
Yo-Chi Barangaroo,2027-01-15,19393.95,11411.11,27480.71,0.9,14.4438,1342.72,149.54,985.75,SYD 1,CORE Cluster,Prophet
Yo-Chi Barangaroo,2027-01-16,22783.57,13341.19,31863.47,0.9,14.4438,1577.4,126.55,1091.84,SYD 1,CORE Cluster,Prophet
Yo-Chi Barangaroo,2027-01-17,20670.73,11789.51,29339.66,0.9,14.4438,1431.12,142.69,1845.12,SYD 1,CORE Cluster,Prophet
Yo-Chi Barangaroo,2027-01-18,13491.39,6746.17,19989.64,0.9,14.4438,934.06,129.82,682.7,SYD 1,CORE Cluster,Prophet
Yo-Chi Barangaroo,2027-01-19,14625.95,8089.26,21990.33,0.9,14.4438,1012.61,143.18,912.66,SYD 1,CORE Cluster,Prophet
Yo-Chi Barangaroo,2027-01-20,14403.62,7537.51,21535.0,0.9,14.4438,997.22,150.37,1362.07,SYD 1,CORE Cluster,Prophet
Yo-Chi Barangaroo,2027-01-21,14821.17,7904.93,21885.45,0.9,14.4438,1026.13,133.47,982.42,SYD 1,CORE Cluster,Prophet
Yo-Chi Barangaroo,2027-01-22,18825.07,10085.11,26389.7,0.9,14.4438,1303.33,148.25,1046.2,SYD 1,CORE Cluster,Prophet
Yo-Chi Barangaroo,2027-01-23,22356.01,13073.99,32570.88,0.9,14.4438,1547.8,125.42,1153.29,SYD 1,CORE Cluster,Prophet
Yo-Chi Barangaroo,2027-01-24,20376.65,11388.89,29224.25,0.9,14.4438,1410.76,141.61,1916.0,SYD 1,CORE Cluster,Prophet
Yo-Chi Barangaroo,2027-01-25,13319.2,6473.32,19750.88,0.9,14.4438,922.14,128.06,750.72,SYD 1,CORE Cluster,Prophet
Yo-Chi Barangaroo,2027-01-26,14538.35,7205.33,21532.13,0.9,14.4438,1006.55,140.69,992.42,SYD 1,CORE Cluster,Prophet
Yo-Chi Barangaroo,2027-01-27,14378.69,7388.6,21654.73,0.9,14.4438,995.49,146.84,1458.47,SYD 1,CORE Cluster,Prophet
Yo-Chi Barangaroo,2027-01-28,14832.69,7468.99,22494.62,0.9,14.4438,1026.93,128.53,1091.59,SYD 1,CORE Cluster,Prophet
Yo-Chi Barangaroo,2027-01-29,18841.6,10014.82,26736.37,0.9,14.4438,1304.48,142.15,1174.15,SYD 1,CORE Cluster,Prophet
Yo-Chi Barangaroo,2027-01-30,22353.86,13088.08,32498.57,0.9,14.4438,1547.65,117.82,1302.21,SYD 1,CORE Cluster,Prophet
Yo-Chi Barangaroo,2027-01-31,20342.27,11567.77,29158.93,0.9,14.4438,1408.38,133.0,2092.34,SYD 1,CORE Cluster,Prophet
Yo-Chi Barangaroo,2027-02-01,13240.24,6628.24,19617.78,0.9,14.4438,916.67,118.31,939.34,SYD 1,CORE Cluster,Prophet
Yo-Chi Barangaroo,2027-02-02,14381.49,7368.25,21995.6,0.9,14.4438,995.69,130.26,1204.21,SYD 1,CORE Cluster,Prophet
Yo-Chi Barangaroo,2027-02-03,14130.46,6403.77,21537.32,0.9,14.4438,978.31,135.91,1693.86,SYD 1,CORE Cluster,Prophet
Yo-Chi Barangaroo,2027-02-04,14479.37,7204.66,21868.11,0.9,14.4438,1002.46,117.11,1341.58,SYD 1,CORE Cluster,Prophet
Yo-Chi Barangaroo,2027-02-05,18367.81,10279.6,26283.29,0.9,14.4438,1271.68,130.83,1439.13,SYD 1,CORE Cluster,Prophet
Yo-Chi Barangaroo,2027-02-06,21755.01,12326.2,31420.48,0.9,14.4438,1506.19,106.48,1578.43,SYD 1,CORE Cluster,Prophet
Yo-Chi Barangaroo,2027-02-07,19626.27,10647.82,27851.94,0.9,14.4438,1358.8,122.26,2380.18,SYD 1,CORE Cluster,Prophet
Yo-Chi Barangaroo,2027-02-08,12417.89,5488.52,19326.55,0.9,14.4438,859.74,108.09,1217.59,SYD 1,CORE Cluster,Prophet
Yo-Chi Barangaroo,2027-02-09,13443.64,6303.41,20502.39,0.9,14.4438,930.76,120.98,1477.98,SYD 1,CORE Cluster,Prophet
Yo-Chi Barangaroo,2027-02-10,13088.09,6197.66,20509.04,0.9,14.4438,906.14,127.62,1958.28,SYD 1,CORE Cluster,Prophet
Yo-Chi Barangaroo,2027-02-11,13342.86,6088.98,19870.83,0.9,14.4438,923.78,109.64,1583.01,SYD 1,CORE Cluster,Prophet
Yo-Chi Barangaroo,2027-02-12,17144.86,9064.18,25171.77,0.9,14.4438,1187.01,124.51,1654.17,SYD 1,CORE Cluster,Prophet
Yo-Chi Barangaroo,2027-02-13,20462.44,10904.94,29551.25,0.9,14.4438,1416.7,100.9,1760.58,SYD 1,CORE Cluster,Prophet
Yo-Chi Barangaroo,2027-02-14,18291.23,9593.59,27057.65,0.9,14.4438,1266.37,117.72,2528.23,SYD 1,CORE Cluster,Prophet
Yo-Chi Barangaroo,2027-02-15,11067.76,4339.68,17133.87,0.9,14.4438,766.26,104.17,1310.07,SYD 1,CORE Cluster,Prophet
Yo-Chi Barangaroo,2027-02-16,12082.85,5121.5,18766.54,0.9,14.4438,836.54,117.77,1521.07,SYD 1,CORE Cluster,Prophet
Yo-Chi Barangaroo,2027-02-17,11737.9,4910.54,19000.1,0.9,14.4438,812.66,124.88,1949.61,SYD 1,CORE Cluster,Prophet
Yo-Chi Barangaroo,2027-02-18,12020.4,5154.48,18576.83,0.9,14.4438,832.22,106.91,1512.87,SYD 1,CORE Cluster,Prophet
Yo-Chi Barangaroo,2027-02-19,15860.99,7543.28,24164.65,0.9,14.4438,1098.12,121.91,1524.45,SYD 1,CORE Cluster,Prophet
Yo-Chi Barangaroo,2027-02-20,19233.59,10600.44,28698.32,0.9,14.4438,1331.62,97.84,1571.38,SYD 1,CORE Cluster,Prophet
Yo-Chi Barangaroo,2027-02-21,17140.72,9023.89,26088.23,0.9,14.4438,1186.72,114.4,2286.07,SYD 1,CORE Cluster,Prophet
Yo-Chi Barangaroo,2027-02-22,10015.9,3381.68,16080.8,0.9,14.4438,693.44,100.14,1002.23,SYD 1,CORE Cluster,Prophet
Yo-Chi Barangaroo,2027-02-23,11124.04,3957.17,17385.36,0.9,14.4438,770.16,113.17,1163.29,SYD 1,CORE Cluster,Prophet
Yo-Chi Barangaroo,2027-02-24,10880.78,4141.88,17743.92,0.9,14.4438,753.32,119.56,1549.59,SYD 1,CORE Cluster,Prophet
Yo-Chi Barangaroo,2027-02-25,11267.36,4481.97,18416.01,0.9,14.4438,780.08,100.61,1071.28,SYD 1,CORE Cluster,Prophet
Yo-Chi Barangaroo,2027-02-26,15206.51,7245.57,23596.4,0.9,14.4438,1052.81,114.96,1053.6,SYD 1,CORE Cluster,Prophet
Yo-Chi Barangaroo,2027-02-27,18676.53,9547.43,28289.12,0.9,14.4438,1293.05,89.96,1081.47,SYD 1,CORE Cluster,Prophet
Yo-Chi Barangaroo,2027-02-28,16686.27,8145.32,24990.72,0.9,14.4438,1155.26,106.11,1793.21,SYD 1,CORE Cluster,Prophet
Yo-Chi Barangaroo,2027-03-01,9666.17,2998.54,16196.36,0.9,14.4438,669.23,91.32,502.38,SYD 1,CORE Cluster,Prophet
Yo-Chi Barangaroo,2027-03-02,10855.71,4253.16,17269.78,0.9,14.4438,751.58,104.31,679.73,SYD 1,CORE Cluster,Prophet
Yo-Chi Barangaroo,2027-03-03,10685.77,3923.34,17362.56,0.9,14.4438,739.82,110.87,1096.22,SYD 1,CORE Cluster,Prophet
Yo-Chi Barangaroo,2027-03-04,11132.82,3993.55,17826.46,0.9,14.4438,770.77,92.14,653.35,SYD 1,CORE Cluster,Prophet
Yo-Chi Barangaroo,2027-03-05,15113.54,7403.09,23483.55,0.9,14.4438,1046.37,107.32,686.17,SYD 1,CORE Cluster,Prophet
Yo-Chi Barangaroo,2027-03-06,18612.93,9287.67,28170.73,0.9,14.4438,1288.65,83.09,775.6,SYD 1,CORE Cluster,Prophet
Yo-Chi Barangaroo,2027-03-07,16648.66,8163.42,25722.63,0.9,14.4438,1152.65,100.68,1563.81,SYD 1,CORE Cluster,Prophet
Yo-Chi Barangaroo,2027-03-08,9650.9,3267.98,16303.82,0.9,14.4438,668.17,87.31,342.14,SYD 1,CORE Cluster,Prophet
Yo-Chi Barangaroo,2027-03-09,10836.59,4178.93,17115.42,0.9,14.4438,750.26,102.21,606.66,SYD 1,CORE Cluster,Prophet
Yo-Chi Barangaroo,2027-03-10,10654.82,4382.79,16983.61,0.9,14.4438,737.68,110.78,1116.93,SYD 1,CORE Cluster,Prophet
Yo-Chi Barangaroo,2027-03-11,11080.18,3661.92,17937.19,0.9,14.4438,767.13,93.93,763.95,SYD 1,CORE Cluster,Prophet
Yo-Chi Barangaroo,2027-03-12,15026.14,6940.74,22958.8,0.9,14.4438,1040.32,111.35,890.95,SYD 1,CORE Cluster,Prophet
Yo-Chi Barangaroo,2027-03-13,18486.96,9060.8,28353.89,0.9,14.4438,1279.93,88.94,1073.38,SYD 1,CORE Cluster,Prophet
Yo-Chi Barangaroo,2027-03-14,16491.5,7616.15,25145.29,0.9,14.4438,1141.77,108.61,1956.11,SYD 1,CORE Cluster,Prophet
Yo-Chi Barangaroo,2027-03-15,9471.62,3481.45,16106.0,0.9,14.4438,655.76,96.82,807.48,SYD 1,CORE Cluster,Prophet
Yo-Chi Barangaroo,2027-03-16,10623.35,3742.27,17547.5,0.9,14.4438,735.5,113.26,1148.32,SYD 1,CORE Cluster,Prophet
Yo-Chi Barangaroo,2027-03-17,10415.12,3471.87,17090.67,0.9,14.4438,721.08,122.92,1726.7,SYD 1,CORE Cluster,Prophet
Yo-Chi Barangaroo,2027-03-18,10820.37,3929.99,17616.97,0.9,14.4438,749.14,106.48,1423.38,SYD 1,CORE Cluster,Prophet
Yo-Chi Barangaroo,2027-03-19,14749.52,6455.91,22848.25,0.9,14.4438,1021.17,124.11,1590.41,SYD 1,CORE Cluster,Prophet
Yo-Chi Barangaroo,2027-03-20,18205.81,8878.88,27686.27,0.9,14.4438,1260.46,100.98,1798.81,SYD 1,CORE Cluster,Prophet
Yo-Chi Barangaroo,2027-03-21,16228.49,7137.22,24486.9,0.9,14.4438,1123.56,119.73,2697.52,SYD 1,CORE Cluster,Prophet
Yo-Chi Barangaroo,2027-03-22,9249.83,2532.65,15920.03,0.9,14.4438,640.4,106.13,1533.53,SYD 1,CORE Cluster,Prophet
Yo-Chi Barangaroo,2027-03-23,10443.24,3320.98,17478.85,0.9,14.4438,723.03,120.41,1854.48,SYD 1,CORE Cluster,Prophet
Yo-Chi Barangaroo,2027-03-24,10294.39,3409.28,17160.39,0.9,14.4438,712.72,127.3,2399.15,SYD 1,CORE Cluster,Prophet
Yo-Chi Barangaroo,2027-03-25,10773.07,3939.09,17835.53,0.9,14.4438,745.86,107.33,2040.48,SYD 1,CORE Cluster,Prophet
Yo-Chi Barangaroo,2027-03-26,14783.92,6310.33,23416.64,0.9,14.4438,1023.55,121.29,2141.89,SYD 1,CORE Cluster,Prophet
Yo-Chi Barangaroo,2027-03-27,18336.19,8529.08,28156.04,0.9,14.4438,1269.49,93.77,2272.53,SYD 1,CORE Cluster,Prophet
Yo-Chi Barangaroo,2027-03-28,16476.4,7471.77,25554.29,0.9,14.4438,1140.73,108.27,3088.04,SYD 1,CORE Cluster,Prophet
Yo-Chi Barangaroo,2027-03-29,9634.09,2758.97,16250.52,0.9,14.4438,667.01,89.99,1816.59,SYD 1,CORE Cluster,Prophet
Yo-Chi Barangaroo,2027-03-30,10956.86,3873.26,18048.17,0.9,14.4438,758.59,99.87,2034.94,SYD 1,CORE Cluster,Prophet
Yo-Chi Barangaroo,2027-03-31,10944.57,3526.56,18454.65,0.9,14.4438,757.74,102.46,2474.81,SYD 1,CORE Cluster,Prophet
Yo-Chi Barangaroo,2027-04-01,11560.52,4161.87,19180.59,0.9,14.4438,800.38,78.24,2003.17,SYD 1,CORE Cluster,Prophet
Yo-Chi Barangaroo,2027-04-02,15700.93,6438.36,24689.48,0.9,14.4438,1087.04,88.74,1996.37,SYD 1,CORE Cluster,Prophet
Yo-Chi Barangaroo,2027-04-03,19378.78,7681.9,29844.78,0.9,14.4438,1341.67,57.98,2022.95,SYD 1,CORE Cluster,Prophet
Yo-Chi Barangaroo,2027-04-04,17645.95,7889.89,27681.09,0.9,14.4438,1221.7,70.39,2745.98,SYD 1,CORE Cluster,Prophet
Yo-Chi Barangaroo,2027-04-05,10927.77,3716.73,17736.99,0.9,14.4438,756.57,50.6,1375.2,SYD 1,CORE Cluster,Prophet
Yo-Chi Barangaroo,2027-04-06,12345.09,3971.88,20591.8,0.9,14.4438,854.7,60.23,1516.43,SYD 1,CORE Cluster,Prophet
Yo-Chi Barangaroo,2027-04-07,12411.5,4053.97,20245.9,0.9,14.4438,859.3,63.58,1893.74,SYD 1,CORE Cluster,Prophet
Yo-Chi Barangaroo,2027-04-08,13083.85,5067.38,21097.08,0.9,14.4438,905.85,41.06,1367.21,SYD 1,CORE Cluster,Prophet
Yo-Chi Barangaroo,2027-04-09,17250.61,7031.77,27697.67,0.9,14.4438,1194.33,54.76,1324.73,SYD 1,CORE Cluster,Prophet
Yo-Chi Barangaroo,2027-04-10,20929.66,9157.02,33396.11,0.9,14.4438,1449.04,28.06,1332.41,SYD 1,CORE Cluster,Prophet
Yo-Chi Barangaroo,2027-04-11,19179.93,8045.51,30380.78,0.9,14.4438,1327.9,46.11,2058.67,SYD 1,CORE Cluster,Prophet
Yo-Chi Barangaroo,2027-04-12,12424.77,3973.15,20005.95,0.9,14.4438,860.22,32.84,692.39,SYD 1,CORE Cluster,Prophet
Yo-Chi Barangaroo,2027-04-13,13760.92,4966.54,22519.88,0.9,14.4438,952.72,50.33,865.83,SYD 1,CORE Cluster,Prophet
Yo-Chi Barangaroo,2027-04-14,13718.79,4739.95,22205.24,0.9,14.4438,949.81,62.48,1292.61,SYD 1,CORE Cluster,Prophet
Yo-Chi Barangaroo,2027-04-15,14252.22,5247.5,22897.66,0.9,14.4438,986.74,49.36,823.05,SYD 1,CORE Cluster,Prophet
Yo-Chi Barangaroo,2027-04-16,18245.63,8199.48,29613.0,0.9,14.4438,1263.22,73.49,853.67,SYD 1,CORE Cluster,Prophet
Yo-Chi Barangaroo,2027-04-17,21725.7,8220.44,34626.75,0.9,14.4438,1504.16,57.36,945.34,SYD 1,CORE Cluster,Prophet
Yo-Chi Barangaroo,2027-04-18,19762.48,8696.94,31355.44,0.9,14.4438,1368.24,86.72,1769.18,SYD 1,CORE Cluster,Prophet
Yo-Chi Barangaroo,2027-04-19,12781.41,4648.91,21606.18,0.9,14.4438,884.91,84.59,490.74,SYD 1,CORE Cluster,Prophet
Yo-Chi Barangaroo,2027-04-20,13859.16,4848.6,23308.58,0.9,14.4438,959.52,113.4,766.54,SYD 1,CORE Cluster,Prophet
Yo-Chi Barangaroo,2027-04-21,13546.86,4352.76,22646.89,0.9,14.4438,937.9,136.51,1297.95,SYD 1,CORE Cluster,Prophet
Yo-Chi Barangaroo,2027-04-22,13799.05,4979.16,22848.8,0.9,14.4438,955.36,133.6,924.07,SYD 1,CORE Cluster,Prophet
Yo-Chi Barangaroo,2027-04-23,17499.48,6823.32,28185.35,0.9,14.4438,1211.56,167.55,1049.1,SYD 1,CORE Cluster,Prophet
Yo-Chi Barangaroo,2027-04-24,20686.65,8294.41,32853.81,0.9,14.4438,1432.22,159.97,1228.15,SYD 1,CORE Cluster,Prophet
Yo-Chi Barangaroo,2027-04-25,18444.31,7256.41,29758.87,0.9,14.4438,1276.97,197.2,2134.98,SYD 1,CORE Cluster,Prophet
Yo-Chi Barangaroo,2027-04-26,11202.07,4154.14,19493.01,0.9,14.4438,775.56,201.43,912.28,SYD 1,CORE Cluster,Prophet
Yo-Chi Barangaroo,2027-04-27,12018.05,4212.86,20232.45,0.9,14.4438,832.06,235.53,1241.76,SYD 1,CORE Cluster,Prophet
Yo-Chi Barangaroo,2027-04-28,11465.03,3869.79,19557.96,0.9,14.4438,793.77,262.44,1813.95,SYD 1,CORE Cluster,Prophet
Yo-Chi Barangaroo,2027-04-29,11498.54,3487.82,19605.57,0.9,14.4438,796.09,261.62,1458.53,SYD 1,CORE Cluster,Prophet
Yo-Chi Barangaroo,2027-04-30,15001.3,5065.47,25276.77,0.9,14.4438,1038.6,296.47,1589.55,SYD 1,CORE Cluster,Prophet
Yo-Chi Barangaroo,2027-05-01,18022.69,6671.33,29506.71,0.9,14.4438,1247.78,287.94,1758.89,SYD 1,CORE Cluster,Prophet
Yo-Chi Barangaroo,2027-05-02,15658.51,5576.25,25758.36,0.9,14.4438,1084.1,323.16,2645.69,SYD 1,CORE Cluster,Prophet
Yo-Chi Barangaroo,2027-05-03,8340.29,1373.8,14953.16,0.9,14.4438,577.43,323.73,1372.69,SYD 1,CORE Cluster,Prophet
Yo-Chi Barangaroo,2027-05-04,9104.81,2342.83,16191.19,0.9,14.4438,630.36,353.19,1649.84,SYD 1,CORE Cluster,Prophet
Yo-Chi Barangaroo,2027-05-05,8543.11,1549.29,15817.65,0.9,14.4438,591.47,374.27,2159.84,SYD 1,CORE Cluster,Prophet
Yo-Chi Barangaroo,2027-05-06,8607.9,1666.9,15578.47,0.9,14.4438,595.96,366.45,1725.93,SYD 1,CORE Cluster,Prophet
Yo-Chi Barangaroo,2027-05-07,12176.67,3296.5,20634.95,0.9,14.4438,843.04,393.83,1774.84,SYD 1,CORE Cluster,Prophet
Yo-Chi Barangaroo,2027-05-08,15305.05,5420.05,25460.14,0.9,14.4438,1059.63,376.89,1857.77,SYD 1,CORE Cluster,Prophet
Yo-Chi Barangaroo,2027-05-09,13096.11,4018.32,22495.84,0.9,14.4438,906.7,403.7,2661.51,SYD 1,CORE Cluster,Prophet
Yo-Chi Barangaroo,2027-05-10,5978.34,193.51,11800.73,0.9,14.4438,413.9,395.4,1290.82,SYD 1,CORE Cluster,Prophet
Yo-Chi Barangaroo,2027-05-11,6962.12,525.6,13248.54,0.9,14.4438,482.02,416.28,1485.33,SYD 1,CORE Cluster,Prophet
Yo-Chi Barangaroo,2027-05-12,6651.81,924.09,13059.01,0.9,14.4438,460.53,428.93,1920.93,SYD 1,CORE Cluster,Prophet
Yo-Chi Barangaroo,2027-05-13,6992.42,721.68,13109.33,0.9,14.4438,484.11,412.83,1414.98,SYD 1,CORE Cluster,Prophet
Yo-Chi Barangaroo,2027-05-14,10851.58,2952.57,19301.57,0.9,14.4438,751.3,432.8,1406.85,SYD 1,CORE Cluster,Prophet
Yo-Chi Barangaroo,2027-05-15,14286.9,4129.95,23998.81,0.9,14.4438,989.14,408.76,1446.56,SYD 1,CORE Cluster,Prophet
Yo-Chi Barangaroo,2027-05-16,12404.86,3782.83,22084.56,0.9,14.4438,858.84,429.64,2227.57,SYD 1,CORE Cluster,Prophet
Yo-Chi Barangaroo,2027-05-17,5627.5,6.36,11323.01,0.9,14.4438,389.61,415.98,835.08,SYD 1,CORE Cluster,Prophet
Yo-Chi Barangaroo,2027-05-18,6936.01,52.2,13473.65,0.9,14.4438,480.21,432.64,1036.51,SYD 1,CORE Cluster,Prophet
Yo-Chi Barangaroo,2027-05-19,6945.9,453.96,13378.56,0.9,14.4438,480.89,441.94,1498.56,SYD 1,CORE Cluster,Prophet
Yo-Chi Barangaroo,2027-05-20,7592.98,544.68,13982.41,0.9,14.4438,525.69,423.11,1030.0,SYD 1,CORE Cluster,Prophet
Yo-Chi Barangaroo,2027-05-21,11734.27,2645.53,20612.09,0.9,14.4438,812.41,441.5,1079.92,SYD 1,CORE Cluster,Prophet
Yo-Chi Barangaroo,2027-05-22,15429.35,4537.2,26263.65,0.9,14.4438,1068.24,416.23,1194.02,SYD 1,CORE Cluster,Prophet
Yo-Chi Barangaroo,2027-05-23,13788.81,4346.33,24144.27,0.9,14.4438,954.65,436.9,2069.16,SYD 1,CORE Cluster,Prophet
Yo-Chi Barangaroo,2027-05-24,7229.77,790.81,13826.04,0.9,14.4438,500.55,423.21,767.77,SYD 1,CORE Cluster,Prophet
Yo-Chi Barangaroo,2027-05-25,8706.45,1674.0,16191.14,0.9,14.4438,602.78,440.44,1081.81,SYD 1,CORE Cluster,Prophet
Yo-Chi Barangaroo,2027-05-26,8848.38,1205.42,16382.35,0.9,14.4438,612.61,450.41,1665.82,SYD 1,CORE Cluster,Prophet
Yo-Chi Barangaroo,2027-05-27,9585.79,1542.67,17210.31,0.9,14.4438,663.66,432.0,1317.18,SYD 1,CORE Cluster,Prophet
Yo-Chi Barangaroo,2027-05-28,13769.19,3507.61,24864.07,0.9,14.4438,953.3,450.94,1492.24,SYD 1,CORE Cluster,Prophet
Yo-Chi Barangaroo,2027-05-29,17464.78,4270.37,29178.52,0.9,14.4438,1209.16,425.49,1730.3,SYD 1,CORE Cluster,Prophet
Yo-Chi Barangaroo,2027-05-30,15792.31,4650.26,27048.2,0.9,14.4438,1093.36,445.87,2730.01,SYD 1,CORE Cluster,Prophet
Yo-Chi Barangaroo,2027-05-31,9169.38,2075.29,16692.58,0.9,14.4438,634.83,430.95,1529.85,SYD 1,CORE Cluster,Prophet
Yo-Chi Barangaroo,2027-06-01,10528.81,2137.26,19014.0,0.9,14.4438,728.95,446.45,1945.75,SYD 1,CORE Cluster,Prophet
Yo-Chi Barangaroo,2027-06-02,10519.87,2619.78,19129.86,0.9,14.4438,728.33,453.77,2619.99,SYD 1,CORE Cluster,Prophet
Yo-Chi Barangaroo,2027-06-03,11072.84,1810.11,19828.88,0.9,14.4438,766.62,431.57,2339.06,SYD 1,CORE Cluster,Prophet
Yo-Chi Barangaroo,2027-06-04,15037.27,3867.4,26431.97,0.9,14.4438,1041.09,446.1,2567.59,SYD 1,CORE Cluster,Prophet
Yo-Chi Barangaroo,2027-06-05,18491.28,4404.69,31928.52,0.9,14.4438,1280.22,414.96,2840.0,SYD 1,CORE Cluster,Prophet
Yo-Chi Barangaroo,2027-06-06,16568.74,4364.24,29046.25,0.9,14.4438,1147.12,429.16,3858.73,SYD 1,CORE Cluster,Prophet
Yo-Chi Barangaroo,2027-06-07,9692.14,2194.55,17603.3,0.9,14.4438,671.03,407.01,2640.77,SYD 1,CORE Cluster,Prophet
Yo-Chi Barangaroo,2027-06-08,10776.82,1844.06,19781.45,0.9,14.4438,746.12,414.87,3028.81,SYD 1,CORE Cluster,Prophet
Yo-Chi Barangaroo,2027-06-09,10495.02,2056.64,18894.99,0.9,14.4438,726.61,413.99,3655.96,SYD 1,CORE Cluster,Prophet
Yo-Chi Barangaroo,2027-06-10,10779.59,2602.27,19130.01,0.9,14.4438,746.31,383.04,3301.1,SYD 1,CORE Cluster,Prophet
Yo-Chi Barangaroo,2027-06-11,14480.88,4109.15,25539.3,0.9,14.4438,1002.57,389.03,3440.54,SYD 1,CORE Cluster,Prophet
Yo-Chi Barangaroo,2027-06-12,17689.78,5095.13,31195.53,0.9,14.4438,1224.73,349.1,3607.32,SYD 1,CORE Cluster,Prophet
Yo-Chi Barangaroo,2027-06-13,15554.3,3938.42,27296.09,0.9,14.4438,1076.89,355.27,4511.02,SYD 1,CORE Cluster,Prophet
Yo-Chi Barangaroo,2027-06-14,8501.0,876.57,15749.13,0.9,14.4438,588.56,325.39,3150.42,SYD 1,CORE Cluster,Prophet
Yo-Chi Barangaroo,2027-06-15,9426.02,2044.3,17757.27,0.9,14.4438,652.6,326.64,3397.95,SYD 1,CORE Cluster,Prophet
Yo-Chi Barangaroo,2027-06-16,9022.04,1885.96,16756.16,0.9,14.4438,624.63,320.17,3880.28,SYD 1,CORE Cluster,Prophet
Yo-Chi Barangaroo,2027-06-17,9221.14,862.15,16899.65,0.9,14.4438,638.42,284.7,3371.0,SYD 1,CORE Cluster,Prophet
Yo-Chi Barangaroo,2027-06-18,12870.37,2964.59,23046.13,0.9,14.4438,891.07,287.98,3360.01,SYD 1,CORE Cluster,Prophet
Yo-Chi Barangaroo,2027-06-19,16068.74,4226.31,28166.61,0.9,14.4438,1112.5,246.65,3380.32,SYD 1,CORE Cluster,Prophet
Yo-Chi Barangaroo,2027-06-20,13973.12,2656.74,24960.61,0.9,14.4438,967.41,253.58,4149.58,SYD 1,CORE Cluster,Prophet
Yo-Chi Barangaroo,2027-06-21,7008.44,122.3,13664.7,0.9,14.4438,485.22,226.07,2648.64,SYD 1,CORE Cluster,Prophet
Yo-Chi Barangaroo,2027-06-22,8045.64,1153.6,15307.77,0.9,14.4438,557.03,231.87,2779.49,SYD 1,CORE Cluster,Prophet
Yo-Chi Barangaroo,2027-06-23,7791.61,647.18,15188.38,0.9,14.4438,539.44,231.82,3161.58,SYD 1,CORE Cluster,Prophet
Yo-Chi Barangaroo,2027-06-24,8171.41,453.96,15616.33,0.9,14.4438,565.74,204.4,2561.94,SYD 1,CORE Cluster,Prophet
Yo-Chi Barangaroo,2027-06-25,12022.64,2324.02,22142.75,0.9,14.4438,832.38,217.82,2482.26,SYD 1,CORE Cluster,Prophet
Yo-Chi Barangaroo,2027-06-26,15446.42,2736.09,27943.75,0.9,14.4438,1069.42,187.88,2453.36,SYD 1,CORE Cluster,Prophet
Yo-Chi Barangaroo,2027-06-27,13602.92,2955.01,24707.33,0.9,14.4438,941.78,208.02,3198.36,SYD 1,CORE Cluster,Prophet
Yo-Chi Barangaroo,2027-06-28,6910.31,0.0,13692.61,0.9,14.4438,478.43,194.62,1677.32,SYD 1,CORE Cluster,Prophet
Yo-Chi Barangaroo,2027-06-29,8209.82,1007.86,15700.58,0.9,14.4438,568.4,215.72,1818.69,SYD 1,CORE Cluster,Prophet
Yo-Chi Barangaroo,2027-06-30,8218.77,550.34,15684.8,0.9,14.4438,569.02,231.52,2231.42,SYD 1,CORE Cluster,Prophet
Yo-Chi Barangaroo,2027-07-01,8218.77,550.34,15684.8,0.9,14.4438,569.02,231.52,2231.42,SYD 1,CORE Cluster,Prophet
